place_id,name,address,lat,lng,rating,total_ratings,price_level,busyness_score,types,phone,website,open_now,review_count,review_texts,avg_review_rating,collected_at
ChIJHUfOnHJZ4joRrAUneWixH1g,Domino's Pizza - Union Place,"505 Union Pl, Colombo 00200, Sri Lanka",6.917878000000001,79.863391,3.8,2421.0,2.0,60.9,"establishment, food, meal_delivery, meal_takeaway, point_of_interest, restaurant",0117 777 888,,True,5,"I visited this Domino’s outlet recently, and my experience was just okay. The pizza was fine, but it didn’t taste as good as I expected. The service was a little slow, and the place didn’t feel very welcoming. Prices are reasonable, but they really need to improve the taste and service. I hope they do better next time. | Had the Heart Shaped Pizza Combo at Domino’s Pizza - Union Place and it was such a cute and delicious experience! ❤️🍕 The pizza was fresh, cheesy, and perfectly baked, and the combo was totally worth it.

A special thank you to Bevan at cashier for the excellent service. His attitude was extremely good — very friendly, professional, and attentive throughout. He really made the whole experience even better.

Good food and outstanding customer service. Highly recommend this branch! 👏✨ | I placed an order for the Iftar Combo through the Domino’s app on 27th February at 5:50 PM for pickup from the Union Place outlet. The app indicated that the order was ready at 6:07 PM. I arrived at 6:12 PM; however, the order was not prepared and the staff appeared to be occupied with arranging the outlet.
When I inquired with the cashier, I was informed it would be ready within 5 minutes, but the delay continued. In total, I waited nearly 40 minutes to receive my order, which unfortunately caused me to miss Iftar despite ordering in advance.
What was particularly disappointing was the lack of acknowledgment or apology for the delay and inconvenience. During peak Iftar hours, timely service and clear communication are essential and this was not delivered.
The food quality did not meet expectations. The pizza was one of the least enjoyable I have had it lacked freshness and flavour and overall it was not tasty at all. Considering the total bill of Rs. 3,999, the experience did not reflect value for money.
I sincerely hope the management reviews both operational efficiency and food quality standards, especially during high-demand periods, to prevent similar experiences in the future. | There’s something comforting about a Domino's pizza, and the Union Place location in Colombo is my reliable spot for satisfying that specific craving. It's not a fancy Italian restaurant experience; it's a bustling, practical place that delivers exactly what you expect: fast, hot, and satisfying comfort food.
What I Love About It:
The best part is the consistency. The pizza always tastes exactly like it should. Their local favorites, like the Hot Chilli Chicken and the Double Chicken, have that familiar flavor profile that just hits right every time. The staff here generally keep things moving efficiently and usually have a friendly attitude, even during the lunch rush.
It's also great for value. I usually take advantage of their ongoing deals, which makes feeding a group of friends affordable. The garlic bread is a must-have side, and wrapping up the meal with a warm Choco Lava Cake is a perfect ending.
Things to Keep in Mind:
The atmosphere is definitely ""fast-food busy."" If you go during a peak hour (like a Friday night dinner rush), you might have to wait a little longer, and the dining area can get quite crowded. It's a quick-stop kind of place, not somewhere you linger for a quiet, relaxed dinner.
Overall Verdict:
For a satisfying, tasty pizza experience that delivers exactly what the international chain promises, the Union Place location is a solid choice. It's a great spot for a quick, affordable meal when you're in the area and need that reliable Domino's flavor. | Food and service are generally good, though it can get a bit hectic during busy hours and finding a table isn’t always easy. One downside is the lack of parking right in front, which can be inconvenient.

Overall experience has been positive, although on my last visit the volcano pizza arrived late and dried out. Still, apart from that, it’s a decent spot. The space is a bit smaller compared to some other Domino’s branches but manageable.",3.8,2026-05-02T08:06:56.971627+00:00
ChIJ3aqqqhVZ4joRnvOrePUKNlE,Thilhara Colombo,"75 Union Pl, Colombo 00200, Sri Lanka",6.9223855,79.853865,3.7,339.0,,60.1,"establishment, food, lodging, point_of_interest, restaurant",0112 333 880,,False,5,"I had a great one nigth stay at this hotel. The location is really good, very central, 20min by walk to the Galle Face Shopping mall and the coast line. Room was big, with a balcanoy, central hot water, A/C, clean and tidy. Stuff was very friendly and welcoming. Overall a good place to stay if you are looking for something with good price and location. | The hotel provided a pleasant experience overall during my visit. The accommodations were clean and well-maintained, creating a comfortable atmosphere. I especially appreciated the service from the staff, who were always attentive and responsive. The reception boy was particularly sweet and incredibly helpful throughout my stay. Therefore, I would recommend this hotel to anyone traveling to the city. | Hamdha service was great. He arranged our taxi to the airport in short notice.
Rooms were nice and very comfortable.
Linda weird for the bathrooms to have a semi transparent door, but ok | Good experience, the staff is kind and professional, the rooms are clean and comfortable. Strongly recommended it | I would not recommend the hotel. Yes, staff are friendly and helpful but that's were it stops.

After driving many hours we were looking to having a warm shower. Standing under the shower waiting for the water to warm up, came to the realization it's not going to happen. Inquired at the desk a was told it was broken. My thinking was this should be a priority for the comfort of you guests, not here. No hot water for 3 days we stay.

The rooms are not clean, mold in the bathroom. Friday night no lighting in the hallways. This place could use a good cleaning and some fresh paint.",4.0,2026-05-02T08:06:56.971627+00:00
ChIJ5UWRwRRZ4joRmm2f_-Y6pdo,FLOW,"200 Union Pl, Colombo 00200, Sri Lanka",6.9207704,79.8561068,4.4,1235.0,3.0,60.2,"establishment, food, point_of_interest, restaurant",0115 344 644,https://sites.google.com/view/hiltoncolomboresidences/dining/flow,True,5,"Fantastic selection for the price (I don't remember the exact price but there was a 25% off HSBC Card offer that made the price person about LKR5500!).

All the meats (especially the pork and lamb) were well seasoned and done to perfection. I've had so many styles of pork ribs (i lived in Texas for 4 years so I know good ribs) I can say by far, yesterday's was the best I have ever had (I ate 7 🤣). It was spicy and so well marinated - catered to our palette. The chicken Tikka masala curry was so yummy, my parents were discussing how it tastes like the ones we had in India itself! I loved the cheese selection as well. The mushroom soup was to die for - the strong mushroom taste was right up my alley. Even the action stations did a good job. I loved the selection of pickles and the tasty salad dressings as well. Oh and the desserts! I came in November last year and the 1 complaint we had was that the deserts were not great at the time. But now? It was phenomenal. Cheesecake was light and airy, the Lime mousse was great, the chocolate mousse was good as well.

Yesterday was my parents anniversary so I am so glad the food was delicious. I forget the name of the girl who was our waiter but she was very attentive and helpful. | I recently visited Flow at Hilton Colombo Residences for an official lunch with business partners, and it was the perfect choice for a corporate gathering.
​One of the biggest challenges with business groups is catering to different dietary needs, but Flow handled it effortlessly. The buffet was able to cater to both the vegetarian and halal members of our group with plenty of variety for everyone.
​The Sri Lankan section was a standout—the flavors were authentic and truly well-executed. Beyond the mains, the dessert spread was impressive with a great range of choices. To top it all off, the coffee latte was excellent and served as a perfect finish to the meal.
​The atmosphere is professional yet relaxed, making it easy to hold a conversation. Highly recommended for anyone looking for a high-quality, inclusive dining experience in Colombo. | Some staff members are good🥰 Some are okay. Calm environment. Nice looking. Food aren't tasty. I went there on a friday for weekday lunch buffet. Buffet spread is low🥲 Not worth for money. Washroom is beautiful but bad smells are there🥹I didn't expect it from HILTON. They have to improve their quality✨ | We had a truly delightful experience at Flow.The atmosphere was calm and not overly crowded which helped us to enjoy our time comfortably. The buffet offered variety of dishes with the Indian corner, sushi selection, and desserts standing out as more flavorful.

The dumplings and steamed seafood were a bit mild for my personal taste. the overall quality and presentation of the food were great. A special mention goes to the team for arranging a birthday cake upon our request which added a thoughtful touch to our celebration. We are grateful for the warm service and would certainly recommend Flow for a pleasant and enjoyable dining experience. | Had lunch at this buffet, and they offer a wide international selection, including Asian cuisine, a sushi bar, and a good range of desserts. The variety was great, but the taste was just average —not bad, but nothing outstanding either except their baked fish and the mongolian rice which was really good.

The sushi bar was a nice touch, and the dessert selection had plenty of options to try. Overall, it's decent if you're looking for variety, but if you're after exceptional flavors, it might not fully deliver.
Friendly staff too.",4.0,2026-05-02T08:06:56.971627+00:00
ChIJU1VVFUJZ4joRyqBl_9RLntY,The Mango Tree,"10 Deal Pl - A, Colombo 00300, Sri Lanka",6.9067846,79.8538978,4.1,2595.0,3.0,71.4,"establishment, food, point_of_interest, restaurant",0117 620 620,http://www.themangotreesl.com/,True,5,"So i get chance to visit The mango tree "" authentic indian restaurant "" in colombo... i ordered salted lassi , chicken tikka masala and tandoori roti. Food came after around 25 mins of wait.... even though restaurant was empty..... Tandoori roti was perfectly cooked..but the chicken was dry and hard...gravy was average...bill was 5600 Lkr... price is justified if they serve fresh food. | We were looking for a North Indian restaurant to have dinner and selected this place. When we arrived, we were the only customers there and the place was nicely arranged. After giving the order, the food came out so quickly. I guess they were pre-made?
The naan was tasty but a bit dry, they weren't fresh. Other than that, the food was great. | Had a great experience at The Mango Tree. The food was really good, and the butter chicken was great ,rich and full of flavor. The prices were very reasonable for the quality and quantity of food served. The staff was super friendly, attentive, and made us feel very welcome. If I could suggest one small improvement, I’d love to see the spice level slightly increased to give it an extra kick. Overall, a fantastic dining experience. | This place serves authentic Indian food and a must try restaurant for Indian food lovers! The menu is diverse with veg and non-veg options. The service is super fast even during busy hours. The interior is aesthetically pleasing. However the place can be crowded during weekends and holidays. | Definitely would go again.  Highly recommend.

Food and drink was fresh, warm,  tasty and authentic.

Friendly and helpful staff.

Very nice ambience  !",4.2,2026-05-02T08:06:56.971627+00:00
ChIJPWoxsBFZ4joRpXf8uhRX1jo,"Panaash - Indian Sweets, Groceries & Faluda's","No: 245 Havelock Rd, Colombo 00600, Sri Lanka",6.8832035,79.8689328,3.9,204.0,2.0,54.5,"establishment, food, point_of_interest, restaurant",0112 504 490,,True,5,"ordered a rasmalai through uber but they sent a frozen one. How are we supposed to eat it? If you’re selling an item like this, it should be clearly mentioned. It’s not nice to sell it this way. Even when I called they spoke very rudely. Really disappointed with the place. | This is a little shop that serves mouthwatering little sweet treats down Havelock Road. Panaash specialises in sweetmeats, faludas, samosas ,Punjabi samosas,a variety of crisps and munchies.
Panaash also sells three kinds of Samosas, the Punjabi Samosa, the Chicken Samosa and the Beef Samosa each at Rs.50. The Punjabi Samosa was a favourite, stuffed with squishy potatoes and peas with a hint of fenugreek which I tried since Chicken Samosa wasn’t available.
For drinks I tried their Rose Faluda. Indian sweets are incomplete without a glass of Faluda. If you want to try the best Faluda in town, you need to drop by at Panaash! Faluda is made with Sherbet syrup, semolina and Ice Cream. The presentation was normal and it looked eyeful. It was delicious, decadently presented in a large glass.
For take away I got a Pistachio Kulfi and 2 Barfis and unfortunately I cannot remember the name of the other sweet I got. The Kulfi was well presented in a small pot. They’ve got different other flavors such as Mango, Almond, Faluda and Chocolate. The Kulfi was more denser and creamier than the regular ice cream and was consisted with lots of pistachios which was actually my favorite.
The Barfi was made with condensed milk and sugar with a hint of rose essence. They’ve also used cardamoms to spice up the flavor and included a generous amount of pistachios in it and the flavors were well balanced.
Staff was very friendly and welcoming. Panaash had a lot of free space when I dropped by. All the sides were decked with imported sweets and many more. Unlike many other Bombay sweet sellers. They undertake pre orders on Chicken Biriyani which Rs.390 per 250g and also sells Chaat on every Sunday.
Panaash does offer authentic sweets that are made right at the little shop. If you ever crave for some Bombay Sweets and Chaat, do drop by at Panaash! | I was expecting pani puri to be great but it was okay. Their biriyani was great. Also I liked the samosa. My expectations for pani puri and dahi aloo puri was high but this place couldn't satisfy my tastebuds | Very expensive. The quality is not bad and also not so good when compared to other chaat shops. The faluda is so good but the sugar level is high | Poor quality products. Not worth the money. Using commercial ghee, so no ghee flavor is authentic and  unable to eat the sweets.",2.4,2026-05-02T08:06:56.971627+00:00
ChIJNQpoJj1Z4joRgoxhgFBd5Ns,Royal Thai - Cinnamon Lakeside,"117 Colombo - Batticaloa Hwy, Colombo, Sri Lanka",6.929264099999999,79.8493666,4.4,708.0,,59.2,"establishment, food, point_of_interest, restaurant",0112 491 945,http://www.cinnamonhotels.com/cinnamonlakesidecolombo/dining/royal-thai.html,True,5,"We stopped here for a lunch break at the Thai restaurant inside Cinnamon Lakeside Hotel. When we first asked the hotel reception where the Thai restaurant was located, the staff told us that there was no Thai restaurant in the hotel, which was confusing since Google Maps clearly showed one. At first, we wondered if there was a language misunderstanding, but in the end, we decided to walk around and look for it ourselves — and we did find the Thai restaurant.

Once inside, the restaurant staff were friendly and attentive, which was a positive experience. The food quality was okay. We ordered fried rice per person, thinking the portion would be individual-sized. However, when the food arrived, the portion was very large, easily enough for about three people to share. Unfortunately, this was not explained to us in advance, so we couldn’t finish it and it resulted in food waste, which was disappointing.

The fried rice was decent, though using jasmine rice would make it feel more authentic for a Thai restaurant.

Overall, the service at the restaurant was good and the food was acceptable, but clearer communication and more attention to authenticity would improve the experience. | We went for lunch during the LKR 3500 promotion. It was a three course meal. Every course was delicious and it was absolutely worth the price. The desert was my personal favorite, a mango sticky rice with peanut chocolate.
The interior was beautiful with a cultural touch and a promising view of the city.
The staff were very well managed, friendly and gave us a good description of food.
What I did not enjoy was the loud chatter of the neighboring tables. It was a point which kept us from having a great experience. However I do not see that as an issue of the hotel.
Overall a very good experience.
Highly recommend. | Went there to have dinner with my wife. They haven’t marked my reservation. They gave us a regular table without mentioning anything . But we noticed that we were not given a reserved table (reserved table had a better setting). We mentioned again that we did a reservation, and only then they offered a reserved table. They cross checked my phone number and I overheard that the person answered my call might have forgotten to note down the reservation. They didn’t mention anything to us or apologized for the inconvenience from their side.

The food was good, but not exceptional specially for the price.

The service was by the book bare minimum I would say, and it was not friendly, no smiles. Expected better friendly and helpful service from a high end restaurant like this. | Royal Thai has always been one of my favorite places for Thai cuisine, and once again, it didn’t disappoint. The service was great—attentive and professional.
We had the chicken fried rice, veg pad Thai, stir-fried snapper in red pepper sauce, and garlic & pepper prawns. Every dish was packed with flavor and cooked to perfection. Definitely worth the price.
The cocktails were just okay, but the milkshakes were surprisingly good. Overall, it was a delicious and satisfying meal. Highly recommend if you’re craving authentic Thai food in a classy setting! | The price is not included in the menu because you are charged an additional 25 percent, which is revealed in the payment, for taxes, in
addition to 10 percent for service.
Also very spicy dishes. The pad Thai was good",3.8,2026-05-02T08:06:56.971627+00:00
ChIJnUlfY4pZ4joRgJNzMq8j2So,Randeni Hotel,"527/C Nawala Rd, Colombo 10107, Sri Lanka",6.899913,79.8937625,3.4,15.0,,38.5,"establishment, food, point_of_interest, restaurant",077 910 2374,,True,5,Good  place have your take a way food. Their curries are good and have flavour to perfection. Milk rice is one of the best. Owner is also serving food and very nice person. He maintained a little hardware shop in the same place hence the appearance of the hotel is not that Greate | Good food for a reasonable price. The owner is a friendly nice person. He knows everything. Love this place | I have being eating from this place with some of my friends for the past  8 or more years... food is good Vasantha is a very sweet helper... he serves us top class everytime we go... | Be careful about your health when you eat something from here | Nice place to eat..,3.8,2026-05-02T08:06:56.971627+00:00
ChIJTX4osRtb4joRZEUZmTz6JrQ,Burger King - Mount Lavinia,"Dehiwala-Mount Lavinia, Sri Lanka",6.8421372,79.8665625,4.2,2374.0,2.0,71.8,"establishment, food, point_of_interest, restaurant",0115 123 123,https://burgerking.lk/,True,5,"Excellent Service. I visited around 5pm and ordered a takeaway, my order was ready within 10 mins and the staff was courteous enough to come the table I was seated and handed over my order. Really pleasant and family friendly environment, I had enough space park my car, and The food is good, typical Burger King but yes Good food and good vibes. | I ordered a spicy chicken burger , casier said it gonna take 5 minutes but after 10 minutes i went to see my order , it didnt even ready , i asked for dine in they gave me takeaway bag , after 15 minutes ago finally got my order food is good but service is not better. | This outlet is very spacious and well maintained. Clean and tidy. Can have a function or gathering for about 50 people.
Kids friendly, as there is a separate play area for kids.
Friendly staff and good service overall. | The food is good but the service is not good ,  i waited for my food for 15 minutes till i get em | 🍔speed and the arrangement along with the seating gives the no nonsense quickness to a bite and run chance. Pretty good food for choosing with the liquids too served fast .In and out with a feel of satisfaction,paly area also good clean & Clam keep it up 👑🍔",4.2,2026-05-02T08:06:56.971627+00:00
ChIJ04s7Xt9b4joRgQ3bidOqtmA,Cloud Cafe & Bar,"Colombo Court, Hotel & Spa, 32 Alfred House Ave, Colombo 00300, Sri Lanka",6.897765000000001,79.856454,4.1,130.0,,49.3,"bar, cafe, establishment, food, point_of_interest, restaurant",0114 645 333,https://www.colombocourthotel.com/cloudcafe,False,5,"I went to Cloud Café to celebrate my friend’s birthday, and it was a wonderful experience. A special thank you to Manula Shanika and Gehan for their excellent service and kind support.
They helped us a lot to organize and successfully surprise my friend. They were very friendly, patient, and cooperative throughout the celebration. Because of their help, the birthday celebration became more special and memorable.
I truly appreciate their effort and dedication. Highly recommended Cloud Café for celebrations and special occasions | Visited here with my office friends to celebrate a birthday in the evening. The food, service, and location are superb. Highly recommended for gatherings and celebrations | Ok i dont know how to start. 1st the waiter was so bad and SLOW. It took him ages to figure out whats going on. We went in during the happy hour where you get 25% off on cocktails and mocktails.(i have a picture attached below) and the had some error in their Facebook page post and they admitted their mistake. So then we ordered mocktails we toasted more like water mixed with some cordial. It was soo bad. The food was no exception. And they had a card offer and took the card away and came back saying its not working. It looked like that they were faking to charge the full amount. So if i could rate them negative 5 stars, i would. Highly disappointed. | One of the few places in colombo to spend a peaceful Friday night. Rooftop has a nice view in the evening. Place is really calm with live music. Staff is very friendly. Unless you are sitting near the bar, service may take time. The food is good but the portions are relatively small. Vast variety of drinks available on the menu. Cocktails are good, while the spirits are relatively costly. Happy hours(25% off) from 5.30 pm to 7.30 pm. It costs LKR2000-2500 per head. | Nice place.  Food is not that great. Calamari had very thick coating of flur and taste is not that good. Beef nachos comes with guacamole and it was too tangy. They gave us a small review questionnaire with the bill. But no pen 😬
Service is really great. Waiters are really helpful and always try to give you an exceptional service. People smoke there. But you won't feel it due to the breeze. There are small ants on the floor and my wife got bitten by few. Menu has very good spread with many vegetarian options. I think owner will correct these once he saw the review.

Make sure to give it a try. Will go again when I get a chance.",3.8,2026-05-02T08:06:56.971627+00:00
ChIJxRHrXwBZ4joRB4sx9EIV3dU,Marhaba Biriyani,"303 Main St, Colombo 01100, Sri Lanka",6.938745099999999,79.85318,3.9,20.0,,29.4,"establishment, food, point_of_interest, restaurant",076 110 0631,,,5,"One of Lower Price briyani in the area
I this it may worth of price it served with chicken and gravey
Ther is some options
Extra rice
Extra meat
Extra meal option are available
No parking or dining facilities | Great place to have a cheap biryani... no dine  in option available .... breakfast also available here... | Quantity seems to go low day by day ..felt very disappointed . They literally weighed the rice parcel to 250gl. Which is not really worth the price. Previously they served a decent quantity for 300rs but not anymore. An average person needs at least 2 parcels to have a tummy full meal.
Don't recommend this place anymore. | Not worth to the price. No taste in rice. Chicken tastes bitter. Tried because of a tiktok video. Never again. Also the portion is too small. | Don't expect best quality from Rs. 300 biriyani.",2.8,2026-05-02T08:06:56.971627+00:00
ChIJT3ad0yFZ4joRxH8JbMBgBYA,Modern Welcome Fast Food,"WVQ2+4MF, Colombo, Sri Lanka",6.9378062,79.8516817,5.0,1.0,,13.9,"establishment, food, point_of_interest, restaurant",,,True,1,,5.0,2026-05-02T08:06:56.971627+00:00
ChIJr__iPz1b4joRgW2cmwj5CLA,Governor's Restaurant,"100 Hotel Rd, Dehiwala-Mount Lavinia, Sri Lanka",6.8336111,79.8619444,4.3,930.0,3.0,67.2,"establishment, food, point_of_interest, restaurant",0112 711 711 ext. 430,https://www.mountlaviniahotel.com/,True,5,"​I recently hosted a business lunch at The Governor’s Restaurant, and it was a fantastic experience. Even in the middle of a scorching Colombo day, the restaurant remains incredibly comfortable thanks to the beautiful seaside view and the constant, cool sea breeze that flows through the space.
​The food was the true star, specifically the authentic Sri Lankan cuisine. I highly recommend the Kuruluthuda (heirloom red rice)—it was excellent when paired with their dhal and vegetable curries. It’s a sophisticated way to enjoy traditional local flavors in a setting that feels both historic and refreshing.
​The combination of the colonial architecture, the ocean breeze, and the high-quality food makes this an ideal spot for an impressive business meeting. A must-visit if you want to escape the city heat while enjoying a world-class meal. | An old favourite of mine. The rooms were direct sea view on third floor, and stunning view.

The food was OK, but could have been better.

We had the breakfast buffet in the morning which was great. But room service menu could have been better. That’s not to be negative, but always room to improve.

The staff are fantastic and always very police and helpful.

This is a hotel that I will come back to again and again. Loved my stay here. | I have been here few times. The food is always excellent but, the service is always questionable. We went here for dinner on a Sunday, for the Ape Kama, after making a reservation for a 7 people. The service was less than mediocre, considering the price you pay for the buffet and the number of people that was there, well understaffed.

The meal went unappreciated because of the poor service. The food was excellent, though. | I recently visited Governor's Restaurant at Mount Lavinia with a few close friends, and we were absolutely delighted with our experience. The lunch buffet was simply outstanding—every dish was bursting with flavor and prepared to perfection. From the starters to the desserts, everything was delicious and beautifully presented.

The variety on offer was impressive, catering to a wide range of tastes, and the quality of the food truly stood out. The ambiance of the restaurant added to the overall charm—elegant yet relaxed, making it perfect for a leisurely afternoon meal with friends.

The staff were courteous and attentive without being intrusive, ensuring we were well taken care of throughout our visit. We all left with happy hearts and full stomachs!

Highly recommended if you are looking for a satisfying buffet experience in a beautiful setting. | Governor's restaurant is the main restaurant of Mount Lavinia hotel with wow! kind of seaview restaurant space.
The property, its loction and the history has added the value to this restaurant.

Large dining area is available. So you have the chance to make a good choice.
Taste and the varieties of the buffet are lower than acceptable level as of my view.
Most of the dishes are vegetarian options and the Pubilis Silva's style Sri Lankan dishes were there to try.
Table service and support of the restaurant team was superb.
Though the meal was below expected level, we enjoyed with the stunning view, dining in the outside area of the restaurant.",4.0,2026-05-02T08:06:56.971627+00:00
ChIJF4M2mh9Z4joROfLSn4wJBvE,Pettah Hotel,"136 Main St, Colombo, Sri Lanka",6.9375282,79.8513296,3.5,6.0,,30.7,"establishment, food, point_of_interest, restaurant",,,True,5,Clean |  |  |  | ,3.2,2026-05-02T08:06:56.971627+00:00
ChIJKRGEANhb4joRmQUTnBQNKfY,Leo's Kitchens,"163, 19/f නාරාහේන්පිට - නාවල පාර, Colombo 05000, Sri Lanka",6.873751899999999,79.8910343,,,,16.0,"bakery, establishment, food, point_of_interest, restaurant, store",071 553 6868,,True,0,,,2026-05-02T08:06:56.971627+00:00
ChIJ1xJyDZ1Z4joRpVBI9L_NM2w,Gonuts With Donuts - Kirulapone (Head-Office),"253 High Level Rd, Colombo 00600, Sri Lanka",6.875424,79.8812599,4.1,803.0,2.0,63.1,"bakery, cafe, establishment, food, meal_takeaway, point_of_interest, restaurant, store",0114 951 515,,True,5,"Just visited The Donut House on High Level Road, and I’m honestly impressed! The place has this warm, inviting vibe that makes you want to sit down, relax, and enjoy every bite.
Their donuts are fresh, soft, and packed with flavour, you can clearly taste the quality and the attention they put into each one. Whether you’re into classic flavours or something a bit more exciting, they’ve absolutely nailed the balance.

I tried a couple of their specials, and they did not disappoint at all. Each donut felt worth every rupee.

I can humbly call this is as the “ Sweet Gem on High Level Road! 🍩 “ | Gonuts with Donuts 📍Kirulapone is a great spot for donut lovers. The food is delicious and fresh, with nice flavors and good texture. The space is a bit limited, but the prices are reasonable. Not sure if the Oreo used is original or similar, but overall it’s worth visiting. | One of the best places to try Doughnuts, This outlet got much better quality compared to their other outlets. Call them before you go since sometimes they close without prior notice. My favorites are Black Forest and Belgium Chocolate Mooze one. But all are tasty | Go Nuts Donuts lives up to the name — a sweet little spot that takes donuts seriously. They’ve got the classics covered, but the fun starts with the creative ones: mint chocolate, caramel, cream burst, raspberry, and my personal favourite — the fudge mousse, pure indulgence in a ring. And just when you think it’s all sugar and sprinkles, they surprise you with a solid fried rice for lunch. Who knew a donut shop could pull that off? A tasty little plot twist, and a good one at that. | Donuts are really great and nothing to complain about. Bit of pricey but worth the money and they offer some other food except donuts now.  Services is nothing to complain also nothing to admire, it’s just transaction between two people. Atmosphere of the shop is very basic and tiny.",5.0,2026-05-02T08:06:56.971627+00:00
ChIJX_IF6Rhb4joR2MgdcPEr3lw,Little Star - Mount Lavinia,"No. 274 Galle - Colombo Rd, Dehiwala-Mount Lavinia, Sri Lanka",6.8368557,79.8672282,4.2,2178.0,2.0,67.1,"bakery, establishment, food, point_of_interest, restaurant, store",0112 729 361,https://www.facebook.com/littlestarcakesmountlavinia/,True,5,"I tried their desserts such as cheesecake, biscuit pudding and chocolate mousse. All of them were yummy, sugar is exact amount needed (not too much or too little), reasonable price friendly staff and great ambience. Have parking options too. Must try place. | A great place for a quick bite..They offer a wide variety of short eats and cakes. that are always
🔹fresh, tasty, and clean
🔹Prices are very reasonable  making it excellent value for money.

There’s decent seating if you want to eat in, but the place is usually ✔️little bit busy
✔️In the evenings, (hoppers ,string hoppers, pittu, rice and curries as well
✔️tea is really delicious
✔️staff are friendly and helpful.
✔️Parking is available for vehicles

Overall, a great spot for casual food lovers..💛 | Hello,
I recently visited your shop and wanted to share some feedback. The food was really great — I truly enjoyed it. However, the service experience was disappointing. The lady serving us seemed uninterested and acted as if we were taking the food for free. It felt like she didn’t care about the customers, which spoiled the overall experience.
I hope you can address this, as your food deserves better service to match its quality.
Thank you. | Really great collection of bakery items with so much variety especially for vegetarians. Service can be sometimes not the best, but it's decent. The uncle in the parking area is very helpful and doing his job really well. If we are around Dehiwala-Mount Lavinia, this is definitely our go to place for a snack and a coffee. | Love little stars fish bun and fish roll. But since of late, the buns sizes have been shrinking. And it took half way there for me to find the fish filling.. 😔",3.8,2026-05-02T08:06:56.971627+00:00
ChIJyx9LEwBb4joRnZVkDz_ABbc,Kulla Rice & curry,"7a Railway Ave, Nugegoda 00600, Sri Lanka",6.8720618,79.8893655,3.9,7.0,,30.6,"establishment, food, point_of_interest, restaurant",075 829 0030,,,5,"They offer huge potion for the price
Atmosphere is not quite good
Great place to hang out
This place helps a lot for the students | A very good place to go hangout with friends | Supiri its the best for the pocket | Don't eat here very dirty place | They don't care about customers at all. They only come after calling ten times to give money.. very bad customer service",3.4,2026-05-02T08:06:56.971627+00:00
ChIJd_dPdwZb4joR-vNY7GRb0VA,Mazza Hotel & Bakery,"Station Road, Dehiwala-Mount Lavinia, Sri Lanka",6.8511935,79.8653489,4.3,32.0,,35.6,"establishment, food, point_of_interest, restaurant",076 990 4124,,True,5,"We bought dolphin kothu. It was very delicious. No negative comments on the food but the service was not much good.
Place was clean. Presentation of the food was also very good. But the service was only the problem. I will recommend this shop for food. You can get food for a reasonable price. It is worth for the money you pay. | A typical Sri Lankan restaurant. Affordable. Good quantity. | Great local restaurant and baker to eat baked items, fried rice, biriyani and rice and curry | Good meals for break fast. Only the issue is no car park. | I've ordered the chicken fried rice here a few times now, and it's consistently good. The flavor is on point, and for the price, you get a really generous portion. Definitely recommend it!",4.2,2026-05-02T08:06:56.971627+00:00
ChIJkbuFEVtb4joRbdXd2X30iRo,RICE N GRILLZ - Nugegoda,"Pagoda road, nugegoda, Colombo, Sri Lanka",6.8738249,79.89146629999999,4.7,11.0,,33.5,"establishment, food, point_of_interest, restaurant",077 798 8433,,True,5,"I visited this hotel and I must say, I was thoroughly impressed. The food was absolutely amazing and worth every penny. The portions were so big that even two people together were unable to finish their meal. The restaurant was clean and organized, which added to the overall experience. The staff was friendly and attentive, making sure that we had everything we needed.
I would highly recommend this restaurant to anyone looking for a great meal in a clean and organized environment. Overall, I had a fantastic experience at Rice N Grillz and I can't wait to go back again. | The food was absolutely amazing.Their dishes were cooked to perfection and full of flavor. The portions are generous and the flavors are top-notch, making it a great value for the price! Also if you're not able to visit the restaurant in person, Rice N Grillz also offers delivery. | I tried their biriyani,its simply amazing❤️its like homemade.highly recommend
I think it would be better to change the current place. Also make a 'biryani' brand and give it to the market. I am a biryani lover, I have tried many places, I can say that this is on the top of my favorite list. Keep up the good work.❤️ | Quick service, friendly people, good foods ,tasty foods (grill chicken,bbq,biriyani ) worth for money. Highly recommended .... thank you for tasty yummy foods | Nothing special. Service ok ,food is ok",4.6,2026-05-02T08:06:56.971627+00:00
ChIJc4MPT55Z4joR7HDJFfr0xzg,Wickramasinghe Hotel,"WV8G+PH6, Borella Cross Rd, Colombo 00800, Sri Lanka",6.916786999999999,79.87637769999999,3.9,35.0,,42.2,"establishment, food, point_of_interest, restaurant",0112 691 444,,True,5,"Today I went to buy two packets of rice and Curry chicken. Then I saw a lady serving food while sweat was dripping into it. I was disgusting and promised myself to never go there again. It's hard to find a good place to eat in Borella. | Average Colombo food shop (AKA Hotel) that sells koththu, fried rice, parota and other stuff. Good food for a local and average space to eat. Not super clean but clean per colombo standards. Good to have dinner and they have pork rice and curry which is superb per colombo standards. | A very good place to eat normal rice and curry.... and they serve big portions specially the pork curry. If you buy a pork curry separately it's only 300rs but can be shared among 3 people..... | Good takeaway and dinning Restaurant with selection pork,beef,chicken, and vege inrice n curry,kothu,and fried rice. | Nice place to take breakfast ,lunch ,dinner in borella . Specially maduwa's rice",3.4,2026-05-02T08:06:56.971627+00:00
ChIJieD6CABb4joRN1_EFwvwAZE,Siri Bojun - Nugegoda,"41 Nawala Rd, Nugegoda 10250, Sri Lanka",6.8744684,79.89069669999999,,,,18.0,"establishment, food, point_of_interest, restaurant",,,,0,,,2026-05-02T08:06:56.971627+00:00
ChIJBfW3hB9Z4joRsaYEqorq0VA,Star Bombay Sweets,"No 254 Main St, Colombo 01100, Sri Lanka",6.9384818,79.85303379999999,4.3,20.0,,40.4,"establishment, food, point_of_interest, restaurant",077 123 9443,,True,5,"Best Cool Spot In Main Street Colombo.
Iced Milo is Awesome Taste.
All Kinds Of Sweets Available.
Reasonable Price. | Perfect place for a snack, air conditioned ad well | One of the worse KitKat milkshake for 440/- and the worse Salty Samosas, Patis is way too dried and the rest of the short eats and unhygienic | Can get shorteats and milkshakes. Small space to dine in but not a problem at all. Good place to get short time foods. | We had very good and fresh juices and a little vegi snack.  Perfect for a little rest",3.8,2026-05-02T08:06:56.971627+00:00
ChIJIahegEha4joRMZh7o0GUUGg,Spice & Curry (by ANILAD) - Nugegoda,"52 Poorwarama Rd, Nugegoda 10100, Sri Lanka",6.873780999999999,79.886815,4.1,650.0,2.0,55.6,"establishment, food, point_of_interest, restaurant",0112 515 037,,True,5,"⭐️⭐️⭐️⭐️⭐️ nice Sri Lankan Dining Experience!

Spice & Curry offers a great Sri Lankan cuisine experience with fresh, delicious food at very reasonable prices. For lunch, the chicken curry with rice is only LKR 500, and the fish curry with rice is just LKR 550, which is amazing value for the quality, taste, and generous portions.

The service is friendly, warm, and professional, and the interior design is excellent, giving the place a classy and welcoming feel. The see-through kitchen is spotlessly clean and hygienic, which really builds confidence in the food quality.

The air-conditioned dining area is spacious, super hygienic, and extremely comfortable, offering a 5-star hotel–level atmosphere and comfort. There is also plenty of parking, making it very convenient to visit.

An exceptional restaurant with great food, great service, and great value. Highly recommended! ⭐️⭐️⭐️⭐️⭐️ | I am a big fan. Not only that, our whole family still orders food from the hotel. The quality of the food is very high.. head chef is perfect in all aspects of skill, knowledge, and humanity.🥇
But I felt uncomfortable because there was a white, skinny guy there. He doesn't know how to talk to customers. I feel very sorry for him. He acts like he owns the place because of his service history. Find out if he is a decent person for the job. An ignorant and insensitive lowly employee can cause a big problem.👎 | This is one of my favorite restaurants. Food is amazing and they have a buffet lunch daily. Variety of food as well as quality and taste is great. Ambiance is pleasant and there is ample parking space. Highly recommended. | Went for lunch and loved it! There were about 10 different curries — all of them were super delicious! The mushroom curry was absolutely amazing! It was around 650 Rs per person, very reasonable. The restaurant was clean and had a nice, classy atmosphere.
However, when I first entered, there was a strong smell of floor-cleaning detergent that filled the air. I thought about leaving, but the curries looked too good to resist. It would be great if the detergent smell could be reduced, especially since it’s a place for dining. | Good selection for rice and curry.
Portions somewhat small.
Chicken fried rice was fair. Bit cold. Portions okay.",3.8,2026-05-02T08:06:56.971627+00:00
ChIJI455Jqhb4joRUNR6dO1ZYp4,Pizza Hut - Dehiwala,"VV38+QQX, 101 Galle Rd, Dehiwala-Mount Lavinia, Sri Lanka",6.8566699,79.8652374,4.2,2547.0,2.0,64.2,"establishment, food, meal_delivery, meal_takeaway, point_of_interest, restaurant",0112 729 729,https://pizzahut.lk/,True,5,"⭐️⭐️⭐️⭐️⭐️
**Outstanding Service at Pizza Hut!**

I had an amazing experience at Pizza Hut thanks to their incredible staff! From the moment I walked in, I was greeted with warm smiles and genuine hospitality. The team was attentive specially MS.HAVITHYA, quick, and made sure everything was perfect throughout my visit. My order arrived fresh, hot, and exactly how I wanted it.

What stood out the most was how friendly and professional the staff were—they went above and beyond to ensure a great dining experience. It’s rare to find such consistent and excellent service these days, and they truly deserve recognition.

Highly recommend this location for anyone looking not just for great pizza, but top-notch customer service. I’ll definitely be coming back! 🍕💯 | A wonderful dining experience at Pizza Hut Dehiwala. The staff were courteous, the environment was pleasant, and the pizza quality was excellent—fresh, flavorful, and well prepared. Highly recommended for anyone in the area 🥰
Specially,  Lovely staff and excellent customer care. Made our visit really enjoyable! 😉 | Ordered Pizza Hut through Uber Eats and received this burnt pizza. The toppings were completely overcooked onions blackened, edges charred, and the whole pizza tasted bitter. It honestly looks like it was left in the oven too long and sent out without anyone checking it. This is unacceptable quality for a paid order. Very disappointing and definitely not worth the money. | Visit Almost 12 midnight and they were about close how ever they get my order & gave with in 20 kin.
Ordered deviled chicken large & Spicy chicken large.
Gave free lava cake as well.👌🤩😋❤️ | I ordered today using the Don’t Cook Tuesday promotion after a long time, as I hadn’t eaten Pizza Hut for quite a while. I used to have very good experiences with Pizza Hut since childhood, so I was expecting that same taste again.

My order was:
Tandoori Chicken Pan (Large)
Sausage Delight Pan (Large)
Garlic Bread

Unfortunately, this time the food did not meet my expectations.
The garlic bread felt like burned bread with butter on top rather than the usual soft and flavorful garlic bread.
The Tandoori Chicken pizza was very plain — it was not spicy or flavorful, just bread, cheese, and chicken. The Sausage Delight pizza was the same; it lacked taste and felt very basic.
I am not writing this to create a bad impression about Pizza Hut, because I have had many good experiences in the past. But this time, the taste was disappointing, and I feel the outlet really needs to work on improving the flavor and quality again.
I hope this feedback helps and that the taste will improve in the future.",3.8,2026-05-02T08:06:56.971627+00:00
ChIJVcFvKlZb4joRVA8gVsIVnKs,Tango Restaurant,"Nugegoda Junction, VVFR+9J8, Old Kesbewa Rd, Nugegoda, Sri Lanka",6.873401299999999,79.8915809,4.1,24.0,,27.7,"establishment, food, point_of_interest, restaurant",0117 746 004,,True,5,"A small restaurant situated near Nugegoda Junction. The restaurant is air conditioned. Serves delicious food with a good variety. The prices are reasonable and the staff is very friendly and helpful.
A good place for a set of people to go out and hangout. | Good atmosphere to visit in the evening. But the food dont feel to me. Asked for a hot water for one of the member and reply was how about hot water for all. Dont think that is appropriate. | The buffet was good and it’s price was quite good compared to the taste and other services. | Ordered a fish deviled through PickMe. It was Rs1800 and there was only maybe one piece of fish broken into smaller pieces. Such a rip off. Such a bad experience. Was so disappointed. | Have been to this place several times, good service.
Last time the Stuart Santhusha gave a very pleasant and a great service.👍",3.6,2026-05-02T08:06:56.971627+00:00
ChIJm8ZMEDVa4joRHKm2-vCPziE,Pastry Home,"651, 29 Elvitigala Mawatha, Colombo 00500, Sri Lanka",6.8888314,79.87788239999999,4.6,23.0,,40.4,"establishment, food, point_of_interest, restaurant",077 445 8627,http://pastryhome.lk/,True,5,Order placed but they did not confirm on the requested date. | Best fingers food ever |  |  | ,4.6,2026-05-02T08:06:56.971627+00:00
ChIJBcv8lBpZ4joRCZFM-ht4BOc,King Bombay Sweets,"152 Main St, Colombo 01100, Sri Lanka",6.9377121,79.8515269,5.0,4.0,,23.3,"establishment, food, point_of_interest, restaurant",077 869 5823,,True,4,"My go-to place for food whenever I visit Pettah. Service is good and food is excellent. The place is clean and they have a good variety of drinks to choose from. | If you are visiting the Red mosque on Main Street visit this vibrant joint! Lovely young staff! | Everytime i visit pettah with my wife, we 'll go to have iced coffee... Nice place.. Best iced coffee | ",5.0,2026-05-02T08:06:56.971627+00:00
ChIJQfLVV0JZ4joR2S51xwhcylc,P&S (Perera & Sons) - ADC - Kollupitiya,"2 Srimath Anagarika Dharmapala Mawatha, Colombo 00300, Sri Lanka",6.9114526,79.84980829999999,4.0,526.0,2.0,59.1,"bakery, establishment, food, point_of_interest, restaurant, store",0114 885 068,http://pereraandsons.com/,True,5,"We grew up enjoying P&S as a lovely place to have a snack. However, my last visit to the Kolpitiya Junction outlet was not very pleasant. There were many staff members present, but none of them seemed interested or motivated to work. I’m not sure if it was due to the temperature in the shop, but it felt like eating inside a sauna. Please fix the air conditioning. Additionally, the tables were not properly cleaned. | I am a regular customer of P&S and have visited many of their branches, but my experience at the Kollupitiya branch was very disappointing.
1.	Cleanliness – The branch was not properly maintained. Tables were not cleaned immediately after customers left, and the overall environment did not feel hygienic.
2.	Food Quality – I ordered a chicken bun, seeni sambol bun, chocolate coffee, and iced coffee. Unfortunately, the chicken bun was not fresh and had a bad smell. When I checked the chocolate iced coffee, I found it had already expired (dated 25th September). This is very concerning, as expired food and drinks can seriously affect customers’ health.
3.	Staff Attitude – When I informed the cashier about the issue, the staff did not respond professionally. Instead of apologizing or taking the matter seriously, they smiled among themselves and continued personal conversations. They replaced the drink without even checking the expiry date or showing any courtesy to the customer.

As a loyal P&S customer, I have always trusted their quality, but this branch has let me down in terms of hygiene, food safety, and customer service. I hope the management takes this seriously and improves the standards at the Kollupitiya outlet because experiences like this damage the trust customers have in the brand. | I am not even interested to rate service which is providing by the kollupitiya branch PnS. I have been to plenty of PnS, and there are plenty of PnS near me like Kotaena, Kochchikade. But the staffs in Kollupitiya Branch are so rude and kinda sounds very bully type. The Staffs charged me for an extra cup of Nescafe, it just an empty cup. They are like PnS is given limited number of cups for the coffees. Is Perera sons is that much poor to afford a plastic cup? This has never happened in any of the branch. The Staffs are smiling behind the customers. WORST SERVICE. WORST STAFFS. Please look into this. | Enough seating area available in upstair.Service is good but little bit slow. The place is clean and well maintained. No much food items in the evening time. | Wide variety of bakery and cake productions are here to select as you chois. Frendly staff is here. if you looking food items that to treats, or any occation arrangements, nicely staff will help with your budjet and the requirement.

If you are looking for quick snack. check here, this place having standing dining  area.",2.8,2026-05-02T08:06:56.971627+00:00
ChIJjy6iLyBZ4joRsYWcXOcUTUo,Sweet Tomato,"219 W.A. Silva Mawatha, Colombo 00600, Sri Lanka",6.8772265,79.8688511,4.2,38.0,,30.8,"establishment, food, point_of_interest, restaurant",071 181 1234,https://sweettomato225.wixsite.com/sweettomato,True,5,"As there is no menu, you can't be sure of the prices until you pay (which is after you finish eating). We had 2 plates with vegetables and rice, and a mountain dew bottle for 530 Rps.
Just opposite the mosque and a kind lady mends the counter. | Tasty good food.. ordered rice and curry! It’s simple and like home made👍🏻 | Visited two times.small place.foods are very ckean and yummy.one of the best place for the  lunch. | Very dilisious biriyani with larg peice of chiken for resonable price | Foods are very good.Highly recommended to dine",4.6,2026-05-02T08:06:56.971627+00:00
ChIJJf8HeORY4joRKzy14eh-Jlc,Perera & Sons - Jampettah St,"Jampettah St, Colombo 01300, Sri Lanka",6.946206600000001,79.8598562,4.1,822.0,2.0,62.3,"bakery, establishment, food, point_of_interest, restaurant, store",0112 756 433,http://www.pereraandsons.com/,True,5,"Perera & Sons is always a reliable stop for good pastries and short eats. 🥐🍰 Everything is fresh and tasty, and it’s definitely best to try in the morning  and evening when the selection is wide and straight out of the oven.

A great spot for a quick bite or a light bites breakfast in Colombo | This outlet at the Kochikade is the biggest scammers. This is not the first time. My sister faced similar incident earlier where she was billed for something she never bought and she checked the billed and rectified right away. Seems, like the staffs of this branch is continuing this scam for years now. Very recently bought these items. I later found that the Four Corners, cake being charged twice, despite I bought only 1 piece. What an outlet collectively cheating customers. | Service is good and price is also reasonable but the issue is sometimes they sell morning foods in the evening and it's dry and they don't heat the food when customers ask the food . If they improve those things it's great 👍I hope they will take action soon 🙏. | Parking available
Pastry with cold and hot beverages
Calm place, dinning available

-most of the items displayed without price
- no ketchup | Got some shorteats from here on a Saturday. There's storefront parking, but the arrangement is not the best. Food was good and fresh.",3.2,2026-05-02T08:06:56.971627+00:00
ChIJORrlJSBZ4joRRqJIk889qKY,Nizamiya Hotel,"156 Bankshall St, Colombo 01100, Sri Lanka",6.9387229,79.8517067,3.7,241.0,,46.7,"establishment, food, point_of_interest, restaurant",072 238 1406,,True,5,"A small snail in the fried rice shame on Nizamiya 🤢🤢🤢🤢🤢🤢

27/10/2025

We ordered around 6 chicken fried very bad and unhygienic | Affordable restaurant....
Crowded sometimes....

Overall it's a nice restaurant in its category

Cheese chicken kutto recommended | I am from Hong Kong🇭🇰 I think here have a good service ,good price and food is delicious. Highly recommend 🥑juice! | I always order the chicken rice and coffee. Both are very tasty and absolutely worth the price. A satisfying meal every time! | Local vibes and tasty food. Low prices, big portions. And it was the tastiest mango juice in Sri Lanka",4.2,2026-05-02T08:06:56.971627+00:00
ChIJBQbLcdFb4joRh69FdRX1D_0,Giovanni's,"145 Thimbirigasyaya Rd, Colombo 00500, Sri Lanka",6.891547699999999,79.8680691,4.6,3042.0,2.0,72.5,"cafe, establishment, food, meal_delivery, meal_takeaway, point_of_interest, restaurant, store",077 033 5366,http://giosprestopizza.com/,True,5,"I went to this restaurant with my friend, and I’d give it 10/10 because everything was perfect. The staff were friendly, and the vibe was amazing with a calm and positive atmosphere. Their interior is designed with an aesthetic and cozy theme, giving it an Italian restaurant vibe.

Highly recommend it to anyone, especially if you love a cozy, aesthetic ambience with perfect pizzas, this is the ideal place for you ❤️ | Went with some friends for lunch. Pizzas are freshly made with good authentic ingredients. No alternatives. Sat inside. Was a little hot but outside was a little noisy with thumping music. Music would be good in the evening but not so much on a Sunday afternoon. Menu is good. Will try the pasta next time. Well worth a visit. You won’t be disappointed by the chilled vibe, friendly staff and great pizza. My advice is keep any starters light as the pizzas are more than enough for one person. Who would have thought you could get such great pizza in the middle of Colombo! | How this restaurant has such good reviews the food was terrible! We ordered a seafood risotto and beef lasagna, and both failed in every possible way: presentation, doneness, quality, and flavor everything was bad.

The seafood risotto was served with a tomato-based sauce, which I’ve never seen before. The server didn’t mention this when taking the order. After a long argument, they finally brought a white sauce version, but it had completely lost its consistency it was like rice mixed with corn soup.

The lasagna tasted fine, but it was served cold, so we didn’t even bother arguing about it. I’ve visited this place more than 20 times before, but today I’m honestly done with their food and service.

I used to think this was one of the best Italian restaurants in Colombo, but today all my trust and expectations are gone. It’s such a disappointment to experience this level of quality, especially when the food is overpriced for what it is. | Good place for pizzas. Visited for the 2nd time. Tried the Tutta Verdura and Cinnamon Punch. Was good as always. Loved the Italian vibe in the building. | Giovanni's is the kind of place you know you'll return to before you've even finished your meal. The pizzas are sublime—featuring a perfect crust, generous fillings, and incredible flavour. Paired with great drinks, it's an outstanding value.

We visited on a bustling weekend night. Despite being jam-packed, the service was excellent, and our food arrived promptly and, importantly, piping hot—a rare feat for such a busy kitchen. The atmosphere was electric, thanks to the live music. We loved it so much and wanted to hangout longer but felt guilty lingering after eating, knowing there was a long line of people waiting for a table.

Unfortunately, we couldn't make it back during our month in Sri Lanka, but Giovanni's is at the very top of our list for next time. I cannot recommend it highly enough.",4.0,2026-05-02T08:06:56.971627+00:00
ChIJ1x-cY2FZ4joRD5WhG8I8i84,Mitsis Delicacies,"34A Bagatalle Rd, Colombo 00300, Sri Lanka",6.9019713,79.8574749,4.4,774.0,2.0,65.9,"establishment, food, point_of_interest, restaurant",077 716 3090,https://www.facebook.com/mitsis.delicacies,True,5,"Went in to try the high tea platter and it turned out to be a really pleasant experience. The platter had a nice variety of items, all neatly presented and tasting fresh. Nothing felt rushed or poorly prepared, which made the whole experience even more enjoyable.
The atmosphere is calm and relaxed, with plenty of space to sit back and take your time. It’s quiet enough for a good catch-up conversation or simply to unwind without too much noise around. The staff were friendly and attentive, checking in occasionally without being intrusive.
Felt it should be more cleaner... like walls and all....
Overall, it’s a lovely spot to enjoy good food in a peaceful and comfortable setting. | This was our second visit to Mitsis Delicacies, and we went for dinner. The place is located slightly inside from the main road, making it quiet and peaceful with no crowd. The interior is beautiful and creates a very pleasant dining atmosphere.
The staff were friendly and welcoming. We tried the garlic bread, mushroom soup, chicken shawarma, and chicken burger — all were tasty, and the portions were really big. Overall, the food quality was good and satisfying.
They also have a nice variety of desserts, especially cakes, which looked very tempting. Planning to visit again to try them. | Went in for the high tea platter and it was honestly a really nice experience. The platter came with a good mix of items, all arranged neatly and tasting surprisingly fresh. Nothing felt rushed or low effort, which made it enjoyable.

The atmosphere is pretty chill with plenty of space to sit back and take your time. It’s quiet enough for a proper catch up or just to relax without any noise. The staff were friendly and checked in just enough without hovering.

Overall, a pleasant place to enjoy some good food in a calm setting. | Persian food with great service. Went with a friend on a less crowded day. Missed done of their popular deserts but drinks and main meals were great! | Mitsis Delicacies is an absolute gem!
The food here is always fresh, flavorful, and truly delicious. The menu offers a great variety, and for the quality you get, the prices are really reasonable.

The atmosphere has such a good, cool vibe – perfect for hanging out with friends, family dinners, or even a casual date night. The staff are friendly and make you feel right at home, which adds to the overall experience.

If you’re looking for a spot that combines great taste, fair pricing, and a chill vibe, Mitsis Delicacies is definitely the place to be. 🍴✨",4.6,2026-05-02T08:06:56.971627+00:00
ChIJkYzKD3RZ4joRHF1NLhGPneU,Tacocat,"11 Wijerama Mawatha, Colombo 00700, Sri Lanka",6.9153593,79.8695012,4.3,82.0,,43.1,"establishment, food, point_of_interest, restaurant",077 479 5505,https://www.facebook.com/Tacocatlk-508382486187689/,,5,"Nice and cool place to have a coffee. Small area is available for parking. Food served is good. Mostly preferred by foreigners and trendy crowd. | It was our second experience at Tacocat and well worth the visit.  The tacos are delicious. The premises are very clean and well presented.  We sat outside in the garden which was lovely.  Matt, the owner, is a really friendly person and he personally serves the tacos according to your own design.  We had three tacos each and they were equally delicious.  Chicken, beef and beans with an assortment of salad vegetables.  There are plenty of sauces available to enhance the flavour.  Furthermore, parking is available.  Totally recommend that you go and try Tacocat. | I will make it very quick: had the best vegetarian tacos of my life here. That may be due to the fact, that I don’t eat tacos as frequently as I‘d like to but still, great taste here at Tacocat. Also, you can „build“ your own tacos here, so everybody should be able to find something they like. | Awesome place. Luvd the burritos here. Let's just say its tastefully different to the authentic Mexican. Bit of Lankan mix into it. To see a lack of guacamole in a country where it used to be a staple diet in most households, is very disappointing. However, the taste of the end product is pretty acceptable.
Dude carrying out the preparation is a perfect host. Extremely friendly and has a lot of self learned knowledge  at young age. Good on him. Very cordial gentleman. My family felt extremely welcomed. They also have some great ice creams.
Items are a bit pricier than other parts of the country. But that's understandable given the locality. Would definitely recommend anyone and everyone to try. Loads o room on the inside and out to sit peacefully having a good long conversation. | Love taco cat! Feels like it's one of the best and the freshest tacos and burritos in town! Super friendly owner and passionate staff. Have to try their burritos naked bowls! 😍",4.8,2026-05-02T08:06:56.971627+00:00
ChIJvU6EZs1b4joRHpuXVCj58ao,The Fab - Park Road,"201 Park Rd, Colombo 00500, Sri Lanka",6.8876006,79.87266269999999,4.0,182.0,2.0,41.7,"bakery, establishment, food, point_of_interest, restaurant, store",0112 081 431,http://www.thefab.lk/,True,5,"Great service and good staff! Was in a hurry for a quick cake to save the day and the staff was more than kind enough to promptly arrange for a written wish to go with the cake, which was also neatly packed in a box. The Fab cake as usual, was top notch and the staff here in this branch in particular, were superb! I was able to get my hands on their chicken and vegetable quiches (my childhood fav) here, which are usually out of stock at the other branches. Guess it was my lucky day or maybe I was right on time, or maybe a tad bit of both! | I have been a regular at FAB over the past 20 years..the quality of the the products have come down so much.they served me a stale lamprais which was frozen or just an unsold item from the previous day,and when i complained they just acted numb,but they knew what i was talking about.it's very sad to see how the standards have come down in such a beautiful establishment which did well over decades. | Shayne, Hirusha, Lakshitha, Rishi were all amazing very kind to us. We kept on ordering one by one they were so patient with us and even Hirusha guided us for the local street food market. Lovely people I love Srilanka. Delicious food and lovely hospitality love from india ♥️ | Prices was okay with the inflation these days. Some of the mid range pastries are not that tasty compared to the pricy foods. Place was clean and seats was available. Food texture and taste is okay. Cakes are very delicious. Staff was very quick and experienced. | Smal space inside.
Small parking slots for 4 vehicles available.
But tasty cakes available with different flavors.
Nestea and nescoffee available.",3.6,2026-05-02T08:06:56.971627+00:00
ChIJ1RXOOPBZ4joRFUjUPHKG74A,BEE BEE HOTEL,"163 Main St, Colombo 01100, Sri Lanka",6.937898,79.85140390000001,4.2,24.0,,30.7,"establishment, food, point_of_interest, restaurant",076 174 4460,,True,5,"Amazing welcome 🙏 4 am he do my food what I want grateful ☀️
Definitely recommend 👣 | Don’t pay for anything here. The food is of very poor quality, they are serving spoiled reheated food, and the staff also zero hygiene with very bad habits. | Kanna give us good service he is very kind and very attentive | Best veggie & egg kottu I've had in our two weeks visit of Sri Lanka! The owner is super friendly and helpful. Also the fresh juices and desserts were delicious and good price. | I ordered the oil fried rice this rice is the oiliest Rice in the town",3.4,2026-05-02T08:06:56.971627+00:00
ChIJIf5pVABZ4joR9m9FOd1fUWE,Ashan,"WV8H+H4F, Colombo, Sri Lanka",6.916392,79.87777,,,,11.0,"establishment, food, point_of_interest, restaurant",,,,0,,,2026-05-02T08:06:56.971627+00:00
ChIJn6HCWIta4joRHQkqvrax-aw,The Vegan Kitchen By Sulo,"Old Kasbawa rd. Raththanapitiya, Boralesgamuwa, Sri Lanka",6.851660499999999,79.8976809,4.4,40.0,,34.2,"establishment, food, point_of_interest, restaurant",077 352 6201,https://facebook.com/TVKBySulo,True,5,"Food is tasty, but unfortunately this place is unreliable.

Only one time I ordered did I actually get the food. Twice now they accepted my order on UberEats, made me wait 40 minutes, and then cancelled it. By then it’s too late to order elsewhere.

Not good. Don’t accept an order if it can’t be fulfilled! It’s very inconvenient to wait for food for a long time, and then see it get cancelled. And please keep regular hours. | I did a cooking class with Sulo during my vacation in Sri Lanka. I had an amazing time. Her food is fantastic and I had a great time. I learned so much and can't wait to try and recreate some of these recipes at home. | I want to give them 5 stars because theyre just such sweet people, but this restaurant is having a hard time getting off of its feet. There are about 8 people in the tiny kitchen at one time, and its chaotic–orders are forgotten, misunderstood, etc. The food is lovely though. Give them a chance! If you go, stick around and talk to the owners and people who work/volunteer there. They're all wonderful and I think the organization will come after a couple of months of operating. If you love yourself try the chocolate mug cake, its unreal. I think some of the dishes would be better if they didn't try so hard to imitate nonvegan food. For example, the vegan BLT would be great if it was advertised as a barbecued tofu sandwich. If you're expecting bacon, though, you'll be disappointed. | I found this place from Google, unfortunately the restaurant is closed but at least they accept preorders. The lady who I spoke was extremely friendly, professional and explained me exactly the food and how the process works.
We ordered tofu masala with garlic rice and salad and also tofu teriyaki. Was amazing fresh, full of flavours and of course when I back to Colombo I will order again. | Good food.Great environment.Food took some time to come indicates freshness.They have a chess board to kill time.Hot butter mushroom was a little salty.Apart from that good experience.",4.4,2026-05-02T08:06:56.971627+00:00
ChIJeTMO6FZb4joRkWyhq7m2Bbc,Sri Lakshmi Vilaas,"VVFR+JM3, Nugegoda, Sri Lanka",6.874001,79.8916879,4.4,11.0,,34.5,"establishment, food, point_of_interest, restaurant",,,True,5,"It says the shop is open, but in reality, it’s closed. It seriously wasted my time. I went there to buy vegetarian food from Pagoda. They’re really irresponsible. This is the second time I’ve faced this issue this week. At the very least, they should add a contact number here. | Good parata.
Good customer care | Good
Price bit high | A good place for vegetarian south indian cuisine. Friendly customer service. | Good for south indian foods, reasonable price.",4.4,2026-05-02T08:06:56.971627+00:00
ChIJSajySRNZ4joRxFaQJQVqhvw,Pizza Hut - Union Place,"Dr Colvin R de Silva Mawatha, Colombo 01000, Sri Lanka",6.919923,79.858968,4.4,4994.0,2.0,73.0,"establishment, food, meal_delivery, meal_takeaway, point_of_interest, restaurant",0112 729 729,https://www.pizzahut.lk/,True,5,"I had a wonderful experience at the Pizza Hut Union Place outlet. From the moment we walked in, the staff were warm, welcoming, and very attentive. They were courteous, professional, and always ready to assist with a smile, which made the visit even more enjoyable.

The food was excellent — fresh, hot, and full of flavor. The pizzas were perfectly prepared with generous toppings, and the quality was exactly what you expect from Pizza Hut. Service was prompt, and the overall atmosphere was clean, comfortable, and family-friendly.

Overall, it was a great dining experience with outstanding service, delicious food, and a positive vibe throughout. A big appreciation to the Union Place team for maintaining such high standards. I would definitely recommend this outlet and look forward to visiting again! | Had a very pleasant dine-in experience at Pizza Hut Union Place. The staff were friendly, polite, and attentive from the moment we arrived. The food was served hot and fresh, and the pizza tasted great with generous toppings. The restaurant was clean, well organized, and comfortable even during a busy time. Overall, a great place to enjoy a relaxed meal with family or friends. Will definitely visit again. | Had a really good meal at Pizza Hut Union Place. Ordering was smooth, food arrived on time and everything tasted great especially the sides. The restaurant was clean, seating was comfortable and the team handled the crowd well. Great spot for a casual meal with friends or family. | I visited Pizza Hut at Union Place.
I ordered a medium-size pizza with a Seven Up, and the pizza was very yummy.
The place is beautiful and quiet, making it a nice spot to enjoy a meal. The staff were also very friendly, which made the experience even better.
Overall, it was a pleasant visit, and I would recommend this outlet. 🍕🥤 | Visited Pizza Hut Union Place recently — the place was very clean and had a nice atmosphere. Service was excellent! I think her name was Dilki — she was super friendly, explained the menu clearly, and gave us great recommendations.

We ordered the Prawn with Chicken Bacon & Jalapeño Large Pizza and the Double Chicken Delight Melt single portion with the Cheesy Kochchi Dip. Both were really tasty and well-presented.

Overall, a great dining experience with delicious food and friendly service. Highly recommend this branch! 🍕✨",4.8,2026-05-02T08:06:56.971627+00:00
ChIJ0S7jF_hb4joR6ZS69U_Vveo,La Langousterie,"50, 12 De Saram Rd, Dehiwala-Mount Lavinia, Sri Lanka",6.8359444,79.863075,3.8,134.0,,46.6,"bar, establishment, food, point_of_interest, restaurant",077 786 8944,,True,5,"Right next to the beach. Very safe. Love the cocktails out of local spirits. Great for girls' night out. Try the arrack cocktails & their Seafood platter. Great seafood selection in Colombo with reasonable prices. Plenty of Parking available. | Great beachfront location at the corner of Mount Lavinia Hotel. Excellent food, very good service, and friendly staff. Special thanks to Lawton for the warm and attentive service. Highly recommended. | The food is terrible. I rodered their creamy cheese beef pasta today. I couldn’t eat more than 02 bites. It was too salty and horrible.when i call the restaurant they didn’t respond. Dont recommend this restaurant to anyone. | Drinks and service was very amazing . They really made the margaritas well and my glass of Australian wine  was great . In all the service was excellent | Great service and very bad food.  There are no spices in the dishes, instead of crab in the baked crab, fish.  Tourists might like it, but for city dwellers it doesn't taste like it at all.",3.6,2026-05-02T08:06:56.971627+00:00
ChIJ4_vrWbhb4joRABYxX_HPKoI,Yarl Hotel,"46/1 Wellawatta Station Rd, Colombo 00600, Sri Lanka",6.875389299999999,79.8607858,4.1,1023.0,2.0,53.8,"establishment, food, point_of_interest, restaurant",074 147 4451,https://www.ubereats.com/lk/store/yarl-eat-house-colombo-06/jKXdV6msSr-xCYN15LtIKA?pl=JTdCJTIyYWRkcmVzcyUyMiUzQSUyMldlbGxhd2F0dGUlMjIlMkMlMjJyZWZlcmVuY2UlMjIlM0ElMjJDaElKb1kxVnFybGI0am9SSnlKWEQtZmJIUVUlMjIlMkMlMjJyZWZlcmVuY2VUeXBlJTIyJTNBJTIyZ29vZ2xlX3BsYWNlcyUyMiUyQyUyMmxhdGl0dWRlJTIyJTNBNi44NzQzOTIyJTJDJTIybG9uZ2l0dWRlJTIyJTNBNzkuODYxMzglN0Q=,True,5,"Simple place with a simple menu. We went for rice and curry options and the food was so homey. No artificial flavorings, no fabcy cooking styles, it’s just a simple meal with home cooked vibe. Service eas very fast and no waiting at all. Staff is attentive and friendly. They gave us multiple servings of rice and curry apart for the meat item. Meat potion is more than enough for rice.
Overall it’s a good place to have a homey meal. Not recommended for romantic hangouts or gatherings of any sort, place is purely suited for dining. Don’t be afraid of how it looks from outside coz inside is spacious and tidy.
Wish they had a selection of drinks like tea coffee or lassi. All they had was soft drinks. That was the only negative thing to point out. | A place that totally surprised us starting from the entrance which is a tiny doorway heading into a restaurant space that is decently clean but the best was the amazing food. Totally recommend this place to anyone who likes adventure topped with tantalizing flavors. | Proper Jaffna food, came here in 2018 and the taste is still the same.  Highly recommend to anyone who wants an authentic Tamil Virundhu sappadu. | A hidden gem in Wellawatte! We've been here many times, and they never disappoint when it comes to the taste and quality of their food.

We tried the omelette rice — it was delicious, and the rasam added a nice finishing touch.

The staff were welcoming and helpful. Although the space is limited, the customer service was excellent. Overall, it's a great place to try some authentic Jaffna cuisine. | Great place for a puttu feed with crab curry. Their chicken and mutton curries are also pretty good. The waiters are polite and friendly. Just know that this is a typical saivar kade equivalent of a place selling non-veg meals. Prices are great too. It's not a big place, and probably can accommodate about 25 people. If you are a group larger than 4 best to make a reservation, because they do. There's one large table that could seat 8 that they usually hold for reservations.",4.6,2026-05-02T08:06:56.971627+00:00
ChIJf6NYFwBZ4joRn7AwFRxexxY,The Fort Fusion,"7 Hospital St, Colombo 00100, Sri Lanka",6.9340522,79.8435463,4.7,22.0,,32.1,"establishment, food, point_of_interest, restaurant",0114 330 700,,,5,"This rooftop restaurant has breathtaking views from the open sitting area which is also the Smoking Zone for the guests. The restaurant serves delicious and quite elaborate breakfast buffet catering to the palate of local, Indian and Western guests. Specially liked their Seeni Sambal. | Very nice place | Beautiful roof top | amazing place nice location in colombo best place to have drinks with your friends.. | Excellent food and Nice Colombo view",5.0,2026-05-02T08:06:56.971627+00:00
ChIJ99pQUuBY4joRHUjDEf6KuGc,Sri Suryas Hotel,"255 Sea St, Colombo 01100, Sri Lanka",6.942792,79.854631,4.2,1899.0,2.0,64.2,"establishment, food, point_of_interest, restaurant",0112 424 789,,True,5,"Paneer dosa and chutneys are a dream!! Perfect taste crunchiness, quite irresistible.
Service and cleanliness on point.
Overall fantastic as good as in India or even better! Can’t wait to try more ! | Mushroom  biriyani was so good Chapathi set also fine, masala dosa average . Chatny no salt . We ordered Paneer butter masala but it’s Not butter masala it’s paneer spicy masala. | The food was very good, especially their podi idly, the executive meal. The food was very flavorful and tasty. | We had lunch here at this Tamil restaurant. Unfortunately, the waiter who took our order when we sat at the table was very careless and ignored us while taking the order. Our order took a very long time to be served. We noticed that Tamil customers sitting at the table next to us ordered the same items, even though we arrived and ordered before them, but they were served more than 10 minutes earlier than us.

It felt like Sinhalese customers were given second priority while Tamil customers were served first. We even had to remind the waiter about the delay after noticing that he continued serving people who arrived and ordered after us.

The butter naan was tasty, and we really enjoyed it.

The owner, however, seemed like a very nice person who builds good customer relationships. He personally engaged with customers and took good care of them. Unfortunately, the waiters ruined the experience. The waiters who served us lacked basic service etiquette. We do not expect special treatment, but at the very least, respectful and fair service.

When another waiter brought us the bill after we finished, he slid it onto the table instead of placing it properly, which felt disrespectful and unprofessional.

I also ordered a lassi, and the straw provided was dirty. I had to point this out to the staff and ask for a replacement.

If you are not concerned about service quality, you can visit this place, as the food and drinks are not bad.

I will attach our bill below. | Food was really really good; wish there were more options. We went everyday for 3 days for lunch and dinner. Thaali was really good and so was poori. Really wanted to try the tiffin but this wasn’t available for the time we went. Service was amazing. Really good customer service. Place to wash hands was clean, air con in the restaurant.",3.4,2026-05-02T08:06:56.971627+00:00
ChIJQfXCpRBb4joRkLohMRoqBAk,JoJo's Place,"RVR7+H4C, 43/6A De Alwis Ave, Dehiwala-Mount Lavinia, Sri Lanka",6.8410302,79.8628839,4.3,280.0,2.0,44.7,"establishment, food, point_of_interest, restaurant",077 672 4179,https://www.facebook.com/jojosplacesl/,True,5,"Excellent customer service with friendly and trustworthy staff. Budget-friendly food with great variety. We've been visiting since 2012 and still love this place. Keep up the great work | Ate here each night of our 3 night stay in Mount Lavinia. Just as good as we remembered from 2016.
Great staff, great food and reasonable priced wine and beer. Devilled cuttlefish was particularly good. One night there was a private party and when it rained at the end of our meal the host invited us in. So even the customers were lovely. | The waiter made me uncomfortable with frequently discussing marijuana. Otherwise, I loved the food. For some reason, they don't list the price for a beer on the menu.

The vegetarian chop suey was good, and the waiter encouraged me to stay for sunset.

I recommend this restaurant overall. | My go-to place to chill and enjoy some beer.
You can BYOB and they also sell and serve beer, wine and everything fine 🫰

Quality of food is great, service is top notch, they also serve sheesha for 2000 and it's just great. An example of what you can get for around Rs. 12,000
3 lion beers
3 carlsberg beers
1 sheesha
1 hot butter mushroom
1 pepper beef
1 fried rice
1 coke
1 strawberry milkshake
1 watermelon juice

Overall worth the money compared to all other locations there on the beach. I have also eaten the following dishes which are just amazing and worth the price
Hot butter cuttlefish
Kotthi rotti
Devilled pork
Fish and chips

A special thanks to the main man there, Uncle Gamini who really serves everyone well.

Went here again today on the 13th of May for an office get together. Still the best. | Quite a nice place. Very quiet on this Tuesday night. They only have beers and ciders. No cocktails. We felt bad to leave so we stayed and had a beer and a lime soda. It took ages to arrive unfortunately. We ate egg fried rice and sweet and sour chicken. I have to say it was delicious. Very large portions too. I wish it wasn’t my last day in Colombo or I would go again. We were entertained by a lovely busker too.
Like many places there’s no toilet paper in the loos. Their beach area is very clean.",4.4,2026-05-02T08:06:56.971627+00:00
ChIJMQAenj5a4joRfAR8Yw3shiI,Garton's Ark Restaurant,"9/47 6th Lane, Pagoda Rd, Nugegoda 10250, Sri Lanka",6.883398499999999,79.892951,4.3,985.0,2.0,53.6,"establishment, food, point_of_interest, restaurant",076 800 0600,,True,5,"If you're looking for a truly memorable dining experience, look no further than the sailing dinner boat experience. The atmosphere is simply stunning, the service is top-notch, and the food is absolutely delicious - of the highest quality. But what really sets this experience apart is the adventure of sailing while enjoying your meal. It's a unique and unforgettable experience that you won't find anywhere else.

In addition, the staff was extremely helpful and accommodating throughout the entire trip. The Manager went above and beyond to make our experience even more special, arranging a surprise cake. And with the perfect mix of music and the gentle sound of the waves, the entire evening was simply magical.
Special thanks to Captain Rathnakumara for his friendly and welcoming service throughout the entire trip. His warm personality added to the already fantastic atmosphere and made the experience even more enjoyable.

Overall, we highly recommend this experience to anyone looking for a one-of-a-kind dining adventure. | Such a cool way to spend the time and dine at the same time in the Srilanka’s largest sailing restaurant. The staffs are very friendly. And the cruise sailing for around two hours. And the captain let us take photos as a captain in his seat. The buffet here is really nice and very tasty. It have a mini bar also in the cruise. Also they can accommodate many people at one time. It is good for groups and family to dine in and experience the sailing restaurant. Overall everything was good and had such a cool experience. | Let me begin by noting the positive aspects of this location. Cruising and dining together is a truly unique experience. The free cocktail wasn't bad, and some of the food was good. But regrettably, it wasn't a generally enjoyable experience. First of all, the buffet options were extremely limited for the price you pay. I went on April 8 and paid 5000 per head, which was disappointing. Cutleries weren’t clean n it was very unpleasant, And, deserts—god only knows when they were made—it was awful (pretty sure they use the leftovers). The cakes were extremely dry and crumbly, had an odd aftertaste, and offered nothing to savor as a desert. Finally, a buffet without water? Hmm, dubious. Water costs money. If you truly want to eat well, I would not suggest going here. I hope they read these and improve. | This is a total difference experience with a very reasonable price tag. The staff is super awesome. The cruise ship can accommodate around 100 people at once. To have a birthday party I think this place is great. Food is decent. And also liquor and cocktails will be served on board. Plus cigarettes. | This is a great and unique restaurant in Colombo. If you have an idea to give a surprise for your love, I highly recommend this place. There are two decks on the boat. The upper deck (no roof) has seating with a beautiful surrounding view. Food is delicious. Staff is very friendly and helpful. Call to them and reserve before you come.",4.4,2026-05-02T08:06:56.971627+00:00
ChIJhzOV77tb4joRC3rSKUhpYcY,Dinemore - Wellawatte,"39 Boswell Pl, Colombo 00600, Sri Lanka",6.8711736,79.85843799999999,4.0,5628.0,2.0,70.0,"establishment, food, point_of_interest, restaurant",0112 363 454,http://www.dinemore.lk/outlets_dtl.html?oultid=TWc9PQ,True,5,"The restaurant has potential, but my recent experience was quite disappointing. As soon as we entered, there was a noticeable unpleasant smell in the area. We waited around 45 minutes for three submarines and one pizza, a guy next to our table ordered after us and he was served max. Within 5-10 mins. , while we had to wait and wait and when the food finally arrived, all the submarines were cold and the portion of fries was very small. We ordered spicy chicken submarines but we received a wrong order it wasnt spicy chicken it was dry and something else, didnt want to create a scene so we ate what was served and paid for it. It seems the owner is focused on opening new branches, but it would be wise to improve the standards and consistency at the existing locations first | We ordered lime juice and Pepsi at the beginning and following that we ordered two and to conclude our dinner we also ordered one chip shake with peanuts.
Chip shake with peanuts is a MUST to try at Dinemore. It was extraordinary...! Chilli chicken shawarma which is the most spiciest in Shawarmas of Dinemore.
It took a bit longer to get our main course but still the wait was worth it.
Calm ambience which is much appreciatable without high volume songs. There are seating spaces outside too where you can enjoy the beach too.
The total bill for us was Rs.3,390 (3 of us) | The restaurant has seating available in two floors but mostly crowded. The waiting time is reasonable and service is okay. Submarines are recommend. | *5/5 Stars*

""I recently dined at Dinemore Resort and had a wonderful experience! Their submarine sandwich is a must-try, it's my favorite dish. This time, I opted for the veg lunch with my hubby, and it was delicious.

One suggestion I would like to make is adding hot beverages to their menu, such as milk tea, plain tea, or hot chocolate. It's a small addition that would elevate the dining experience for customers like me who love pairing hot drinks with their meals.

The ambiance is calm and peaceful, making it an ideal spot for a quiet dinner or a pocket meeting. The staff were friendly, and the food was great. Overall, I highly recommend Dinemore Resort for a relaxing dining experience."" | Worst beef chops experience. It was 2400/- and outer part of the beef was deep fried. Chops tasted savor the masala was terrible. Naan was very average. We didn’t finish the food.",3.4,2026-05-02T08:06:56.971627+00:00
ChIJcRYWFeVa4joRH4ZNKy58MUU,Abilities,"23 Lake Road, Dehiwala-Mount Lavinia, Sri Lanka",6.8445883,79.8841889,3.7,9.0,,33.2,"establishment, food, point_of_interest, restaurant",0112 738 801,,True,5,"Shamini Ovitigama went above and beyond to deliver our needs. My wife and I are so happy with her work, as she catered to our needs spot-on.

Thanks Shamini! |  |  |  | ",4.2,2026-05-02T08:06:56.971627+00:00
ChIJBajAtFha4joRFHucVPVgaNs,RAW Organic Handcrafted Juices,"382/9 NAS Silva Mawatha, Boralesgamuwa 10290, Sri Lanka",6.8584955,79.8917883,4.7,35.0,,33.2,"establishment, food, point_of_interest, restaurant",077 771 0229,http://www.rawsrilanka.com/,False,5,"Great place for unique and ayurveda-style juices. We got a pack of 36 juices (for 2 people) to do a juice cleanse here in Colombo and it was a great experience! The quality of each juice, the mix of flavours and the inclusion of super cool and healthy herbs and veggies were a super good touch. I really recommend this place! Also price-wise, it's really good in comparison with western prices! Ronali (the manager/owner) was so so nice to us and even whatsapped us to know how the cleanse was going. She is a super nice lady, 10/10 service and quality. | I have personally tried all cleansing juice available at RAW and its absolutely amazing in every sense. My favorite is the 3 day advance cleansing pack. It was super hard at first for solely relying on juice but its worth it. The body feels light, gain discipline to avoid solid food, clarity in mind and the refreshing feeling is awesome at the end of the 3rd day. Might shed few kgs as well.
I would recommend anyone who wants to try this as its good way to cleanse our bodies with all the food we've been consuming daily. A re-boost is essential for the body on a long run in retaining a quality and healthier life. | Juices are touted as quick fix “weight loss”.  If I’m to share my personal experience with you, my exact words would be “I feel absolutely amazing after the 3 day advance cleansing!!”

I tried this for the first time with my husband after celebrating Christmas and New Year eating too many junk foods. It not only cleanses your bowels, but also balance the electrolytes, clear bacterial infections and the biggest result is that it hydrates your skin by adding an extra glow.

We both feel very much light in weight, lost about two to three inches just in 3 days in waist area (tummy loss) and also we feel super boosted.

Raw cleansing has taken the vegetable and fruit industry into an extra level and I’m in love with the compressed tastes of all the blended flavours. I would definitely have it once again.

Raw Cleansing is the PERFECT RESET that Your BODY NEEDS!!

Keep up the good work :) | Best place to order organic cold pressed juices. They have cleansing juice packages as well... Expect to pay around LKR 450 per juice + delivery fee.. highly recommend! 😊 | I have followed the RAW juice cleanse now for nearly 2 years and have experienced the results. It works every time if I need to lose weight. I have done other juice cleanses but with the variation of blends that’s sent with each program,  it’s never boring to follow this juice cleanse. I’m never hungry and feel energetic enough to follow my regular workout/lifestyle routine whilst on the cleanse. Even better, for weeks after the cleanse I go off all my cravings.
It really helped to have Ronali sending messages of encouragement and checking on how the program was going the first few times I was on it.",5.0,2026-05-02T08:06:56.971627+00:00
ChIJvyjbVvJZ4joR3GVpKDcZodc,Chinese Dragon Cafe - Rajagiriya,"No. 1082 Kotte Rd, Rajagiriya 00800, Sri Lanka",6.9077847,79.90001649999999,4.2,2840.0,2.0,75.0,"establishment, food, point_of_interest, restaurant",0117 808 080,http://www.chinesedragoncafe.lk/,True,5,"☙ The food was absolutely delicious with authentic flavors, generous portions, and nice presentation.

☙ Every dish was fresh, tasty, and served hot. The food was very enjoyable.

☙ The portions were large, and the prices are fair and reasonable.

☙ The staff were friendly and helpful. and the service was quick and smooth.

☙ The place is clean and comfortable, making it a nice spot to sit and eat.

❧ The ambiance is okay, but it could be improved to feel more special.

♨ Overall, Chinese Dragon Cafe - Rajagiriya is a friendly and pleasant place for good Chinese food.

♨ I would recommend it for good food and value ♨ | A trusted place for years, and their branches have the same flavours and taste profile.

Service can be a little slow, but worth it ultimately.

Prices are on the high side, and have steadily increased.  Family of four would spend around 10,000 with 4 dishes.

Don't forget to try the popular and famous hot butter cuttlefish | Chinese Dragon Cafe in Rajagiriya is conveniently located and easy to access. The ambiance is moderate but comfortable, and the staff are friendly and attentive. Food quality is decent, with prices that are quite reasonable for what you get. Overall, a good place for a casual meal with balanced taste, price, and service. | We recently visited Chinese Dragon Café in Rajagiriya and had a really enjoyable experience. We ordered 2 Cokes along with a regular portion of fried rice with shrimp and chicken. The food was delicious, well-cooked, and flavorful, with the shrimp and chicken adding a nice balance of taste. The portion size was very generous, definitely worth the price, and more than enough for a satisfying meal.

What makes the place stand out is not only the quality of the food but also the customer service. The staff were polite, attentive, and made sure we were comfortable throughout. The environment was clean, nicely set up, and had a welcoming vibe that makes it a pleasant spot for dining, whether with family, friends, or even just a casual outing.

Overall, Chinese Dragon Café Rajagiriya offers both great food and a good atmosphere, making it a place I would definitely recommend and visit again. | RAJAGIRIYA OUTLET..I ordered the Chinese dragon set menu..it took more than 1 hour and 26 minutes... normally there say 45 minutes to 1 hour...if it is late more than one hour what is the rule in sri lanka for this?? Driver came and argued with and he took the food back....early inside in my food had a big warm on the chopsuey..for that I didn't take a action...now I thought show how chinese dragon service",3.8,2026-05-02T08:06:56.971627+00:00
ChIJyWBpyhlZ4joRtHknTf4wN2U,Nom Nom Thai Seafood Restaurant,"335A McCallum Rd, Colombo 01000, Sri Lanka",6.931068499999999,79.8552807,3.6,1152.0,2.0,62.7,"establishment, food, point_of_interest, restaurant",0112 380 972,https://www.facebook.com/Cey-Nor-Thai-670852179933621,True,5,"Thai food is a flavorful journey that tantalizes the taste buds with its perfect blend of sweet, salty, sour, and spicy flavors. Whether you're a fan of classic Pad Thai, rich Green Curry , Good place to have a get together in colombo. Anyway food is good. ❤️ | The worst sea food experience I ever had. Food was awful. Staff very rude. The Chef didn’t even step out when spoken to. I ordered a seafood grill but the dish came as a boiled seafood platter. Garlic bread was with raw garlic. Sea food was stale as well. Staff said they don’t have lime. What type of a seafood restaurant operates with out lime. We didn’t eat any thing we ordered. Came back never to go again | The view is great on both day and night with Colombo skyline and the Beire Lake. Outdoor seating give a nice feeling at night. You can arrange a group party there with bites and buffet. Hoppers, kottu, noodles, fried rice etc available. Calm place. The indoor area is also gives a unique feeling. Parking is not an issue here. | When we last visited on a Saturday, we had to order our menus in advance and wait for soft drinks to be ordered and delivered from somewhere else. I don't know if it was due to the current situation or not but somehow it was a bit awkward. And the level of service was lacking. Considering the service and the way we felt, the food was pricey. But the scenic view is good. | Food wasn’t that great but ambience & view will absolutely sweep you off your feet.

It’s good place for a small get together.
Ambience- awesome
Restaurant- can’t call it a restaurant
Parking - ample
Amenities- basic",2.8,2026-05-02T08:06:56.971627+00:00
ChIJZ0VRtSVZ4joR_Tcsc7YqdfU,Heladiv Tea Club,"No 8, Old, Dutch Hospital, Colombo 20000, Sri Lanka",6.9336498,79.8435544,4.2,426.0,3.0,49.7,"establishment, food, point_of_interest, restaurant",077 267 3873,,,5,"The experience is wonderful. Food is super nice looking as well as taste is wonderful. But the talking about the price point, portion is not values for the price. But overall the experience is super good. Further have to mention on the Happy Hour drink offers. Worth the price. And as at today, 33% VAT is charged. Overall if you are trying out outlets in dutch hospital, Heladiv tea club is a must. | One place that have never let us down.. Been there several times now and the service was great and consistant irrespective of the server. Food is always great; in love with the mustard pork bite and the chicken sliders. All the signature cocktails are amazing ( beware of the high alcohol % though 😉). With the all day BOGOF it is the ideal place for a meetup anytime of the day. | Located at Dutch Hospital surrounded by many other restaurants and pubs. Quiet place during lunch hours, but crowded during the evenings. Since most of the people come to relax after work, gatherings.

Parking space is common for all the restaurants and need to take a ticket, which is not computerised, but managed by a group of people. Food was good for price especially Caramel Tea. Alcohol is also available. Friendly staff. | Finally found the only place in Colombo that serves shisha from 8:30AM with correct working hours. However, their expected time of preparing shisha is 30-40 minutes. Hookah is bad but average for Colombo. They do it only on the terrace so the coils are always closed and burn tobacco very fast. They have only Adalya like tobacco or something, so you know the deal. I also had a fruit platter which was served for 30 minutes in the evening. Quality of these fruits were below average, but still enjoyable. At nights, they can miss your request and ignore your asking at all. | Calamari is the one of the best food we ever eat in sri lanka. Highly recommended",4.6,2026-05-02T08:06:56.971627+00:00
ChIJs4RfQw5Z4joRELts0VrPYhw,Ibrahim Eating House (Beruwala Kade),"25 Ven Baddegama Wimalawansa Mawatha, Colombo 01000, Sri Lanka",6.9267996,79.8652721,4.1,670.0,1.0,60.9,"establishment, food, point_of_interest, restaurant",0112 696 930,,True,5,"The beef koththu never disappoints! Truly worth the money spent | Ibrahim Eating House never disappoints! Their beef kudu is my top favorite — rich, flavourful, and always cooked perfectly. The prices are very reasonable, especially for the quality of the food. One of the best places for tasty Sri Lankan dishes | I ordered from Uber eats guys I need to warn you, it was amazing I got the beef fried rice it tasted so good it tasted like fried rice and biriyani and and it was a little spicy for me but little did I know their gravy tasted like so similar to the elephant house hot dog sauce, it was truly lovely. Enough for 2 people. | I know from 1998. On that, your rice and curry are delicious and valuable for money. But after the renovation management should consider the food quality and customer care. | I once ordered food from here via PickMe. Even though the food was somewhat okay, I would give it only 1 star because the packaging was extremely poor. Poor packaging shows how little they care about their customers. Once someone orders from here, they will most likely never order again.",4.0,2026-05-02T08:06:56.971627+00:00
ChIJFc3v-3BZ4joRSXK6tFFayTU,Kang’s Kitchen,"28/1 Horton Pl, Colombo 00700, Sri Lanka",6.9113107,79.8662465,4.5,1196.0,2.0,62.9,"establishment, food, grocery_or_supermarket, point_of_interest, restaurant, store",0112 697 216,,True,5,"As someone who has been to Korea many times, I can confidently say that this Korean home-style restaurant is incredibly authentic! We chose it as our last meal in Sri Lanka, and we absolutely didn’t regret it.
The restaurant has a cozy, homey interior, and the four of us ordered quite a lot of dishes (the portions were much bigger than we expected, haha). Even so, we still finished almost everything — which shows just how delicious the food is.
My personal favorite Korean dishes are Gamjatang and Yukgaejang, and the versions here were pretty good as well. It would be even better if the beef in the soup could be the typical shredded beef commonly used in Korea.
The fried chicken, tteokbokki, spicy stir-fried pork, jjajangmyeon, and kimchi pancake were all excellent too. And don’t miss the desserts — they were surprisingly good!
Considering the quality and authenticity, the price is quite reasonable for Colombo. I highly recommend this place! | Kang’s Kitchen Authentic Korean Restaurant was my first visit, and I really enjoyed the experience. The vibe is great, and K-POP fans will absolutely love the place — it’s filled with K-POP posters that add a fun and lively atmosphere. It’s best to make a reservation before visiting. Parking can be a bit tricky since the location and access road are quite small, but there is a valet available who helps manage parking, which makes things easier. The food is great, and you’ll definitely enjoy the authentic Korean flavors here. A nice spot for Korean food lovers. | I've always wanted to try Korean food, and I finally got the chance recently at Kang's Kitchen. The flavors were absolutely mouth watering, and everything we ordered was delicious. I may have gone a bit overboard with ordering and ended up stuffing muself, but it was totally worth it.

The service was really good, friendly, attentive, and quick. The food was beautifully presented and very eye-pleasing, with perfect portion sizes. I especially loved how well the flavors were balanced, with just the right mix of sweet and spice.

The interior is also done really well and adds to the overall experience. Even though I'm not a Kpop fan, I think Kpop lovers would really enjoy the upstairs area, where the walls and ceiling are filled with posters and themed decor. Overall, it was a great first experience with korean food, and I'd definitely go back. | We visited Kang’s Kitchen – Colombo 7 for our very first Korean dining experience in a Sri Lankan restaurant, and it truly exceeded our expectations. We ordered Jajangmyeon, Dak Bokkeum with steamed rice, along with a mango juice and Coca-Cola Zero.
The staff was very supportive, especially when helping us choose dishes since we were new to Korean cuisine. The food was absolutely delicious, rich in flavor and very satisfying. We also loved the restaurant’s cozy and vibrant vibe, which made the experience even better.
Our total bill was around LKR 9,000, which felt reasonable for the quality and authenticity offered.
Overall, a wonderful first taste of Korean food in Sri Lanka 🇱🇰 we’d definitely visit again! | I had the opportunity to enjoy the delicious and authentic Korean cuisine at this restaurant. The food was truly flavorful and absolutely finger-licking good! I was very satisfied with both the taste and the service. Highly recommended for anyone who loves genuine Korean food.",5.0,2026-05-02T08:06:56.971627+00:00
ChIJU2tRjPtZ4joRjYMG2r-zuyk,Venus Grill,"112 Bankshall St, Colombo 01100, Sri Lanka",6.938329299999999,79.8511011,4.0,7.0,,29.6,"establishment, food, point_of_interest, restaurant",,,True,5,"A famous and well known place in Pettah for its Grill Buns and Cup of tea. This has been the kind of combo for any individual who comes to eat here .

I've tried all the buns at their shop . Except for the curry filling other buns are filled with Nuggets mostly. The best part is that it's grilled at a high temperature in an electric toaster that makes it crispy and fresh .

Their is soo special they add cardamom and ginger . | Great and authentic lunch in Colombo! Staff very friendly and helpful | famous grill bun shop at pettah near the kovil... famous with locals and foreigners.... | A place in pettah we always stop by the food is cheap and very tasty. It's always value for money and the best place for tea. | The wait picked his nose and touch the food with same hand and served to the customer, so soon I leaved this place without ordering anything",3.6,2026-05-02T08:06:56.971627+00:00
ChIJY7dvG3ZZ4joRXKdXdIAub_U,Zylan Colombo,"115 Rosmead Pl, Colombo 00700, Sri Lanka",6.913980199999999,79.8740116,4.4,425.0,,51.6,"establishment, food, lodging, point_of_interest, restaurant",0112 686 883,http://www.zylancolombo.com/,True,5,"Stayed here based on a recommendation of friends who live in the area. For a boutique hotel of this level we did not expect our room to look like this.

The hotel is very nice in the lobby and restaurant area. However, the room they assigned us (204) was a different story. The first night there the aircon didn’t work correctly. Then the fan went out in the room. The next day they said it would be fixed but it wasn’t. Instead of moving us to another room they had in this room and took the TV too since the air on was leaking on the table. Finally by day 3 the aircon got fixed along with the fan.

The shower was disgusting as the tile looked like it hadn’t been scrubbed in quite a while with moldy grout. They came in to clean it after we complained. The pictures show after the cleaning.

Went to use the pool on day 2 but it was so cloudy we were afraid to swim in it. So we paid for a hotel where we could not use the pool.

The only positives we had were the service of the staff and the breakfast each morning. The food choices were great and delicious. If a little more care was provided to the rooms themselves the place would have been spectacular. | Nice for a lunch or dinner out. Not very crowded and can easily reserve. Have outdoor and indoor areas. Great for pictures. Food at Zen restaurant is very tasty. Must try the prawn tempura. Tender and succulent. | This tastefully designed boutique hotel in the heart of Colombo is my go-to whenever I visit. The spaces perfectly balance luxury and comfort, the staff are so welcoming and accommodating and every meal is a unique experience from creative fusion dishes to traditional delights. The rooms are spacious and comfortable with so much care and attention to detail adding to the bespoke experience. I couldn’t recommend Zylan enough if you’re looking for a perfectly located escape and unforgettable experience.  Thank you to the Zylan team. | We had a lovely stay at Zylan.  The hotel is real sanctuary from the hectic city outside.

Our room was big and comfortable, and the spa bath was a lot of fun.  The restaurant area is set in a lovely and cool atrium sort of room, with little courtyards leading off it.  Was a beautiful place to have a quiet breakfast.

And the rooftop bar and swimming pool was pretty awesome.

All in all a great experience.  Thanks guys! | From the moment we arrived at Zylan we felt so welcomed and in boutique luxury! The decor and interior design is incredible- there are so many beautiful spots to hang out comfortably. We stayed in room 203 and it was perfect! Spotlessly clean, fresh and the bed was super comfortable too with so much space. ALL the staff were super friendly throughout our stay - special mention to housekeeper Nimal who always stopped for a merry chat!:) highly reccomend if you’re looking for a unique getaway.",4.6,2026-05-02T08:06:56.971627+00:00
ChIJo_OAIbhb4joRE3KUOx5W_K8,Chana's - Wellawatte,"W, 54 W.A. Silva Mawatha, Colombo 00600, Sri Lanka",6.875883,79.8631211,3.9,1630.0,2.0,67.1,"establishment, food, point_of_interest, restaurant",0117 939 788,http://www.chanas.lk/,True,5,"Last week, I visited Chana’s Restaurant, located in Wellawatta.
We ordered chicken gravy with butter naan and chicken biryani, and both dishes were very tasty and delicious. We also tried a chocolate milkshake, which was also really good.
The interior design is nice and pleasant, and the staff were friendly, making the experience enjoyable.
Overall, it was a satisfying visit, and I would recommend this place. 🍛🥤✨ | Had a great experience at Chana’s Restaurant, Wallawaththa. The food was very tasty and fresh, with good portion sizes. The service was friendly and quick, and the place was clean and comfortable. Overall, a very satisfying experience. Highly recommended for anyone looking for good food and great service. | We had Butter Chicken Biriyani. It gives a good authentic taste. Rice and chicken freshly prepared. Good amount of chicken portion added.

Prices are bit higher. Only Biriyani has large portions. Other rice options are comes with single portions.

Good customer service. Table are clean and nice modern interior. | Had lunch at this restaurant and tried the biryani. The food was delicious and well-prepared, with good flavors. Overall, it was an enjoyable meal and a satisfying dining experience. | Just had dinner at Chana’s in Wellawatta and it was an absolutely lovely experience! The food was fresh, full of flavour, and served hot. You can really tell they care about quality here. A special mention to Mr. Upul, who took such great care of us throughout the evening. He was incredibly friendly, accommodating, and attentive, making sure we had everything we needed. His dish recommendations were spot on too. We tried a few things we wouldn’t have picked otherwise, and they turned out to be our favourites of the night.

Overall, great food, great service, and a warm atmosphere. Definitely coming back again soon!",4.4,2026-05-02T08:06:56.971627+00:00
ChIJCSkmIiRa4joR3Pn5wptUMCk,Olive Garden Citi,"348 4th Ln, Colombo 11222, Sri Lanka",6.8934764,79.8897164,4.0,134.0,1.0,47.6,"establishment, food, point_of_interest, restaurant",077 758 5470,,True,5,"Such a waste of money. We bought one vegetable rice and curry and one fish rice and curry. Before we started eating, we asked for the prices since they were not displayed. The owner said the vegetable rice and curry was 300 and the fish rice and curry was 400.

When we ordered, we said we would be eating at the place, but the owner did not inform us that the prices change for dine-in. When we went to pay, he said that since we ate there, the vegetable rice and curry was 400 and the fish rice and curry was 680. He should have informed us beforehand instead of ripping us off.

For the amount we paid, we could have had much better food at Pelessa. In addition, we bought two mixed soya ice creams, and the vanilla ice cream tasted old. The food overall was average.

I do not recommend this place. Don’t go there. | We went to get lunch today, when we inquired the price they said the vegetable rice and curry was 300 and the fish rice and curry was 400 (as of 2025.12.22) so we sat and had one fish and one vegetable rice and curry, but when we went to pay they said vegetable was 400 and fish was 680 because we dine in. There were no notice or they didnt even notify about this prior even when we inquired about it. We ordered ice creams but the vailla ice cream was spoilt. I do not recommend this place | Great and very affordable Sri Lankan rice and curry buffet for lunch. We had the fish rice and curry, and was pleasantly surprised to find it only costs 350 Rp for a good lunch portion. The curry was spicy and flavorful, packs a punch! Seems like a great place for the weekday lunch crowd. | Don't buy the damned fried rice. 1200 and they give a really generic, small portion fried rice. Not worthit | One of the decent places in the Nawala area to eat. The food is really good, if you're a big eater this place has a buffet for lunch  (rise and curry). The prices are reasonable. The place is clean. Since its a family run business you can always speak to the owners for orders regarding takeaways .",2.6,2026-05-02T08:06:56.971627+00:00
ChIJI0IRyyVZ4joR8UM7g4ZVAIM,Burger King - Fort,"Old Dutch Hospital Complex, Courtyard 2 Hospital St, Colombo 00100, Sri Lanka",6.934016600000001,79.84342830000001,4.4,1284.0,2.0,58.4,"establishment, food, point_of_interest, restaurant",0115 123 123,https://burgerking.lk/,True,5,"I was so hungry went to this place ordered a chicken burger they took almost 20 mins to served the burger and was really hot inside the place I know it was sunday quiet day but 20 mins to serve a burger in a fast food shop really more than good enough time and fries also cold. | Apparently they are only open at 10, though the entrance sign says it's open! Secondly, it says they have breakfast menu till 10 & walked in at 9:30 and the cashier said they have only whats on the menu (which is the usual Burger King menu) and when I tried to order from that, cashier said they are only open at 10. Interesting.. false claims and advertising. No wonder why no one walking in anymore.. lazy staff or corporate issue? | Hadn’t had a Burger King in a while so was excited to come here.  We arrived and ordered no problem.  We then sat down to wait for our food and it was really hot in the restaurant and I noticed the AC wasn’t on, I asked them if they could put it on; to which the replied, it was broken.. great start.  The restaurant wasn’t busy at all, there were 4 people in front of us and 3 after us.  We waited 30 minutes to receive 2 whoppers.  Absolutely crazy wait time for a fast food place that wasn’t actually busy.  When the food came the burgers were ok but the fries were completely overdone as if they’d been forgotten about, and had no salt whatsoever.  To top it off they had no ice to go in the soft drinks.  Best to avoid this place, one of the worst BK experiences to date | Food is good quality and service also ok. But atmosphere is not vibe and chill. Not spacious. Not washroom facilities and not having a tap to even wash the hands. Staff is friendly. Good for 2-6 group of members to have a meal. With limited spaces in dutch hospital, Colombo Fort, this is normal. | The only decent item was the fries. The spicy chicken burger had a raw patty, the King Rice gravy was watery and too salty, and service was extremely slow – food came late, making us miss meetings. Staff mishandled complaints, the outlet was poorly maintained, and orders were repeatedly missed. Very disappointing experience, not up to Burger King standards.",2.4,2026-05-02T08:06:56.971627+00:00
ChIJXTCqfepZ4joRQDTuRIZqirY,Colombo Dutch Hospital (Fort),"Hospital St, Colombo 00100, Sri Lanka",6.9338786,79.8433874,5.0,1.0,,22.9,"establishment, food, point_of_interest, restaurant, shopping_mall, store, tourist_attraction",076 747 1863,,True,1,"Highly recommended for a relaxed evening out, premium dining, or picking up authentic, high-quality Sri Lankan gifts in a beautifully preserved historic setting.",5.0,2026-05-02T08:06:56.971627+00:00
ChIJU7w7sLFb4joRSnZtDEr9Av8,Curry Cabin By Nandani,"129 Sri Saranankara Rd, Dehiwala-Mount Lavinia, Sri Lanka",6.869235799999999,79.866736,4.1,25.0,,41.0,"establishment, food, point_of_interest, restaurant",077 348 2526,,True,5,"Short eats are truly nice. Carefully prepared. Not oily, soggy or stale. The owner takes orders for shorteats and is able to customize it. | This place is good. The burgers were yummy but I was most satisfied with their customer service. There was an issue with the driver and we didn't get a portion of our fries, Curry Cabin sent us a new portion and added some nuggets too which was a pleasant surprise. Its the little things that make the customer experience more memorable 🥺❤️ Thank you Curry Cabin☺️ | Super place, Great food at a  affordable price. Have tried their
Rice and curry
Hot roles
Fried rice
Nasi Goran
and they all taste really good. Really nice people as well. Take away only and they take bulk orders for roles and stuff as well | Please try to improve your customer service. Feels very disgusting about the way they treated me. I just went to this place yesterday and requested some food that costs around 110 rupees. When i tried to pay it from a 500 a lady from a corner started yelling no changes. Then the lady that i asked food for, just ignored me like nothing and started talking a new customer. Then i asked again wether they have changes. Then that lady from the corner started yelling like මාරු නෑ මාරු නෑ and they just ignored me to give the food i requested. So i walked away and decided never to come this horrible place again. | Small but a lovely business place running by a very lovely family. Highly recommend their food..",4.0,2026-05-02T08:06:56.971627+00:00
ChIJmzIcuBtb4joRkbc-BFdWMMM,Arthur's Pizzeria - Mount Lavinia,"220 Galle Rd, Dehiwala-Mount Lavinia 10370, Sri Lanka",6.841793999999999,79.866795,4.6,4848.0,2.0,65.8,"establishment, food, point_of_interest, restaurant",0117 955 955,http://www.arthurs.lk/,True,5,"Ordered 4 cheese and magarita half half pizza. Pizza was tasty. We think you can do more with topping extra 250 was charged for mushrooms but there were about 3 of them. Providing sause is nice.
Then we ordered lime n sprite juice which was 695. It is not worthy.
Service is good.
Please introduce sea food range. | Good service, very nice dough and fresh ingredients. They even have a collection of their own hot sauces which are very nice!! Would recommend:) | Absolutely loved this pizza place! The food was topnotch fresh, tasty, and full of flavor. The staff were friendly, professional, and provided very polite service throughout. The restaurant was clean, well maintained, and had a welcoming vibe that made the dining experience even better. Highly recommend it to any pizza lover looking for great food and excellent service. Will definitely come back again! | Nimantha was nothing short of exceptional. Attention to details and courtesy on point. Had the Gym bro BBQ pizza and for the value the protein gains and taste were all worth it. Can’t wait to come back | I highly recommend this place for a unique pizza experience.. If you visit, be sure to order the Nai Miris pizza, which is a spicy and delicious Sri Lankan chili-based pizza. The vibe of this place has changed from its previous atmosphere (I love that days) it has now become a calm and quiet spot.. The service is excellent, and the prices are reasonable. It's very easy to find, as it is located by the seaside on Galle Road, next to the Lion Pub.",4.8,2026-05-02T08:06:56.971627+00:00
ChIJK73KQv1Y4joRci9zeWSZKbg,Shri Vani Vilas - Colombo 12,"256 M. J. M. Lafeer Mawatha, Colombo, Sri Lanka",6.9416838,79.86461419999999,4.1,3863.0,2.0,72.2,"establishment, food, point_of_interest, restaurant",0112 322 922,,True,5,"We decided to dine here recently and had a mixed but ultimately positive experience.

The 1st-floor AC family room is a great choice if you're with family, especially since the ground floor was fully packed and a bit too rushed for our liking. The ambiance on the first floor was calm and comfortable.

A special shout-out to the staff, who were incredibly friendly. It’s worth noting that only one person serviced the entire first floor, but since there were only a few customers, we didn't experience any service delays.

We ordered a few items, including meals, Onion Dosa, and Garlic Masala Dosa—all of which were good. The only miss was the Schezwan Veg Fried Rice, which we didn't enjoy. However, the way the staff handled the situation was impressive. When we pointed it out, they immediately offered not to charge us for it. We told them it was fine and asked for it as a takeaway instead, so they kindly redid the dish for us. That kind of hospitality goes a long way.
The only downside was the parking, which was a bit of a problem due to the rush downstairs. If you're visiting with family, definitely head straight to the first floor for a more peaceful experience! | Delicious South Indian Comfort!
Vani Vilas is a true gem for authentic South Indian food. From crispy dosas to flavorful biryani and perfectly spiced curries, every bite is a delight. The staff are warm and welcoming, making you feel right at home. Perfect for a quick meal or a cozy family outing. Don’t miss it! | This spot offers a decent, budget-friendly experience centered more on value and service than culinary excellence.

· Friendly Staff
· Reasonable Prices: You get fair value for what you pay—no surprises on the bill.
· Good Atmosphere (if busy): The place has a lively, popular vibe, though it can feel crowded.

What could be better:

· Food is Average: While edible and satisfying for the price, the dishes lack standout flavor or freshness. Improvement in taste and preparation would make a big difference.
· No Dedicated Parking: This is a significant inconvenience.
· Often Very Busy: Be prepared to wait or feel cramped during rush times, which affects the overall comfort. | The food was good, and the waitress was attentive and eager to serve us.

However, the main downside was that the floor had not been properly cleaned. As shown in the photos I uploaded, there were dead roaches visible on the floor.

I am not personally afraid of roaches, but in the hospitality—especially the food—business, this is unacceptable. The presence of dead roaches suggests an underlying pest issue, which is unhygienic. It also appears that poison may have been used, but the area was not properly cleaned afterward. Cleanliness is critical in a restaurant, and this was disappointing. | A great Indian restaurant for delicious vegetarian food. We ordered Paneer 65 Biriyani and Vegetable String Hopper Kottu with gravy via Uber Eats, and the delivery to Kadawatha took less than an hour. The food arrived fresh, hot, and well-packed. Both dishes were flavorful, aromatic, and made with a nice mix of ingredients. Highly recommended!",4.2,2026-05-02T08:06:56.971627+00:00
ChIJT0w2CTtZ4joRFlxN8qE_wX0,Shangri-La Colombo,"2, 1 Colombo - Galle - Hambantota - Wellawaya Hwy, Colombo 00200, Sri Lanka",6.928535399999999,79.84443619999999,4.6,16729.0,,76.0,"establishment, food, lodging, point_of_interest, restaurant",0117 888 288,http://www.shangri-la.com/colombo/shangrila,True,5,"I had a wonderful stay at Shangri-La Colombo. The hotel is very clean, the rooms are beautiful and comfortable, and the food was excellent.

What truly makes this hotel special is the staff. Everyone is very welcoming and professional. A special thanks to Oshadith at the pool area — he is always smiling and greeting guests warmly. His positive attitude made my day every time I came to the pool.

I would definitely look forward to staying here again. | Shangri-La Colombo represents modern luxury in the heart of Sri Lanka’s capital city. The hotel’s elegant design, combined with world-class service, creates an exceptional experience from check-in to departure.

The rooms are spacious and beautifully furnished, offering stunning views of the Indian Ocean or the city skyline. The bed was incredibly comfortable, and the bathroom featured premium amenities that added to the luxury feel.

The dining options are outstanding, with several high-quality restaurants offering international and Asian cuisine. Breakfast was a grand experience, with an impressive variety of fresh fruits, pastries, hot dishes, and local specialties.

The pool area is peaceful despite being located in the city, and the fitness center is well-equipped. The staff were professional, courteous, and always attentive without being intrusive.

Its central location makes it convenient for exploring Colombo’s attractions, shopping malls, and business districts. Shangri-La Colombo is ideal for both business travelers and tourists looking for comfort and sophistication in the capital. | Excellent hotel worthy of the 5 star rating. When you arrive the doormen welcome you and carry your luggage. The check-in experience was smooth and we appreciated the informal chats and tips of the staff. The rooms are luxurious with contemporary art and designed in a local but modern aesthetic.

The breakfast buffet is excellent and is now my standard for 5 star hotels. So many different options from pastries to sushi, along with many cooks who can make you eggs the way you like them, pancakes and much more. In the evening this buffet serves even more kinds of hot food and I recommend you try it out.

Overall Shang-Ri La Colombo has raised my bar for what I expect out of a 5 star hotel and  is an excellent first or final stop for tourists visiting Sri Lanka. | We stayed in Shangrila-la hotel on 8th and 12th January 2026. We had 4 rooms, rooms are luxurious, sea and port city view is amazing. Check in was smooth and quick. Club lounge service is professional and staffs are Always helpful.
One of the  area we throughly enjoyed was  Breakfast buffet. So much tasty food and enjoyed your Yara Tea . Pool and the steam room was awesome. Lobby bar is a relaxing place to sit and enjoy your tasty pice of cake and tea
We enjoyed well our stay in the hotel and would like to Thank Julian Front Office Manger, Restaurant manage Maki and Tharaka at the executive lounge for your great hospitality | Beautiful hotel. The service here is top notch. Very nice rooms, they’re starting to get a bit dated now that the hotel is about 10 years old and popular, so the traffic is clearly high.  But the food at the restaurants is excellent, the amenities are superb, it’s connected to a huge mall, safe and secure. Nowhere better to stay if visiting Colombo.",5.0,2026-05-02T08:06:56.971627+00:00
ChIJN6GPIV5Z4joRU1-gmfmP5eo,Sakura Restaurant (Kinjou Restaurant),"33 Amarasekara Mawatha, Colombo 00500, Sri Lanka",6.885150599999999,79.8662966,3.9,501.0,2.0,59.8,"establishment, food, point_of_interest, restaurant",0112 591 728,,True,5,"It’s a very old building but when you go inside it gives the true Japanese vibe. Not crowded at all. Food is really good. We ordered a Mixed Chopsuey Rice and a Manchurian Chicken. Well, it was our first lunch date. | 1. Gyu niku beef is not soft.
2. Non environmental friendly restaurant
3. They use single use plastic bags and containers
4. They billed me plastic bags and plastic container without my knowledge
5. Other restaurants in town they use paper psgs and cardboard boxes without extra cost to customers also environment friendly
Eg: chinese dragon restaurant | Went there after years and the food is still very tasty , staff is very courteous and shows better hospitality than some of the new high end restaurants in Colombo , atmosphere can use some improvement but it adds to the old school charm , still like the same place I went to as a child with my parents. Very nostalgic. I recommend the chicken and cashew nuts and the hot  garlic prawns . | I've been coming here for 25 years and they have maintained the food standards. I would highly recommend their bean curd home style. Personally, I think they do the best vegetarian Chinese food around. My wife loves the Black Pepper Pork (she is from Ja Ela). | Went in a weekend the place was not crowded so had a peaceful dinner. Food and service was excellent but the place could have been a bit brighter but overall it’s a nice place to hangout with friends and family. Specially I liked the dishes we ordered.",4.2,2026-05-02T08:06:56.971627+00:00
ChIJd8KYkURa4joRRCPaB6fVZjo,Pizza Hut - Nugegoda,"197 Avissawella Rd, Nugegoda, Sri Lanka",6.8692223,79.8903098,4.3,3010.0,2.0,62.4,"establishment, food, meal_delivery, meal_takeaway, point_of_interest, restaurant",0112 729 729,https://www.pizzahut.lk/,True,5,"I had a very good experience at Pizza Hut. The food was fresh, hot, and very tasty. The pizzas were well prepared and served quickly. The staff were friendly, polite, and attentive, which made the visit even more pleasant.

The restaurant is clean and has a comfortable atmosphere, making it a nice place to enjoy a meal with family or friends. The service was efficient, and the overall experience was very satisfying.

The only small inconvenience is that there is no parking available, which can be a bit difficult during busy times. Other than that, everything was excellent and I would happily visit again. | I visited Pizza Hut Nugegoda yesterday and ordered the Bolognese Chicken Spaghetti. The dish was burnt and had no proper flavor at all. When I informed the team, they mentioned that they had changed their standards, but the quality of the food did not reflect that.
The spaghetti lacked taste, and the burnt flavor completely ruined the meal. This was very disappointing, especially considering the usual standards I expect from Pizza Hut. | Quality of pizza is significantly low than what is used to be. Bought two large pizzas like one month back even with extra cheese request I noticed lot less cheese+ pizza was heavily under cooked I thought it must be mistake. Then last week bought two large pizzas again again same story but this time it's so hard to find any cheese on the pizzas a total bogus product waste of money, utterly disappointed | Great service, clean restaurant, just okay pizza

It's your typical Pizza Hut, nothing fancy. We tried the Double Chicken Cheesy Fiesta. While it wasn't the most flavorful pizza I've ever had, it was decent and satisfying.

The atmosphere was excellent. The restaurant was very clean and tidy. The staff was fantastic as well. The person who took our order had a warm and welcoming smile. They were quick, friendly, and even helped me with a personal issue I had in a swift and helpful manner.

Parking is available on-site, but the lot is a bit small. Overall, this is a good spot for a decent pizza experience with exceptional customer service. Kudos to the staff! | visited Pizza Hut Nugegoda yesterday, and unfortunately, my experience was quite disappointing. While the food was okay, the overall service and environment left much to be desired.

Parking Issue

One major issue is that they don’t have car parking space, which makes it very inconvenient for customers. While we were dining, a staff member rudely approached us and asked if a certain car was ours. Without much care for customer experience, they simply said, “Police told us to move it to the other side.” This abrupt and unprofessional behavior left a bad impression.

Food Quality (6/10)
•	The food was average at best.
•	Cinnamon rolls were not as tasty as they used to be in 2023—seemed like the quality had dropped.

Hygiene Issue – Flies Everywhere!

The biggest concern was flies in the restaurant. They were all over the place, including on the food! This was extremely unhygienic and made it very difficult to enjoy the meal. (I have attached photos as proof.)",2.4,2026-05-02T08:06:56.971627+00:00
ChIJtVspF_Jb4joRQ5_WvJ4-dH8,Tropic Inn - Mount Lavinia,"30 College Avenue, Dehiwala-Mount Lavinia 10370, Sri Lanka",6.838731699999999,79.8651199,4.4,212.0,,54.8,"establishment, food, lodging, meal_takeaway, point_of_interest, restaurant",0112 738 653,http://tropicinn.lk/,True,5,"I arrived at Tropical Inn straight from Colombo, and it was the perfect soft landing. Since I arrived early, the staff went above and beyond to prepare my room quickly so I could rest—which I truly appreciated. The hospitality here is outstanding; everyone is so kind and welcoming. The hotel is spotless, has a great vibe, and is located just 30 seconds from the beach. I had an amazing time and will definitely be coming back. Highly recommended | The hotel is ideally located near the beach, which is excellent and very easily accessible.

The property was exceptionally clean. Although there were a few ants in the room, this did not significantly affect our stay. The staff members were consistently friendly and helpful. The hotel has a modern design: however, there does not appear to be a gym on-site.

The bed was extremely comfortable, and the air conditioning was very powerful and effective.

One minor area for improvement concerns the dining experience. While the national dishes served at the restaurant were good, the international options (such as pasta) were less impressive. Additionally, the breakfast selection was somewhat limited. Despite these points, the overall experience was very good. | Loved our stay at Tropic Inn! From the moment we arrived, we were greeted with genuine warmth and kindness. Every interaction — was personal, attentive, and thoughtful. They went above and beyond to make our stay comfortable.

The rooms are clean, cozy, and peaceful — perfect for unwinding after exploring the city. The location is fantastic: just a 2-3 minute walk to the beach, close to shops, restaurants, and city attractions, yet wonderfully quiet.

For anyone visiting Colombo, the combination of comfortable rooms and extraordinary staff makes Tropic Inn a gem. We left feeling like we had not just stayed somewhere, but been truly cared for. 🌅 | Our stay at Tropic Inn, Mount Lavinia, was comfortable and pleasant from start to finish. The property has a homely atmosphere and is conveniently located just a short walk from the beach and nearby restaurants.

The rooms were clean, tidy, and well-equipped with everything we needed. The staff were exceptionally friendly and helpful - always greeting us with warm smiles and making sure we felt right at home.

It’s a great place to relax, explore Mount Lavinia, or enjoy a peaceful beachside getaway. We truly appreciated the hospitality and would be happy to stay here again! | I had a very pleasant stay! Everything was super clean and convenient. The hotel is just a 4-minute walk from the beach, and the staff were incredibly friendly and amazing. Very affordable, and I would definitely recommend staying here",4.8,2026-05-02T08:06:56.971627+00:00
ChIJE58qOWdZ4joRXmuoFCxi730,Bellagio Colombo,"430 R. A. De Mel Mawatha, Colombo, Sri Lanka",6.904897000000001,79.8536133,4.4,1412.0,,70.1,"casino, establishment, finance, food, point_of_interest, restaurant, tourist_attraction",075 588 6688,http://www.bellagiocolombo.com/,True,5,"Bellagio Colombo: An Exclusive Experience with a Less Personal Touch

Bellagio Colombo offers a distinct casino experience in Colombo, one that appears to cultivate a more exclusive or perhaps international atmosphere. You might find a more diverse, or less concentrated, gathering here.

While the food and ambiance at Bellagio are often highlighted as great, the people and overall social environment might come across as less warm or engaging compared to other venues. The focus here seems to be more on the sophisticated surroundings and the gaming itself, rather than fostering a particularly vibrant, mass-market social hub.

If you prioritize a grand setting and high-quality dining within the casino, Bellagio delivers. However, those seeking an overtly friendly, bustling, and predominantly Indian-centric social scene might find it less aligned with their preferences.

This establishment might not be the top recommendation if your primary draw is a casino that feels like a home away from home for a specific South Asian demographic or if you're looking for the most outgoing and interactive crowd.

Food is top notch
Cleanliness top notch
Dealers are not friendly at all
Not so warm like ballys
Theres no 5 card poker only 3 card | Not a pleasant place. Poker table is outsourced which is incredibly odd and very suspect. Decided not to play under such circumstances. Wouldn't waste your time going to a place that doesn't even run it's own tables. | Hii iam Ashish iam from India it's my 3rd visit in srilanka Bellagio casino I always meet shella a front office staff the way of greating and her behavior is so polite I wish her all the best for her feature | Bellagio Casino is the best casino in Sri Lanka. The receptionist is always giving us a warm welcoming  that make us feel home.
There foods are fantastic!!! 😍 | The Experience was good for the Games and As well as The food was fabulous great appreciation for Staff and The main chef .",3.8,2026-05-02T08:06:56.971627+00:00
ChIJ49TaEj5Z4joRJvtOtEvIEho,Fazly's,"135 Malay St, Colombo 00200, Sri Lanka",6.9244781,79.8506364,4.1,5212.0,2.0,69.0,"establishment, food, point_of_interest, restaurant",0112 304 504,http://fazlys.com/,False,5,"⭐⭐⭐⭐⭐
Had a great experience at Fazly's Restaurant! I tried their Signature Sub, Krispy Sub, and Chicken Shawarma all were absolutely delicious. The subs were perfectly marinated, full of flavor, and served with crispy chips on the side. Really satisfying portions!
The atmosphere is lovely with plenty of space, so it’s very comfortable to dine in. Another good thing is they don’t add a service charge to the bill, which I appreciate. You can tip if you wish. Our waiter was a very polite and friendly guy who served us well, so we were happy to give him a tip.
Highly recommend this place if you’re looking for tasty subs and shawarma in a relaxed setting! | A lively fast-food spot that’s always buzzing with locals! Service is super quick, and there’s a dine-in area upstairs with takeaway on the ground floor. They’ve got a nice variety of burgers, rice, and grilled dishes. The Crisp Royal Burger and Chicken Kottu are my favorites, though the submarine could be better. Parking is a bit tricky since it’s on the main road | I ordered egg kottu and egg fried rice. The egg fried rice was good and nicely warm when it was served, and it tasted fine while it was hot. However, once it cooled down, the flavour became bland and tasteless, making it difficult to eat.

The egg kottu also did not meet my expectations from the very first bite. The flavours didn’t blend well, and overall the taste wasn’t satisfactory for me, although I still ate it since I had already placed the order.

On a positive note, the food presentation was very appealing, and it really made me feel like eating. The staff member who served the food was also very friendly and polite, which I sincerely appreciated.

I’m sharing this feedback with the hope that it will help improve the quality for future orders. Thank you. | Fazly’s is one of the best halal restaurants in Colombo, Sri Lanka if you’re craving burgers, submarines, or rice dishes. Their Chicken Cordon Bleu, Classic Chicken, and Charley burgers are packed with flavor and worth every rupee. I also loved the Mini Chicken Submarine soft bread, generous filling, and the perfect snack to go with their bigger meals.

The Chicken BBQ fried rice and noodles were also excellent, full of taste and great value for money. The restaurant has a cozy interior, clean environment, and friendly staff, making it ideal for families, friends, or late-night dining. For anyone searching for the best burgers in Colombo, tasty submarines, or affordable halal food in Sri Lanka, Fazly’s is a must-visit! | I visited Fazly’s restaurant yesterday, and honestly it was a disappointing experience from start to finish. I ordered a chicken submarine and a grill chicken plate, expecting a decent meal for the price. The grill chicken came with salad and two rotis. It was just “okay” at best, nothing special, nothing memorable. The flavours didn’t really stand out and it felt like something you could easily get for cheaper elsewhere with better taste.

The real disappointment was the chicken submarine. The bun tasted old and dry, like it had been sitting out for a while. The chicken inside didn’t feel fresh at all, which immediately ruined the experience. On top of that, there was no cheese included despite it being a basic expectation for a submarine. The flavours were flat and unpleasant, making it very difficult to eat. Even the seasoning wasn’t balanced. I ended up leaving most of it because it was honestly not worth finishing.

The total bill was 3020 rupees, and even though they didn’t charge a service fee, the food quality made it feel like a waste of money. I definitely don’t plan to visit again.",4.0,2026-05-02T08:06:56.971627+00:00
ChIJgysYIXxZ4joReEwUpj2VMkU,SakeColombo By Tsukiji Uoichi Japanese Restaurant,"190 Havelock Rd, Colombo 00500, Sri Lanka",6.8897907,79.8637139,4.6,1118.0,3.0,67.5,"establishment, food, point_of_interest, restaurant",0112 670 707,https://www.sakecolombo.com/,True,5,"From staff to the food everything was perfect. The staff were super helpful and friendly. The food was delicious and awesome. We also got complimentary drinks and desserts. The interior was decorated to the Halloween theme and it was superb. I 100% recommend this restaurant to anyone who loves Japanese food. | Came here for dinner with the family. Customer service and food were equally phenomenal. The mint uoichi (mocktail) was amazing; refreshing and cooling.
The indoor ambience and aesthetic is pleasing too. A great experience. | A great place to experience authentic Japanese cuisine in Colombo. Had a great food experience and ramen was delicious. Have variety of food options to choose from and most of them seems to be flavorful.
They also have a live kitchen action bar as well. Service was great and the staff members were very friendly and helpful.
Highly recommended this place if you’re looking for a place to have good Japanese food. | The food is exceptional! Service was high quality and top notch. Everybody’s extremely nice, and it was the best Japanese food we’ve had in awhile. Would recommend!! | An outstanding Japanese restaurant offering a truly memorable dining experience. The service by Yadushan (Vijay) was excellent – attentive, warm, and highly professional. The food was full of flavor, beautifully prepared, and every course was remarkable in both taste and presentation. You can truly feel the attention to detail and passion behind each dish. We thoroughly enjoyed our evening and would gladly return at any time. Highly recommended.",5.0,2026-05-02T08:06:56.971627+00:00
ChIJk51iWMVb4joRqgVlzIihARo,Dolce Italia,"5 Skelton Rd, Colombo 50000, Sri Lanka",6.8872379,79.86335389999999,4.4,1445.0,2.0,70.3,"establishment, food, point_of_interest, restaurant",0112 559 900,,True,5,"Been here twice and the food is amazing. Their hot chocolate is an absolute banger but I have found their ice coffee to be underwhelming. As for their actual food, I just recommend that you try it and just enjoy.
But as for ambience, service, and the general vibe, probably one of the best in Colombo.  Hope to visit soon again! | We have been here several times for coffee,  we had dinner for the first time... absolutely superb 👌 we had Gamberri spaghetti it was spot. Probably the best Italian restaurant in Colombo. Polo fettucini with white sauce was great as well. The Hazelnut gelato was very nice. Definitely going to be back to try their Pizza 🍕 | Superb Italian dishes close to home. The homemade pasta selection are the best for pasta lovers. For the price they charge its definitely worth the quality of the dishes. Service is also very good. | One of Sri Lanka's truly authentic Italian restaurants and cafes!
Only place I know of that has cannot in Colombo, fantastic location, quite a few options of indoor and al fresco seating. They have some pretty good coffee, and a variety of Italian condiments and ingredients for sale too. | Quite pleasant surroundings and a nice shop and packaged items. The service is friendly but ininattentive ... it's necessary to beg the waiters to attend. The food's OK, but not fantastic or really very authentically Italian. There's a good range on the menu, but many missing ingredients - no proper salami, ham, bacon, sausage, just pseudo chicken products. Patisserie / bakery products also a bit disappointing.",4.4,2026-05-02T08:06:56.971627+00:00
ChIJ4QsfSABZ4joRWksvfgyzsGg,Bun stop,"1042a Maradana Rd, Colombo 00800, Sri Lanka",6.9160431,79.8761811,,,,19.0,"establishment, food, point_of_interest, restaurant",076 477 2427,,True,0,,,2026-05-02T08:06:56.971627+00:00
ChIJw1yOitlb4joRxSSlUvJGcGg,Xilaton Chinese Restaurant,"126 Havelock Rd, Colombo 00500, Sri Lanka",6.8923378,79.86183930000001,4.1,1011.0,2.0,63.7,"establishment, food, point_of_interest, restaurant",0112 508 887,,True,5,"We ordered Fried Rice with Roasted Pork, Singapore Noodles, and Hot Butter Cuttlefish. The Fried Rice and Hot Butter Cuttlefish were excellent — flavorful, well-cooked, and perfectly seasoned. However, the Singapore Noodles were a bit overcooked, which made them less enjoyable. The service was great, friendly and attentive staff who made sure we had everything we needed. Overall, a satisfying experience, and we’d definitely come back for the Fried Rice and Cuttlefish. | I had a wonderful experience at this restaurant. From the moment we walked in, the atmosphere was welcoming. The place is very clean, nicely arranged, and has a relaxing vibe which makes it perfect for spending quality time with family or friends.

The food was absolutely delicious and beautifully presented. Every dish we tried was fresh, flavorful, and prepared with great care. We ordered a noodles which was a little too spicy but worked out with the lime juice.You can really feel the quality of the ingredients and the effort the chefs put into their cooking.

What impressed me the most was the friendly and attentive service. The staff were polite, helpful, and made sure we were comfortable throughout our visit.

Overall, it was a fantastic dining experience and definitely a place I would love to visit again. I highly recommend this restaurant to anyone looking for great food, a pleasant atmosphere, and excellent service. | This place is so good! 🤩

Loved the seafood fried rice we ordered the large size and the portion was perfect.

The small size spicy belly poke was absolutely delicious.

The small size hot butter cuttlefish was heavenly even the onions on top had amazing flavor. I just wish the cuttlefish pieces were a bit bigger.

The spicy prawn was also so good

The kangkung was really nice too and when their chili paste is mixed in with everything it just takes it to the next level.

Overall: 10/10
Highly recommend this place for anyone craving perfect Chinese cuisine! ❤️ | My family and I had lunch here. We ordered fried rice with seafood, chicken and fish and ordered chocolate ice cream as dessert and it was absolutely delicious! It was enjoyable and the staff were kind and provided great customer service. | Didn't have time to take photos, too busy eating!

We have traditional Chinese restaurants like this back home in Sydney.

What makes this place different is the subtle fusion of Sri Lankan cuisine like the cuttle fish and other creative options, and seasoning. Also, the produce is local so there's a different fresh taste, much like Japan. Free from weird chemical farming influence of the west.

Lovely place...decor and surroundings abit dated but...its not a good chinese restaurant if its not a little old and dated.

Loved this place, hope to come back again.",4.6,2026-05-02T08:06:56.971627+00:00
ChIJNyZR2ntZ4joRiQZZi6yE1Lg,P&S (Perera and Sons) - S.S.C.,"35 Maitland Pl, Colombo 00700, Sri Lanka",6.9061809,79.8681655,4.3,292.0,2.0,53.0,"bakery, establishment, food, point_of_interest, restaurant, store",0114 885 065,http://pereraandsons.com/,True,5,"P&S is one of the best places for quick bites and bakery items. Their pastries, rolls, and cakes are always fresh, tasty, and made with great quality. The service is fast and the staff are friendly and polite. The outlets are clean, comfortable, and perfect for a short break or takeaway.
Consistent taste, good prices, and reliable service | Excellent service at the P&S outlet at SSC Maitland Place, handled by Mr. Chandana. The customer service is outstanding, the staff are very friendly, and the outlet is exceptionally clean. This is easily the best and cleanest outlet I have seen. Highly recommended!! | As tourists, we went to P&S at least 5-6 times but had the worst experience at this outlet. The manager claimed we took extra pizza when we didn’t. We asked him to check cctv and after 25 mins of waiting (yes that’s how slowly he checked) - he removed the charge. He didn’t even apologise and claimed we wasted his time.
He was extremely rude and didn’t care at all.

If you’re going to this outlet, make sure to get your order before sitting at the table to avoid this hassle. | Flies were settling on food inside the glass cabinet.  The staff projected arrogance towards me  when I highlighted it. | The food was excellent, just like in the other outlets, with a good variety and especially delicious cakes. However, while we were still eating at the last table, a staff member began sweeping and continued doing so, even though the dust and garbage were being swept toward our legs. Despite the discomfort, there was no apology or acknowledgment. It was also a rainy day, and the floor was wet with water droplets, which made the overall experience quite unpleasant. A bit more attentiveness and courtesy during customer dining would really make a difference.",3.4,2026-05-02T08:06:56.971627+00:00
ChIJb9uqIM9PRBARv6Qi6Wr23Fk,Acropol Restaurant,"01 Schofield Pl, Colombo 00300, Sri Lanka",6.8981753,79.85361189999999,4.0,2314.0,2.0,65.6,"establishment, food, point_of_interest, restaurant",077 457 7577,http://acropol.lk/,True,5,"Visited Acropol Restaurant last week and it was amazing! Starters like sweet corn and chicken soup were delicious, the shawarma mix platter was flavorful and worth the price, and the brownie milkshake was a treat. Great food at reasonable prices.

Second visit was good! Chicken & prawn Szechuan fried rice was delicious. Tandoori fries, chocolate milkshake, and chocolate milkshake were average, but the Biscoff milkshake was seriously yummy. Worth trying. | Worst food!Worst ambiance! Worst customer service ! I had to call their hotline while sitting in their restaurant to place the order because nobody came to get the order and here attached picture is their so called Shawarma - which was like a roadside accharu - and when we inquired , they said that its their style of shawarma and showcased us how their standard was. Please dont go. Not worth the money at all. | ‼️Not worth in Ubereats‼️ noticed that price is unfairly 30-40% higher almost double, conveniently using the Uber platform by throwing the full burden on the customer! Food is good but not worth the price in Uber. | Went there last night, waited around 30 minutes for food, but wait was worth it, we had chicken shawarma, mixed platter and french fries, drinks were also great, lemon mint & passion mint were lit🔥 highly recommended. | I recently visited this restaurant and was impressed by the unique decor and cozy atmosphere—it really gave the place a charming and inviting vibe. The food itself was quite good, with dishes that were flavorful and well-prepared. However, the waiting time for the food was disappointingly long. While I understand that quality food can take time, the delay was excessive and left me feeling a bit fed up by the end of the meal. If they could improve their service speed, this place would be a real gem. Overall, worth a visit for the ambiance and food, but only if you’re not in a hurry!",3.0,2026-05-02T08:06:56.971627+00:00
ChIJSTYDwLlb4joRNN7q5j2LSdQ,Najma's Kitchen,"Ranajayagama road, දෙහිවල-ගල්කිස්ස 10350, Sri Lanka",6.8550868,79.8670721,4.2,852.0,2.0,57.5,"establishment, food, meal_takeaway, point_of_interest, restaurant, store",076 263 1314,,True,5,"Ordered Chicken Biriyani via Uber on a BOGO offer from Najma’s Kitchen. Portion size was decent and filling. The biriyani was tasty, well cooked, and nicely balanced with good flavour. Overall, good value for money and a reliable option when ordering food online. | One of the best spots to satisfy Indian food cravings! The biryani, dahi poori, and naans were absolutely delicious and took me right back to India. The atmosphere was calm, not too crowded, and the staff was friendly. Definitely a must-try Indian restaurant! | THE BEST INDIAN FOOD!
The Egg masala and Faluda are exceptional! I'm so happy I found good traditional Indian food in Sri Lanka. I was really craving an egg masala and it was absolutely incredible! It transported me back to my time in India!
PLEASE come and support their business, it is run by a lovely welcoming couple! You will not be disappointed with the food and the traditional Indian food options here 😍😍😍.
I could write so much about how much I love this place!! | A peaceful place to have authentic north indian food in colombo. We had chicken biriyani,  indian bread, and some sweet items.. all were so neatly prepared and well served. Place was so clean and well maintained. | This place was a complete disappointment from start to finish. The food served to us was clearly old, reheated, and passed off as fresh. The taste was horrible, and the texture made it obvious that no effort was made to maintain quality. Serving reheated, stale food is unacceptable, especially when customers are paying full price.
Hygiene standards were extremely poor. The washroom was filthy and not maintained at all, which immediately raises serious concerns about the cleanliness of the kitchen and food preparation areas. A restaurant that cannot keep its washrooms clean should not be trusted with food.
Please don’t mess with people’s money by serving substandard food and poor service. I would strongly advise others to avoid this place until major improvements are made.",4.2,2026-05-02T08:06:56.971627+00:00
ChIJsTedV2RZ4joR_phqhqeEDc8,Maharaja Palace,"1A Rajakeeya Mawatha, Colombo 00700, Sri Lanka",6.9057865,79.8603141,4.1,1107.0,3.0,65.4,"establishment, food, point_of_interest, restaurant",0114 886 000,http://www.maharajapalace.lk/,True,5,"We had such a wonderful experience dining here! The food was absolutely delicious from start to finish. The chicken biryani was full of flavor and perfectly cooked, the mutton rogan gosh was rich and tender, and the butter chicken was creamy and comforting. We also loved the fresh garlic naan and especially the cheese naan—it paired so well with the curries.

On top of the amazing food, the service really stood out. Our server, Christopher,
was incredibly kind, attentive, and made sure we had everything we needed throughout the meal. It truly added to the overall experience.

Highly recommend this place if you’re looking for authentic, flavorful Indian food with excellent service! | This gives you an overall good experience. One of the best places to have quality North Indian food with a great variety and good service. Better to have a reservation for a crowd of more than 5 people. The ambience is amazing and love the interior. The place is very clean and well maintained.

Tried the mango lassie which is thick and not too sweet. The chicken banjara kebab was juicy and well seasoned. The mutton biriyani is loaded with meat and family was impressed with the taste. Loved the butter naan and garlic naan along with the butter chicken. Naan was freshly made and well charred  and I guess it’s made on a thandoor, the authentic way.

The staff were very friendly. | ⭐️⭐️⭐️⭐️⭐️
We had an absolutely wonderful evening at Maharaja Palace! I went with my family for dinner and from the moment we walked in, the atmosphere felt warm and welcoming. The staff were genuinely friendly and made us feel comfortable right away!

The food was incredible — we ordered butter chicken, chicken biryani, mutton rogan josh, garlic naan and cheese naan. Every dish was bursting with flavour, perfectly cooked and served fresh and hot. It really felt like a feast!

A special thank you to our server, Christopher. He was so attentive throughout the night, checking on us just the right amount and making sure we had everything we needed. His service added such a personal touch to the whole experience!!

If you’re looking for authentic Indian cuisine with great service and a warm atmosphere, I can’t recommend Maharaja Palace enough. We’ll definitely be back! 🙌 | Had such a lovely experience at Maharaj Place! The food was genuinely impressive rich flavours, perfectly balanced spices, and everything tasted fresh and authentic. You can really tell care goes into each dish.

But what made the visit extra memorable was the service from Mr. Arthur. Warm, attentive, and super welcoming without ever being overbearing. He made great recommendations and checked in at just the right moments.

Great food + great service = definitely coming back 🙂‍↔️ | I am being quite generous giving this place 3 stars. My expectations were high because of the great reviews, the beautiful location, stunning architecture, and the fact that it serves Indian cuisine, which is my absolute favorite.

We ordered a salad, a soup, grilled chicken, garlic naan, and two curries. When asked whether we wanted starters first or everything together, we explained we had been fasting all day and were extremely hungry, so we asked them to bring everything as soon as it was ready.

The soup arrived first, then the grilled chicken for my partner. I am vegetarian, so I waited. And waited. More than 30 minutes later, a very average salad arrived, still no naan. After 45 minutes, the main dishes finally came. By that point I was starving and honestly already frustrated.

Unfortunately, the disappointment didn’t end there. The Malai Kofta and Palak Paneer were extremely salty, almost inedible. Even though I was very hungry, I couldn’t eat more than a few bites. I was really looking forward to a delicious curry, and this was simply not it.

What surprised me most was that when we left, none of the many waiters asked how our food was. It felt like customer satisfaction was not a priority.

Sadly, next time I’d rather go to a simple local Indian place with plastic chairs and great flavors than a beautiful restaurant that doesn’t deliver on taste or service.",4.4,2026-05-02T08:06:56.971627+00:00
ChIJQd8DmFdb4joREGSK5fHq54Y,Broadway Restaurant and Pub,"No:03 1/1 Station Road, Dehiwala-Mount Lavinia 10350, Sri Lanka",6.8511722,79.8656506,4.7,146.0,,41.2,"establishment, food, point_of_interest, restaurant",077 793 1279,https://www.ingadvertising.lk/,True,5,"⭐️⭐️⭐️⭐️⭐️

Hidden gem in the heart of Dehiwala! 🍻

If you’re looking for a relaxed pub-style atmosphere with great food and very reasonable prices, this place is definitely worth visiting. The vibe is chill, the crowd is nice, and the staff are extremely friendly, polite, and welcoming, which makes the experience even better.

What really stands out is the value for money. The menu has good variety and the food is honestly very much worth the price.

A must-try signature dish is the Fish & Chips, and the best part is you can get it for under Rs. 2000, which is amazing for the quality.

They also serve liquor, beer, and cocktails at very reasonable rates. We didn’t try the cocktails this time, but they looked great — definitely trying them on our next visit.

Another cool option is that you can bring your own bottle and enjoy, but make sure to call ahead and reserve your table.

Overall, this place is a wow spot in Dehiwala for good food, drinks, and a relaxed pub experience.

Highly recommended — definitely coming back! 🍻🔥 | Food is absolutely incredible!!! Service is top notch! We go there often and they have been very consistent with the quality of their food and service. | Very chilled out friendly atmosphere.
Extremely attentive staff .
Absolutely delicious food, very reasonable prices and good portion sizes.
Look forward to trying other things on chef Nuwans menu. 😍👍👏🏼 | Broadway Restaurant and Pub is an awesome spot if you’re looking to grab a drink and relax 🍻🍷🍹. They have a good selection of wine, beer, arrack, and cocktails — perfect whether you’re in the mood for something classic or want to try something new. They also offer tasty bites and fried rice 🍛, which go really well with your drinks.

One thing I really like is that they have tap beer — though it’s only lager for now, I hope they’ll add more options in the future 🍺. The atmosphere here is really cool and cozy, with a calm vibe that makes it a great place to unwind with friends or just chill with a cold beer.

Plus, the chefs and staff are super friendly and always make you feel welcome 👨‍🍳😊. Definitely worth a visit if you’re looking for a laid-back place to enjoy good drinks, good food, and good company! 👍✨ | Last week I went to this restaurant to have lunch. I have to say that this has the perfect English Pub vibe. Vinyls are all over the place and the food presentation is in another level. Food tasted amazing and I was lucky to have the best brownie of my entire life. It had the perfect crunchy and softness a brownie must have. The staff was so friendly as well. They also have a pastry shop downstairs which is also good.",4.8,2026-05-02T08:06:56.971627+00:00
ChIJR105T55Z4joR9meq3lXO3yY,Wickramasighe Food Point,"WV8G+MGV, Borella Cross Rd, Colombo 00800, Sri Lanka",6.9167489,79.87630469999999,4.1,96.0,,47.2,"establishment, food, point_of_interest, restaurant",071 672 8605,,True,5,"Good place for lunch. They have really good pork curry. Their rice and curry are spicy and teasty and real value for money you spent. The portion are big in sizes fried rice portion can be easily shared by two people.
They have small dining area too, but much better if you do a take away. All the fried rice are made then and there for your take away parcel. Usually in lunch time the hotel will get really crowded and hence you may have to wait in the queue.
You can park your vehicles on the road side in front of the hotel. Friendly staff and helpfully. | A traditional Sri Lankan restaurant serving rice and curry plus koththu and fried rice with chicken,fish and pork curry.value for money very flavourful and fast service. | The food was tasty and quick delivered thank you so much for the service...

Good restaurant in borella closer to the lady ridgeway hospital ❤🙏 | Reasonable food for the cost. But cleanliness is quite low. All flavours available including beef and pork. Space available for around 15 to 20 people to dine.  No parking available. But you can park at the road through out the road. Better if they can improve the cleanliness | A very delicious food spot in Borella Junction. Their black pork curry lunch is superb (460LKR ).
Their food is spicy and delicious.",4.2,2026-05-02T08:06:56.971627+00:00
ChIJ7368YE9a4joRpoReSerm5nI,KFC - Nugegoda,"128 B/1 High Level Rd, Nugegoda, Sri Lanka",6.87116,79.8853541,3.7,3048.0,2.0,73.5,"establishment, food, point_of_interest, restaurant",0112 856 989,,True,5,"DO NOT EAT FOODS FROM NUGEGODA BRANCH *FOOD POISONING ALERT *

I visited KFC Nugegoda around 9.00 PM and ordered their special offer for dine in. I clearly told the staff at the counter that it was dine in, not takeaway. However, they mistakenly treated it as a takeout order and completely forgot about us.

We waited nearly 20 minutes and no one came to check on our order. Eventually, one of my friends went to the counter to ask what was happening. Only then did they realize our order had been packed for takeaway.

A staff member then told us that our chicken had become cold because of the long delay and said we could not eat it. They replaced the bucket with another one, saying it was hot and fresh. However, when we started eating, it was still clearly not acceptable food.

The rice they served was completely inedible. It was not cooked properly and not mixed well, and no normal person could eat it. I have attached a photo for clear evidence.

We eat KFC regularly across Sri Lanka, and I can confidently say this was the worst KFC experience I have ever had. The chicken had a very strange taste, almost like salt mixed with a tea like or stale flavor, which chicken should never have. It honestly felt like the chicken was old or expired.

To make things worse, we had stomach issues the next day, which raises serious concerns about food safety and hygiene.

Customer service was extremely poor. There was no proper communication and even the AC was turned off, making the environment uncomfortable.

What makes this more disappointing is that KFC Kohuwala is actually very good, with proper service and good quality food. Compared to that branch, KFC Nugegoda is terrible.

This branch seriously damages the KFC brand. A global brand like KFC should never allow standards to fall this low.

My honest advice is do not visit KFC Nugegoda. The customer service is poor, the food quality is bad, the rice is inedible, and there is a possible food poisoning risk.

This was a completely unacceptable and disappointing experience | Today I went to KFC Nugegoda. I ordered two spicy rice and 2 zinger burger. They were very tasty. We received our order quickly, and the outlet was clean as well.” | Visited the outlet for a quick lunch on Sunday. There was a 2000 off offer for 8-pc chicken bucket. We also got a double decker burger, some chips, and a biryani. The burger tasted mediocre and didn't even have salad or tomato. Not too sure if this is usually the case with their burgers. The chicken bucket was too not that great and I'm not sure if their quality is degrading or my threahold for taste has gone up. The wash basin area was clean with a working blowdryer. | I order KFC whenever I can’t decide what to eat because it’s my comfort food. I always get the regular biriyani because it’s my favorite. I don’t like the large — I specifically order the regular because it comes with two pieces of chicken, which is perfect for me.
I order from KFC Nugegoda since it’s the closest outlet to my office, not necessarily by choice. Unfortunately, they consistently send me a half-filled rice box, which honestly isn’t even enough for my 5-year-old brother. It’s really disappointing.
Please have this matter looked into. Loyal customers like me deserve a reasonable portion of the biriyani we’re paying for. I’m genuinely sad about this experience.
I wouldn’t recommend ordering from here unless you’re like me, someone who truly loves KFC and doesn’t really have another choice ☹️ | Because it was a hot and hectic day, we prefered a peaceful and Quiet lunch. Since my aunt suggested KFC, we visited your Nugegoda outlet. There we met Nimesha Kathari, one of you employees. And she made the day for us! Because of her, we had a very pleasant meal. Assisting her kind and affectionate way, she changed slightly dry and into a occasion. spicelessh meal ath the behappyd success. very warmly.",3.0,2026-05-02T08:06:56.971627+00:00
ChIJwTc6RWpa4joRaGehizJ-Z_k,Harpos Pizza and Pasta Nugegoda,"178/A Stanley Tilakaratne Mawatha, Nugegoda, Sri Lanka",6.874377099999999,79.897911,4.3,1305.0,2.0,55.5,"establishment, food, point_of_interest, restaurant",0114 323 023,http://www.harpospizzas.com/,True,5,"I am giving overall 5 stars because i believe they are worthy of 5 stars apart from what i have experienced. Food was good. I asked for the one with most meat. I would love it if there was more. But it was acceptable. There was only one drinks option at that movement. I guess that could improve. The order to the serving process was good. It took about 30 mins from order to serve. People are friendly and always serve with a smile. There is no mandatory service charge. Tips are welcomed. The place is well maintained. Clean. There were some disturbingly noisy  idiots. Almost killed the experience. But i can excuse that because that is a problem with those customers. Not the place. Overall experience is good. Can recommend it to someone. | Food is really good! Kudos to the chef!
Staff is also really friendly and helpful. Had a really good time. Definitely recommended! | Food was really good.
Prices are very reasonable (menu prices are inclusive of taxes, and no service charge as well)
Staff are very helpful and I would want to give kudos to Umair who was very accommodative.
Will surely come back again. | Recommended 95% as it took bite time for our order to be done. Food was 100% good. And Oregano was not available nor the bottles were not refilled. That was a bit disappointing. Koko is available and had a hard time managing parking as we had to park away near the next building. | In overall delicious pizza.The origano mix is good with pizza. The hot souse that they have might not the favorite for everyone as a bit sour taste, some people might like it.
Calm and quiet kind a small cute place. Nice atmosphere to spend time. Try it out guys.",5.0,2026-05-02T08:06:56.971627+00:00
ChIJ1wZQiN5b4joRe186td5Na8Q,Marvel Age,"VVV3+JX5, Colombo, Sri Lanka",6.894022400000001,79.85497219999999,3.0,1.0,,21.9,"establishment, food, point_of_interest, restaurant",,,True,1,,3.0,2026-05-02T08:06:56.971627+00:00
ChIJtbJAYsFb4joRRoXHxfWJT9c,ON14 Rooftop Lounge & Bar,"36, 38 Clifford Pl, Colombo 00400, Sri Lanka",6.882503,79.8559093,4.4,1560.0,3.0,57.8,"bar, establishment, food, night_club, point_of_interest, restaurant",0112 555 570,https://www.radissonhotels.com/en-us/hotels/radisson-colombo/restaurants-and-bars,True,5,"Lovely relaxed cocktail bar with great views to watch the sunset.  Some guests were swimming so you can dress up or down.  Cockails delicious and do try the fried lotus roots as a bar snack - they were sensational! | The lounge has the most jaw dropping view in Colombo, you feel at the top of the world. The mesmerising endless view of the blue ocean and the beautiful breeze, will surely take you to a different world of calmness and bliss. The food is excellent and the service has been as always

A place and time to remember | One of the most beautiful rooftop views in Colombo. The photos I uploaded show the stunning ocean and city skyline from ON14 at the Radisson — especially during sunset.

I visited during my stay at the hotel and loved the relaxed, breezy atmosphere. The food and drinks were prepared well, and the staff were polite and helpful with their suggestions.

The rooftop pool is another highlight. Swimming with the cool sea breeze and then relaxing by the pool felt incredibly refreshing after a long day.

A perfect spot for sunset photos, rooftop drinks, and enjoying Colombo’s skyline. I would definitely visit again. | Really awesome find for my first trip to Sri Lanka. The best salmon and prawn pizza and Arrabiata penne pasta that I have ever tasted. The cocktail is smooth. Prices are reasonable and the view is great. | Very nice setting on the 14th floor for dining or just having a drink. The view of a sunset from here must be stunning. The food choice was good and varied and was excellent. (I should have taken some photos!) The staff were very pleasant and helpful. Obviously not cheap but very reasonable and value for money. The DJ played music that matched the audience. Would definitely revisit.",5.0,2026-05-02T08:06:56.971627+00:00
ChIJhdD31Tha4joRYzAfA80vLMk,OnMeal,"112 Nawala Rd, Colombo 11222, Sri Lanka",6.8806275,79.891042,,,,12.0,"establishment, food, point_of_interest, restaurant",071 481 1910,,,0,,,2026-05-02T08:06:56.971627+00:00
ChIJuSkvNABZ4joRPQvjqeozvAA,Plaza Hotel & Bakes - Pettah,"225 2nd Cross Street, Colombo 01100, Sri Lanka",6.9385127,79.8515326,3.3,36.0,,44.4,"establishment, food, point_of_interest, restaurant",070 295 7777,,True,5,"Located near the famous mosque in Pettah. But food taste average. Some local people recommended this restaurant because we were looking for Halal Restaurant.
We ordered Plain Rice with fried Chicken,Veg & lamb biriyani.
Fried chicken was way to crispy. But the meat didn’t cooked well as it  tasted little bit raw. Other items were ok.
I recommend their seasonal fruits Juices. Taste fresh. | Delicious and quality food at reasonable price.
Value for money.
Better customer service.
Clean envirnment.
Recommended 👍 and like to visit again. | Food is average. Pettah seriously lacks good food. Its very hard to get good food at pettah. Specially for people who work thre. We tried plaza hotel and the food was not hygienic. As you all know we can’t expect hygienic foods at pettah, coz almost 99% of the shops at Pettah seriously lack hygiene.  Dont try and waste ur time here | Food quality is totally bad, very bad. We asked chicken masala kuttu, it's totally not consumable. We just ate 30% & claim about their food.  Unfortunately the didn't even apologize nor offered for price deduct. # NOT RECOMMENDED | 📍🍽️🚶‍♂️Good location to dine in and grab a meal in pettah
💰✅ Prices are reasonable
😄🤝😊 Staff are friendly
😋👎🤔 Food is tasty but quality is not good",3.0,2026-05-02T08:06:56.971627+00:00
ChIJa0MHXkJZ4joR4eyudiGSGr8,Thai Rasa - Authentic and Modern Thai Kitchen,"24 Srimath Anagarika Dharmapala Mawatha, Colombo 00300, Sri Lanka",6.9114627,79.85079950000001,4.3,150.0,,49.3,"establishment, food, point_of_interest, restaurant",0117 450 450,https://movenpick.accor.com/en/asia/sri-lanka/colombo/movenpick-hotel-colombo/restaurants/robata-grill-and-lounge.html?utm_source=google+Maps&utm_medium=seo+maps&utm_content=restaurant-B4Q2-robata_grill&utm_campaign=seo+maps,False,5,"Thai Rasa in Colombo is one of those places I can keep coming back to.
The food is consistently delicious, and it never gets boring.
The seasoning is not too heavy—just right.
And the spicy dishes are nicely hot and warming, which I really enjoy.
Thai Mama, the Thai chef, cooks the food herself, and I really appreciate her cooking. | Great experience at Thai Rasa in Colombo. We hosted a big family event there. The staff were extremely helpful with accommodating our group and advising us on the menu and portions. Special shout out to Janith for going above and beyond and making everything run smoothly. Delicious food and excellent service. Will be back! | Tried out their Thai for the first time. Service was really quick and the food was quite good. They have a Thai chef who was previously working at Cinnamon Lakeside Royal Thai. We tried the wok fried duck which was succulent and the red curry beef was flavorful and spicy. The larb was a little salty. Portion sizes were really good. Roughly 5k pp. | Tried their Valentine Course Dinner, the experience was great. The atmosphere, ambience and the seating areas were spot on. Food and presentation was really good. Their Mango sticky rice was almost the same as the ones we tried in Thailand. The servers and staff were really pleasant. Samadhi was very polite and checked up on us couple of times. | Robata Grill is a South Asian Fusion restaurant that tantalizes your taste buds with Indonesian, Chinese, Korean, Japanese,Thai and Vietnamese cuisines. Their Szechuan shrimps and the seafood nasi goreng are the hot sellers I would say. Best place for a family dinner or a dinner date at their private cubicle style interior.",4.8,2026-05-02T08:06:56.971627+00:00
ChIJCdbKcQZb4joRsF5-2adRuCw,Nicos PIZZERIA,"1 PT De Silva Mawatha, Dehiwala-Mount Lavinia 10350, Sri Lanka",6.8514861,79.8649023,,,,19.0,"establishment, food, point_of_interest, restaurant",,,,0,,,2026-05-02T08:06:56.971627+00:00
ChIJ8UCOmBBb4joRA9ngXdA-qNo,Addara Beach Club,"43 Beach Rd, Dehiwala-Mount Lavinia, Sri Lanka",6.841607199999999,79.862823,4.0,4.0,,25.3,"establishment, food, point_of_interest, restaurant",,https://www.facebook.com/pages/Addara-Beach-Club/100441163353600,,4,"Addara Beach Club is a hidden gem! The atmosphere is relaxed and welcoming, with stunning views of the ocean that make it the perfect spot to unwind. The staff are friendly and attentive, always ensuring you have everything you need for a great experience. The food and drinks are top-notch, and the beach access is just amazing. It’s a great place for both families and couples, offering a peaceful and beautiful escape. Whether you're enjoying a meal, swimming, or just lounging by the beach, it’s an unforgettable experience! | we can't get the calls |  | ",4.0,2026-05-02T08:06:56.971627+00:00
ChIJKenSxFxa4joRvLeUMB_fwew,Chinese Dragon Cafe - Nugegoda,"242 High Level Rd, Nugegoda, Sri Lanka",6.866582999999999,79.893344,4.4,2841.0,2.0,62.0,"establishment, food, point_of_interest, restaurant",0117 808 080,http://www.chinesedragoncafe.lk/,True,5,"This was my first time ordering from this restaurant, and unfortunately the experience did not meet expectations. I ordered the “Dragon Pack” through PickMe, and the delivery took longer than anticipated. By the time it arrived, the food did not taste fresh.

The overall flavor profile was disappointing, especially for a Chinese restaurant where bold, well balanced seasoning is usually expected. The chop suey in particular had a noticeably watery consistency, which diluted the taste and affected the overall quality of the dish.

Although the portion size was adequate for one person, the lack of authentic flavor and freshness overshadowed the meal. Based on this experience, there is clear room for improvement in both food quality and consistency. | I am very disappointed with the customer service at Chinese Dragon Cafe. The staff’s attitude seriously needs improvement, as it felt careless and unprofessional throughout the experience.
I ordered the regular chicken rice. While the taste itself was acceptable, it was absolutely not worth the price. There was no gravy or sauce provided with the rice, which made it extremely dry and unpleasant to eat. Serving plain, dry rice without any gravy is unacceptable for a dish like this.
To make matters worse, the portion size was very small and did not match what was advertised or what I expected for the price paid. What was delivered felt incomplete and poorly prepared. When I raised this issue, the manager simply confirmed that this is what customers receive for the amount charged, which was very disappointing and showed no concern for customer satisfaction.
The quality and value this place once had are clearly gone. The “old Chinese Dragon” is dead. This experience felt like a complete rip-off.
Save your money and order elsewhere. I would not recommend this place based on my experience. | Extremely disappointed with the portion size. I paid Rs. 500 for a chocolate brownie, but it was served in a tiny 1/4 cup. Definitely not worth the price. Very poor value for money!""Revello eka gttet na meka gtta aprde | We had lunch today (25/02). The food was cold, and both the food and beverages lacked taste. The environment was not properly maintained, especially the air conditioning, which was not sufficient.

Although it was not crowded and there was no queue to order, our food was still not served within 30–40 minutes. | Tried their fried rice and chicken kottu for takeaway. The fried rice had a strange taste, almost like the rice wasn’t washed properly. The kottu was overloaded with sauce, tasted a bit too sugary and the kottu portion size was quite small compared to the price. Overall not a great experience needs improvement in both taste and quality.",1.8,2026-05-02T08:06:56.971627+00:00
ChIJdQwz5stb4joRLdqGiQSIeig,Pizza Hut - Havelock Town,"454A Sri Sambuddhathva Jayanthi Mawatha, Colombo 00500, Sri Lanka",6.881609,79.869538,4.1,1343.0,2.0,58.7,"establishment, food, meal_delivery, meal_takeaway, point_of_interest, restaurant",0112 729 729,https://www.pizzahut.lk/,True,5,"Being a regular at this location I was thrilled to see the refurbishment which has been done. It is a joy to see the upgrade and fresh atmosphere. The service has always been great. The staff is really kind. Even at their most busiest times they make sure that the food comes out as quickly as possible.  Do bear with them. Do show them some kindness and smile at them because I know they are working tirelessly and trying to be effortless to give us good service. A smile goes a long way. It'll not only brighten up their day but in exchange you will be treated to their amazing hospitality which you don't see anywhere else. Kudos to the team at Pizza Hut Havelock. Well done. Trainees included. | Compared to other pizza hut outlets the space and parking is very small. Service and food was good. They're newly introduced melts tasted bad. Finding parking is difficult | One of my favourite fast food restaurants in Sri Lanka😊👍
This pizza hut outlet is little bit smaller than other outlets. But the way they arranged the dining area makes this place more spacious🛋️🪑
But the double espresso I ordered was too bad☕👎 | I placed an order Via Uber with estimated delivery time of 45-60 mins but turn out they didn’t have the order ready and ended up being the longest delivery time I have ever experienced in my life- 1 hour and 40 mins for bloody pizza. When I got the pizza it only got worse as they messed up my order and sent wrong pizza ( I am vegetarian and got chicken)! After spending hours they couldn’t even the bloody order right! In addition the cheesy garlic toast was stone cold! I had to go out to the shop and buy something else at the end after spending more than LKR 4200! This is probably the worst Pizza Hut in the planet to exist. I am going to make sure people are aware and don’t make the mistake by ordering here again! | Extremely disappointed with our recent order. We ordered the Bolognese pasta, creamy pasta, and finger chips — but the portions were shockingly small, more like kids’ meal sizes. The Bolognese tasted a bit raw and undercooked, while the creamy pasta was completely bland and lacked flavor. Definitely not worth the price. Expected much better quality and portion size from Pizza Hut.I",3.2,2026-05-02T08:06:56.971627+00:00
ChIJcUPGDABZ4joRq9zySgAgh-M,THAJ hotel,"279 Main St, Colombo 01100, Sri Lanka",6.9385894,79.852908,5.0,1.0,,15.9,"establishment, food, point_of_interest, restaurant",,,,1,"This hotel appears to be the only clean-food restaurant in the middle of Pettah's bustling streets. The samosas I had from this place were tasty. The waiter was a good uncle who offers excellent customer service. Additionally, they regularly clean the hotel's floors and tables, which makes the space hygienic for eating.",5.0,2026-05-02T08:06:56.971627+00:00
ChIJN_bGmiVZ4joRCYp6kmHsIEc,Yue Chuan,"The Kingsbury Colombo, 48 Janadhipathi Mawatha, Colombo, Sri Lanka",6.9328897,79.841951,4.4,369.0,3.0,55.7,"establishment, food, point_of_interest, restaurant",077 108 7720,,True,5,"Visited on a weekday for unlimited dim sum, Had a wonderful experience. Service was impeccable, vibe was chill and classy. Plenty of options you have to tick off a menu, as many times as you want, majority items were very flavourful. Overall really enjoyed and worth the money! | This was our first time trying the all-you-can-eat dim sum, and the experience was very disappointing. No one explained how the ordering system works. We were given only one order sheet even though there were three of us, and we had to wait a long time for the food. On top of that, each item comes as only one piece, which was never informed to us. Proper instructions should be given to customers, especially first-timers. The lack of communication and organization really ruined the experience.” | The place & interier is nice & cozy. Good service.. The food is really good..  All you can eat Dim sum option is totally worth for money | Food and service were excellent. The pork dishes were especially good.. cooked really well. | This restaurant is located in the Kingsbury hotel. We stopped in for Dim Sum brunch on a Sunday. We were surprised at how many Dim Sum items they had available for the all you can eat Dim Sum, there was a large selection. We started with the sweet corn egg soup and it was delicious. It was so good that I actually had a second bowl at the end.  The chilli prawn dumplings were great and the Hong Kong fried cuttlefish was excellent. Some of these items are not actually Dim Sum but they were included on the Dim Sum menu so we had them. Our favorite Dim Sum was the lobster dumpling, shrimp and corn dumpling and Pork Shui Mai. The Mango Sago dessert was awesome!

The Dim Sum menu says LKR 6,800 per person on weekends but our receipt showed LKR 13,600 per person. I was fine with this pricing because we live in the USA and go out for Dim Sum frequently but this place offers so much more than the places we have Dim Sum in the USA and it tastes better as well. I highly recommend this place if you are in Colombo and want Dim Sum.

The staff were very nice and friendly and answered all our questions about some of the items on the menu.  I don’t have a single complaint about this place and we will be back again next time we are in Colombo

The total bill was a little over Rs19,000 for two of us.",4.0,2026-05-02T08:06:56.971627+00:00
ChIJOQIF-bhb4joRuDPdY_LT1Zw,Collettes,"40 Poorwarama Rd, Nugegoda 00600, Sri Lanka",6.873606300000001,79.8877421,,,,16.0,"establishment, food, point_of_interest, restaurant",077 786 8710,,True,0,,,2026-05-02T08:06:56.971627+00:00
ChIJWWUQ7rBZ4joRfUwQr5iq_jI,Try Me Restaurant,"WVJQ+XMQ, Sri Jayawardenepura Kotte 10600, Sri Lanka",6.9324574,79.88923729999999,3.4,22.0,,27.1,"establishment, food, point_of_interest, restaurant",072 797 1251,,,5,It's perfect for a quick meal | It was closed before closing time even though I went after calling them | Tried but not that great | Not worth for the money | They are closed now,2.6,2026-05-02T08:06:56.971627+00:00
ChIJA3AIWO1Z4joRBrxX7Wscuks,Sona Bakers And Caterers,"1063A Dr.N.M.Perera Mawatha, Sri Jayawardenepura Kotte, Sri Lanka",6.909866699999999,79.8977558,4.6,16.0,,30.0,"bakery, establishment, food, point_of_interest, restaurant, store",0112 072 232,https://www.facebook.com/profile.php?id=61563898446423,True,5,"I arranged a treat for my office colleagues, around 100 people, which included multiple short-eats per person. The price was very reasonable, and the food tasted great, arriving safely packaged and delivered. I was provided with vegetarian options as well. Thanks for the excellent service! | Food was fresh and delicious, Highly recommend. 👍 | Excellent Cakes | The best 🍞 Bread | ",4.8,2026-05-02T08:06:56.971627+00:00
ChIJ63VVRCJb4joRU5Bgb_n1BRI,Anarva Hotel Mount Lavinia,"348 Galle Rd, Dehiwala-Mount Lavinia 10370, Sri Lanka",6.8331523,79.8671038,4.3,730.0,,64.5,"establishment, food, lodging, point_of_interest, restaurant",0112 720 450,https://www.siddhalepahotels.com/anarva-mount-lavinia/?utm_source=google&utm_medium=organic&utm_campaign=+Siddhalepa+ANARVA+Mount+Lavinia&utm_term=gmb,True,5,"Anarva is a beautiful hotel that is located on a main road of the busy city in Colombo. The hotel is neat and tidy and the staff is very friendly. The hotel has a rooftop bar, restaurant and pool that all guests can enjoy. Its very easy to get around to do other things because there are Tuk Tuks available as soon as you exit the hotel. There are many shops nearby as well. I would recommend it for anyone looking for a place to stay if they will only be booking to sleep there while touring during the day as there isn't much to do other than the pool and rooftop area | My wife and I stayed in this hotel for six days and really enjoyed it. The reception staffs Dimithri Amasha, Pramodi Mallawaarachchi and Nadeesha Sirimanna have been looking after very well during our stay by responding quickly and providing all services. The hotel and its rooms are very clean and room make-up staff each morning also friendly. We stayed in this hotel in 2024 Aug and will stay again in mid-2026. The location is also convenient to travel various parts of the city and suburbs. There are plenty of restaurants nearby as well as shopping complexes. | Visited for dinner that was organised by my college batch mates to interact in accordance with the Christmas spirit. I  happened to go out for a smoke by the pool area and saw this brilliant veiw of the Colombo skyline.
The food was excellent, I  couldn't  complain about anything. (Not that I  go around looking for things to complain about). Truely an excellent and memorable evening. | Room- need to up scale switches and other fittings
Room Service - if they could provide with iron board in good condition, that would be great.
Food- seems like foods are regular menu’s and no much varieties.
Gym- Good condition and well maintained | We had our School Batch party on the 13th December 2025 at Anarva Hotel, Mt. Lavinia and I must say the service they provided was outstanding. Manager Mr. Dilshan help us a lot in selections and  coordinated with us in a very professional manner from the very first day we planned to host our event at the Hotel. The food we selected was very tasty and the service provided by the staff to us during our event was superb. I highly recommend the Hotel for any occasion/event as they do their best to serve the visitors.",4.2,2026-05-02T08:06:56.971627+00:00
ChIJURdRyiVZ4joRwDPRcxssuLQ,Taphouse by RnR Colombo,"Dutch Hospital - Shopping Precinct, Hospital St, Colombo, Sri Lanka",6.9338406,79.84345479999999,4.2,1866.0,,72.1,"bar, establishment, food, point_of_interest, restaurant",077 377 3844,,False,5,"Taphouse by RnR Colombo is a very happening place, perfect to chill out at night. There are many live bands playing, and the events are well organized, which creates a great vibe. You can order both liquor and food at the same time, and the prices are quite affordable. Overall, it’s a lively and chill spot for a fun night out with friends. 🍻🎶 | Great vibes, great drinks, great music

Taphouse by RnR Colombo is an awesome place to chill and unwind. The atmosphere is lively with good music, lighting, and crowd energy. Drinks are well made, food is tasty, and the service is friendly and attentive.

Perfect place to hang out with friends, enjoy live music or a DJ night, and just have a good time. Definitely one of the better nightlife spots in Colombo. Highly recommended | We went to Taphouse — the music and vibes were great, and it’s definitely a good spot if you just want to hang out and have drinks. The atmosphere was lively, the crowd was fun, and the playlist was on point.

But the food was really disappointing. We had the chicken and fried calamari with onion rings, and everything tasted pretty bland and oily and too much use of sauce. The so-called “s’amuse” felt more like something an aunty would make at home — not what you’d expect from a place like this.

Honestly, I’d go back for the drinks and vibe, but definitely not for the food. | Food was okay — the hot butter mushroom was sweet, not spicy, and the passion juice could use more sweetness. Service needs improvement. A decent spot for a casual visit, but they could work on the overall experience. | Had a blast at Taphouse last Friday with a couple of my agents. The live band was fantastic  they mixed Sinhala, English, and Indian songs, and we all loved it. My Indian colleagues especially enjoyed the vibe. Food was tasty, service was on point, and the whole place had a great atmosphere. I have been here a few times, and this visit reminded me why it’s one of my favourites in Colombo for a relaxed evening with music and a beer.",4.2,2026-05-02T08:06:56.971627+00:00
ChIJy6d6Xo1Z4joR-OiIZutUAz0,Perera & Sons - welikada Plaza,"Lucky Plaza, St Anthony's Mawatha, Colombo, Sri Lanka",6.9095115,79.89561200000001,3.7,121.0,,41.8,"establishment, food, point_of_interest, restaurant",0114 885 564,http://www.facebook.com/PereraandSons/,True,5,"I ve been a P&S fan for a long time. But I went to this branch this morning for breakfast and had a very unpleasant experience with one of the staff. The lady at the counter was extremely rude in her tone. I politely told her not to speak to customers like that, especially early in the morning, but instead of acknowledging it, she kept arguing and said that's just how she talks. She even said she doesn't care if I complain. Very disappointing. | Food is good and consistent
But parking only for 3 small vehicles or 2 big ones.

Place atmosphere not as that good but overall it is fine for a quick bite | Wow. Truly iconic service—rude, slow, and impressively unhelpful.  Five stars for the masterclass in customer neglect! Worst customer service ever.🙄 | A place where you can take your kids in, but for a group of 10 people? No you won't be seating as it is limited for seatings(two tables) Customer service was fairly okay.Good PnS standard food. Can grab your lunch and breakfast from here. | Staff very bad they don’t care customer very bad service please attention your staff",2.4,2026-05-02T08:06:56.971627+00:00
ChIJR2g-T_tb4joRWd52NgISzfc,Big Mama's Kitchen,"130, 2/1/1A Hill St, Dehiwala-Mount Lavinia 10350, Sri Lanka",6.851155899999999,79.8664981,,,,14.0,"establishment, food, point_of_interest, restaurant",077 070 7177,,,0,,,2026-05-02T08:06:56.971627+00:00
ChIJk41Yi0BZ4joRRrxDNNN5THc,Nuga Gama,"77 Galle - Colombo Rd, Colombo 00300, Sri Lanka",6.917841,79.84914830000001,4.6,1058.0,3.0,60.1,"establishment, food, point_of_interest, restaurant",0112 497 468,https://www.cinnamonhotels.com/cinnamon-grand-colombo/dining/nuga-gama,False,5,"Hands down the best buffet in Colombo. The spread is vast and authentic. They had a Jaffna theme when we visited and it was really well arranged including live music. The whole restaurant is setup like a village with earthen pots and nostalgic crockery. They have a huge banyan tree at the center and seating both outdoors around the tree and also in a/c rooms. The service was polite and effective, and the chefs were very accommodating. Located inside the Cinnamon Grand which in itself is a very pretty building, the restaurant is easily accessible via the hotel main entrance. Can definitely recommend! | Great place to enjoy Sri Lanka  cuisine in a village type of stylish atmosphere.  They serve an excellent buffet with local delicacies prepared to suit the pallet of Sri Lankan and for travelers all around who want to taste local food.  Really a quite place amidst buy life of the city. It’s a great product of CINAMON grand hotel. | Overall good experience

Positives: nice local dishes including plenty of seafood, flavourful dishes, different types of curries, local entertainment, nice cocktails, good dessert selection etc.

Negatives:
Service was not great. Drinks took about 20 mins and I had to clear the plates from our table myself, some food items were bland (egg roti, fish kotthu), there was a pork item which was unlabeled (made in the form of a cutlet), some dishes have the local name only which makes it difficult for foreigners

Overall, we were happy with the experience | Used to be a great place for Stilankan food.  It seems the variety of authentic sirlankan curries have disappeared. Some food service stopped early and remained empty.

Service standards 3 star only. Out cocktail order had completely been forgotten. Plates were not available and many customers seem to be asking for it.

Atmosphere remains same. | We had dinner at Nuga Gama the night we landed in Colombo. The place is very nice with a good atmosphere. Some live music and traditional demonstrations during the dinner are very nice. The buffet has a lot of options from starters, to a collection of bread, to rice and curry and sweets and fruit. Cocktails are good and service very kind. Definitely too spicy for people not used to it (even though I do eat spicy normally, but this is a bit too much). At the end it seems that every plate has the same taste. Overall a good experience to eat traditional Sri Lankan food.",4.4,2026-05-02T08:06:56.971627+00:00
ChIJs9E8R55Z4joR1vUYsGaSoL0,Caravan Fresh - The Cake & Pastry shop,"1121 Maradana Rd, Colombo 00008, Sri Lanka",6.9164841,79.8760721,4.0,165.0,2.0,52.0,"bakery, cafe, establishment, food, point_of_interest, restaurant, store",071 535 6581,,True,5,"Caravan Fresh Borella is my go-to spot for a quick snack! The smoked chicken roll and chicken cheese bomb are absolutely excellent, and the éclairs are delicious. Their cakes are also really good for the price. I used to grab treats from here all the time when I was working at Lady Ridgeway Hospital for Children – always reliable and tasty! | Really impressed with Caravan Fresh! I ordered a Bento cake through PickMe and requested a small note to be attached. The merchant was so kind to write it beautifully and even sent me a photo before delivery. Such thoughtful service and great customer care. Highly recommend! | Bought a cake for a mini surprise. Very budget friendly and tasty. Highly recommended for this price ( | Had a really bad experience at this place! The staff is very rude and not pleasant at all! The food is of average quality. There are only limited beverage options and none of them taste good! 🤧 don’t recommend this place! The place is always crowded!! | Very bad chicken roll ( common name)

Please don’t give it away these burned and tear up once .

Caravan needs to check quality control for your branches. Please pay attention to help your customers service.",3.4,2026-05-02T08:06:56.971627+00:00
ChIJjYnjbZdb4joRHnNekze9GnQ,Red Rose Restaurant,"22 Galle Rd, Dehiwala-Mount Lavinia 10350, Sri Lanka",6.8507427,79.8658545,4.0,1.0,,16.9,"establishment, food, point_of_interest, restaurant",077 852 9050,,,1,,4.0,2026-05-02T08:06:56.971627+00:00
ChIJyR4FOXVZ4joRpMyeoHS9oyQ,P&S (Perera & Sons) - Catholic Bookshop,"Professor Nandadasa Kodagoda Rd, Colombo 01000, Sri Lanka",6.9191872,79.8729879,3.6,81.0,2.0,41.0,"establishment, food, point_of_interest, restaurant",0114 386 365,http://pereraandsons.com/,True,5,"Recently I visit there to buy some shanks. That time was 9.30am.  And I give the money to him. Buy change was not there and I made the payment using credit card.  After that once I ready leave from the shop that man was in the cashier ask me to never come again without change money. I am never recommend that place to anyone. That P&S in Seram place very nice.
That mad man think he is the owner of the company. I feel if that man was there for long time is not much good for the company reputation | I’m really happy with the service for my wedding breakfast. The food was ready on time for the collection even in the early morning, and was fresh and delicious. I’m so satisfied and would definitely recommend this service to others. ❤️ Thank you so much for the support. | Dropped in on a Monday evening for an evening snack and tried lime drink and rice chox. Both Lime drink and rice chox were decent in taste but nothing particularly noteworthy. Considering the portion size, price of the lime drink was slightly on the higher side.

Service is reasonably good with no delays.
There are 3-4 small tables for dining in, but they're tightly packed, making the space feel a bit cramped. There's a room for improvement in overall cleanliness. | Good place to have a short eat or a soft drink. They even have a great varieties of cakes and desserts.

I’ve tried their delicious eclairs and doughnuts here.

Friendly staff. Have a limited set of tables and chairs. Few parking lots available on the side of the road. | Good outlet with fast service and good food.
Space is really small and gets crowded most days.",3.6,2026-05-02T08:06:56.971627+00:00
ChIJwS45o2ta4joRffKuKZwDcOU,P&S (Perera & Sons) - Jubilee Post,"Jubilee Post Roundabout, Nugegoda, Sri Lanka",6.874898,79.9010347,4.1,86.0,2.0,38.5,"bakery, establishment, food, point_of_interest, restaurant, store",0114 321 698,https://www.pereraandsons.com/,True,5,"Lot of varaities.
Huge dinnng and parking area available.
Calm and quite environment.
Very clean and quite environment feel to enjoy a cup of tea with delicious cake piece.
Customer service not bad. | I go to this place ever since I moved to Jubilee post junction. It is a small outlet.

There are a couple of tables for a few people to sit.

Customer service is improved now and it follows a very stick process on COVID19. | Very good customer service. Smaller cafeteria but can sit 5 to 10 people together. Faster service, specially the lady who issue food items ☺. The good thing is, they remove all the morning foods from the showroom on expiry and don't sell those for lunch. If you want to keep foods for lunch, please check with  the cashier. He has guided  me on several times on different foods. | Provide tasty fast foods. They accept credit/debit card but most of the time machine is broken according to staff. Can I know which bank provide this solution. | Prices of soft drinks a little higher than other places",4.0,2026-05-02T08:06:56.971627+00:00
ChIJMzL5KPxZ4joR6bJpGXUo4Po,& Co Pub and Kitchen,"Colombo, Sri Lanka",6.9340625,79.84293749999999,4.4,184.0,,42.8,"establishment, food, point_of_interest, restaurant",0117 999 899,,True,5,"The food is super tasty, I loved it.. so clean, the staff are so friendly and they have a good service.. my next travel to Sri Lanka, I'll eat there again.💜 | Lovely staff and good food options overall. I ordered the Italian seafood tomato spaghetti, assuming it would be a safe choice for my unfortunately chilli-sensitive Western palate. That assumption was entirely on me.

The dish arrived beautifully cooked and very flavourful — but also intensely spicy. I managed two spoonfuls before admitting defeat. The staff kindly replaced it without any fuss, which I appreciated. The replacement, however, was the opposite extreme and lacked much flavour.

As is common in many parts of the world, spice seems to be the primary flavouring tool, and my palate simply isn’t built for that reality (much to my regret). The meal did fill me, and I left with a gentle reminder not to assume “Western” dishes will be chilli-free unless explicitly confirmed.

On a brighter note, the passion fruit juice was excellent and very refreshing. | The best since I came here very delicious food well made. | & Co Pub & Kitchen is a great spot located just across the road from the Central Bank. The environment is calm and quiet. They have a good variety of food; we tried the cream of chicken soup, spicy Pad Thai noodles (Thai me up), spaghetti carbonara, lime juice, and ice cream for dessert. The portions are generous, and the food was served fairly quickly. Prices are reasonable, but keep in mind that tax is added at the end, so watch your budget. The dessert menu could use a bit more variety, but overall, a great experience. | Had an amazing time with my friends at the lunch time. Nice place to meet friends and night time is extremely amazing. Most of the office crowd gather to this place. Food is really good and staff is friendly too. Cost is also average. Food menu contains inter continental cuisines and liquor menu is also very impressive.
Location is very convenient and easy access to all the offices in and hotels in Colombo fort area.",4.6,2026-05-02T08:06:56.971627+00:00
ChIJufvcQGtZ4joRdtEafpn00vA,Dinemore - Colombo 2,"#50A, Mutthaiah Road, 46 Braybrooke St, Colombo 00200, Sri Lanka",6.9184464,79.8563692,4.0,3543.0,2.0,68.6,"establishment, food, point_of_interest, restaurant",0112 302 888,http://www.dinemore.lk/outlets_dtl.html?oultid=TkE9PQ,True,5,"Food was honestly 10/10. The quality has really improved since my last visit, and you can clearly notice the difference. It’s an affordable place to dine in with family and friends, and the portions and taste make it worth the price.

Overall, it was a good experience. There’s still a little room to improve in some areas, but the food quality is definitely on point now. I’d visit again. | The pizza was a bit small but tastes good
Chilli chicken sub was great.
Crispy Chicken sub was good I prefer the chilli one
The rice was amazing. Didn't think it would taste this good.
Staff was friendly
Service was fast
Prices were decent
And didn't take any service charge 10%. | Extremely disappointed with the food quality at Dinemore (Muttiah Road). I ordered the Chicken Sub, and it was served with a burnt, over-roasted bun that was literally black in spots. The chicken inside was also overcooked and had a bitter taste. For 1,660 LKR total, this was zero value for money. Service was also subpar. I expected much better from this brand. | I would like to share my disappointing experience during my recent visit to your Dinemore Colombo 02 outlet on 4th October.

We ordered 2 Chicken Submarines, 1 Beef Submarine (Large), 2 Orange Juices, and 1 Mango Lassi. However, we were mistakenly served 3 Chicken Submarines instead. When we pointed this out, your staff apologized but mentioned that the order could not be changed.

Unfortunately, after consuming the chicken submarine, my wife experienced severe stomach pain for two days, likely due to the chicken filling being old and having a bad smell. This clearly indicates that the ingredients were not fresh.

This experience was extremely disappointing, and we will not be recommending Dinemore Colombo 02 to anyone based on this incident. I hope you will take this matter seriously and ensure better food quality and customer service in the future. | Really disappointed on the take away orders. This is the 2nd time this happend. The order is  now warm at all. They provide warm foods when we are dine in only. They do this intentionally.
Only happens in this outlet. Other outlets are very good.
And this time I ordered a crispy chicken submarine and the provided us a kebab chicken. Really disappointed on the customer service.
Naver try this outlet.",2.4,2026-05-02T08:06:56.971627+00:00
ChIJx_4KxCJb4joR2ZOqSBzsUjY,Thai Cuisine La Rambla,"RVM7+CQ4, Hotel Rd, Dehiwala-Mount Lavinia, Sri Lanka",6.833512199999999,79.8644648,4.4,192.0,3.0,47.1,"establishment, food, point_of_interest, restaurant",0112 725 403,https://www.facebook.com/pages/LaRambla/156448631083985,,5,"An excellent place to have dinner. Very decent and charming place. The staff is great, friendly and the service is great. It'll cost around 1500 per person for a decent meal. Food is great. The noodles and the rice  is perfect. | First off my lady is Thai. She and I both say this is one of the best Thai food places prolly one the world. The cook has been here for four years. Amazing service. Amazing delicious food. Is a little expensive but so well worth it. Would go back in a heart beat. | Super delicious Thai food where you chose your meal to be be mild, medium or spicy. Good choice for vegetarians as well.
I loved the mango Juice and the veggie curry, really recommended! | Awesome food! This is the first time we tried this place and we were amazed how good the food was.. i think this place has the best thai food i have so far..

Sorry i couldn’t get more pictures of the main dishes as i was too hungry and the food was too yummy 😬 | The food is good same goes to the service.
A really nice place to have a good time.
The pricing is a bit too high Though for certian dishes.",4.8,2026-05-02T08:06:56.971627+00:00
ChIJ04DEl1Ja4joRhdMrR-C-A74,P&S (Perera & Sons) - Kalubowila,"316 Hospital Rd, Dehiwala-Mount Lavinia, Sri Lanka",6.866375199999999,79.8760113,3.9,102.0,2.0,50.6,"bakery, establishment, food, meal_takeaway, point_of_interest, restaurant, store",0114 883 391,http://www.pereraandsons.com/,True,5,"All good. If you are looking for a quick meal, this place os the best. Snacks, cakes, beverages, biscuits available. Very friendly staff. I recommend this place for all travelers. : ) | Fresh and quick-moving food can be surely be purchased at this outlet.

The seating area is kept clean and well-maintained even though there is a constant flow of customers, many of whom are hospital visitors. Despite the limited parking, which is reasonable considering Kalubowila's congested streets, this outlet is perfect for a good and quick snack. | Can chill in the AC and have a meal here. So many flies inside though | Convenient location for many who drop in at Kalubowila Colombo South Base Hospital. Mostly crowded moderately. All types of short-eats and other bakery items such as different buns and cakes, donuts, eclairs etc. available. If systematically parked, there is space for two vehicles opposite the outlet. | P&S has served me diligently for the past 6 years since I returned to Sri Lanka and moved to Kalubowila. The staff are extremely helpful and the food is delicious",3.6,2026-05-02T08:06:56.971627+00:00
ChIJTdtuacNb4joR3jQgcUKIZlg,Chinese Dragon cafe - Bambalapitiya,"11 Milagiriya Ave, Colombo 00400, Sri Lanka",6.886152999999999,79.856596,4.3,3914.0,2.0,72.3,"establishment, food, point_of_interest, restaurant",0117 808 080,http://www.chinesedragoncafe.lk/,True,5,"The place is overall great!
The service is really good. The staff are super kind.
The food was great but to be honest it was a bit too salty and the meat was too thin.
The atmosphere was good but could be better. It's clean and has good AC and decos but there was a ant on my table so they could do better.
Over all its a great place and I definitely reccomend it if you want to eat Chinese food in Sri Lanka. | The food has improved drastically and taste really really good with lot of offers. Theres a service provider names vaasu was exceptionally worked well and provide us a great service. Cudos to the chinese dragon bamba branch ❤️💕🔥 | I’ve visited Chinese Dragon three times in the past three months, and every single visit has been excellent. The food is consistently delicious, fresh, and full of flavor.

A special highlight of my visits has been my waiter, Shafan. He truly stands out—always welcoming, attentive, and incredibly professional. His service adds a personal touch that makes the dining experience extra special.

Chinese Dragon has definitely become one of my favorite places, thanks to the great food and exceptional service from Shafan. Highly recommended! | Good food, at an afforded rate, good portion size too.
Shafna did a great job by recommending the fast moving dishes and always served us with a smile | I m an Indian, I am in Colombo since last 10 days and visited many restaurants.
Person who served the food didn’t smiled a single time and I didn’t get the feel what I experienced in last few days. In general I found people are very friendly and welcoming which was missed here.

Ambiance was below average, I have been offered corner space and there were no other customers in that room.
Food was just ok
Ordered chicken spring rolls which was ok
And chicken fried rice which has no chicken, I was literally searching for chicken pieces while i get only eggs
Not recommended based on the price",4.0,2026-05-02T08:06:56.971627+00:00
ChIJaQJopM1b4joRba013zWPQyE,Café La Defense,"124 Park Rd, Colombo 00500, Sri Lanka",6.8863832,79.8712563,4.4,674.0,2.0,61.9,"cafe, establishment, food, point_of_interest, restaurant, store",0112 550 150,,,5,"Food is really delicious. We ordered chicken creamy soup and that is awesome. Also creamy pasta. But they took like 35-45 min to prepare the order. Anyway the food is really good. No service charges | Ample space. Superb atmosphere. Delicious food with unique taste and for a very reasonable price. Generous food portions enough to fill a very hungry person
Overall 5 star rating and hope to visit again to try the rest of the menu ❣ | One of the best place for a date with friends, and they are having the BYOB. Food was amazing I would like to recommend the cheese chicken kottu and their special mix rice. They really worth the price and there was a great offer. Highly recommend without any doubts. | We visited Café La Défense for breakfast, and it was such a lovely start to the day! The atmosphere in the morning was calm and welcoming, and the food was absolutely delicious. Everything we ordered was fresh, well-prepared, and full of flavor, a perfect morning treat.

The staff were friendly and attentive, making us feel comfortable right away. It’s a great spot to relax, enjoy a good meal, and take in a peaceful morning vibe. Highly recommend this café if you're looking for a tasty and satisfying breakfast in a cozy setting! | Amazing breakfast time with yummy English breakfast set and coffee! The staff was super helpful and friendly! A place to cone back 😁",4.8,2026-05-02T08:06:56.971627+00:00
ChIJ22L9enBa4joRptj3_Grq-VI,moon world celluler center,"B530, Nugegoda 10280, Sri Lanka",6.868271900000001,79.9104318,,,,17.0,"establishment, food, point_of_interest, restaurant, store",0114 582 394,,True,0,,,2026-05-02T08:06:56.971627+00:00
ChIJH5QN-qZb4joRq7jhz4Vi1tY,The Den,"261 R. A. De Mel Mawatha, Colombo, Sri Lanka",6.909607899999999,79.8524975,4.4,84.0,,46.3,"establishment, food, point_of_interest, restaurant",077 568 9685,,False,5,"Ruwala, You can find easily where this place situated near by some popular beach side restaurants in Dehiwala area.  Place is good with picture perfect location where you can have quality time with posing.
Even though the location is calm and good to have day outing and have some beach time the quality of the food is not in good hands. | The ambiance is quite nice. This is the place if you need to hand out with your friends in TOTAL Freedom. You can listen to your own music and the tables have lots of space from one another giving almost total privacy. the environment is natural too with lots of trees around and the beautiful view of the beach. Only complain i have is food hence 4 stars. Their potions are alright but the quality and little things are not there. The Manager Dale is a very nice person ! | Nice, economical place to have a drink with friends, at an evening. Friendly staff, and good service. They’ll arrange tables at the beach at your request. It’s a nice option.

You can bring musical instruments like guitars and bongos, and play them, but not too loudly. Food taste is average, portion size is average too. But the price is reasonable.

They ask you to leave at 12.00AM, but you can be there until 01.00AM. But staff may ask you to go inside and let them to remove chairs, which is fine. | Calm and quiet environment. Prices are reasonable. Helpful staff. Tasty of the food is ok but needs to improve. No separate parking space. Plastic chairs and tables are not much comfortable on the sand. | Had a superb time. Nice place to get along with friends",4.0,2026-05-02T08:06:56.971627+00:00
ChIJ5eTXpI5Z4joRl4nwIUa33Bo,Arabian Mode Foods,"88 Borella Cross Rd, Colombo 00800, Sri Lanka",6.9167928,79.87666010000001,4.0,6.0,,32.7,"establishment, food, point_of_interest, restaurant",075 166 6669,,,5,"Chicken Kabsa, Double Meal chicken, Dubai Style Spicy Chicken Shawarma all were in good quality. Ordered several times. | Super tasting Arabic food... Really authentic stuff to try out! | It's a cloud kitchen so don't waste your time like me searching for the restaurant.
Lol! | Fake address, be aware | ",3.8,2026-05-02T08:06:56.971627+00:00
ChIJ04kOt7hb4joRkBxQd53_rFQ,Craves,"24/A Frances Rd, Colombo 00600, Sri Lanka",6.8761684,79.85825899999999,5.0,2.0,,25.7,"establishment, food, point_of_interest, restaurant",077 776 5679,,False,2,Delicious food | ,5.0,2026-05-02T08:06:56.971627+00:00
ChIJz856dMNb4joRMIIJsuPzXnM,Siam House Restaurant,"16 Melbourne Ave, Colombo 4, Sri Lanka",6.8857857,79.8568834,4.0,1351.0,3.0,69.8,"establishment, food, point_of_interest, restaurant",0112 595 966,http://www.siamhouse.lk/,True,5,"I had a wonderful experience enjoying authentic Thai food here. Every dish was full of flavor, fresh, and beautifully prepared truly one of the best Thai meals I’ve had!

The service was outstanding as well. Manager Roshana made sure everything was perfect from start to finish. Very friendly

Highly recommend this place if you love delicious Thai food and great service. Definitely coming back | A group of 8 including 2 kids visited on a Thursday (just after April new year holidays) for lunch. We called to make a reservation and they informed us it wasn't necessary during lunch time.
There is parking inside the premises, but plenty of street parking outside as well.
Plenty of seating options available. The staff was friendly as well. I believe they can improve on food preparation time as it took them more than 20 minutes to serve our food. | My recent visit to Siam House Restaurant in Colombo left me with mixed impressions. While the menu prices seemed a tad high, the inclusion of numerous taxes and fees on the bill added an unexpected layer of complexity. The presentation of the dishes, notably my tom yum soup, was disappointing, featuring unsightly marks outside the bowl, indicating a lack of attention to detail.

The restaurant's interior, despite the air conditioning being on, was uncomfortably warm, and the decor felt outdated. Additionally, overhearing staff expressing frustration about extended working hours created an atmosphere that was less than enjoyable for diners.

Regrettably, the food quality fell short of the anticipated Thai standard. The soups, in particular, lacked the vibrant, natural flavors of authentic Thai ingredients and instead tasted more like a generic paste. Despite mangoes being out of season, the absence of mango-related dishes was surprising, especially when compared to other Thai restaurants that manage to offer such items.

On the beverage front, the non-alcoholic choices were notably limited, and the quality was subpar. This was particularly evident in the basic milkshake, which failed to meet expectations. While the staff exhibited friendliness, there appeared to be a need for additional professionalism and training.

In terms of the dessert offerings, the brownie was disappointingly dry. The presentation of the sticky rice with lychee lacked finesse, and the dish was marred by insufficient coconut milk.

In summary, there are several areas that could be improved to elevate the overall dining experience at Siam House Restaurant in Colombo. | The food was to die for. Some of the best Thai cuisine I've ever had. The manager was very friendly and paid alot of personal attention to the customers. Food came to us quite fast as well. The only thing I could say to improve was the cleanliness and maybe a little more effort on getting fresher table mats and things like that. All in all had a lovely time | Authentic Thai food !!
They really have good choices.
Good atmosphere for a family dine in
Price range a bit more than average!!
Should try place!",3.6,2026-05-02T08:06:56.971627+00:00
ChIJ8dA68vJZ4joR2JbC45IxXrI,Big Bite Biriyani,"1110 Sri Jayawardenepura Mawatha, Sri Jayawardenepura Kotte, Sri Lanka",6.908267299999999,79.89910130000001,3.3,1542.0,2.0,65.7,"establishment, food, point_of_interest, restaurant",075 522 2777,https://clickymenu.com/bigbite123,True,5,"Thank you for the delicious foods. It was made more special our parents surprise birthday's party.. food tast and quality amazing... Thank you for all staff and special Mr. Owner. Help full staff.  Transport service - best. They delivered on time to the venue. Thank you for your tasty food👌🥰💐 | We wanted to try bigbite biriyani since we tried it on our childhood time. We checked some reviews and it was pretty bad. We took and a risk and went to try their biriyani. But people were wrong. Food was ok. Not bad. Unfortunately BBQ chicken was not cooked inside. Biriyani was ok but ive tried many other good biriyanis. Portion was generous. They’ve turned off the AC when we went and it was bit creepy coz of the silent. They didnt have any soft drink and it was bit disappointing.
Can try once, not a go to place honestly.
Sad to say its bit overrated now!
Need some improvements.
Thanks | The taste of the food and quality is amazing.  Delicious.
Te only issue was we were waiting more than 30 minutes to receive our order. | Best of best mutton biriyani.  Really enjoyed with our family.  The great level of hospitality amd friendly. Yummy food . Naan and beef korma was outstanding.  The Place was bit dull.. but we need the food quality it was supperb | Foods quality is completely disappointing. Chicken was okay. Very poor service, a bunch of boys struggling to manage for the sake of doing business.

They prioritize their take away customers and other online orders. A guy walked in after 20 mins only after scolding the guys working there, fellow got the order and dissapeared for another 10 mins. Dining area is little better than the toilet. Lights were almost off, you can barely see the plate.",3.4,2026-05-02T08:06:56.971627+00:00
ChIJIYxmXc1b4joR_RpXPSriMw4,Jack Tree,"382 Galle Rd, Colombo 00600, Sri Lanka",6.8677511,79.8624603,3.7,397.0,3.0,47.2,"establishment, food, point_of_interest, restaurant",077 742 4742,http://www.jacktree.com/,,5,"9th August 2024 Dinner takeaway from The Jack Tree, 382, Galle Road, Wellawatte,  Colombo 6 (Ground floor of GSH Hotel )
Ordered Chicken Green Curry with Steamed Thai Rice.
Total Paid Rs.2,050 with 20% discount for HNB credit card.
Lovely, Wonderful, Fantastic, Tasty, Yummy....
Just enjoyed it. I remember long long time ago I have had food from The Jack Tree. Now they have moved to Wellawatte. A small place, but their food is still the best in Thai cuisine. A must try and you will come back for more and more. | This not the first time I visited Jack Tree at Park Road. I always loved their dishes. I visited the place after two years and we weren’t particularly happy with our experience today, our rating speaks for it. The place isn’t all that bad either.  Food was not bad but pretty disappointing. The ingredients were pretty right but just it missed the deep Thai flavour. Thai dishes had a Sri Lankan flavour, which we thought, was not a good thing. I don't think I would go back to this place, the food is not comparable to other Thai places. The decor is nice and the location is good but that's about it. | Great Environment. Great Food. They have a variety of Thai Dishes and nice place in town to taste some authentic Thai Curries. Good Staff. I visit this place frequently. | Always order via uber eats. Their thai chicken rice is the best. Comes with a spring roll which is just as tasty. But the problem is sometimes they disappear on uber eats and the menu too. Sometimes their name changes to mango tree 🤪Recently on the updated menu the same item is listed as executive lunch/ dinner. Their chicken fried rice which is more expensive is just average. Always go for executive thai rice and you wont be disappointed | They have a variety of Thai Dishes and nice place in town to taste some authentic Thai Curries.The food prices are little bit expensive..🫕🥣🍲🍜🍛🦪🍣🍚🍱",4.0,2026-05-02T08:06:56.971627+00:00
ChIJwZv1KpFZ4joRhQPBFaVMdyw,WELGA SNAC,"WVQ2+5PG, Main St, Colombo, Sri Lanka",6.937948,79.8518391,,,,14.0,"establishment, food, point_of_interest, restaurant",,,,0,,,2026-05-02T08:06:56.971627+00:00
ChIJEQnuV-RY4joRsM8UfN9K8QQ,Dominos Pizza - Kotahena,"Ground Floor, No. 174 George R. De Silva Mawatha, Colombo 01300, Sri Lanka",6.948194000000001,79.8604493,4.1,820.0,2.0,53.3,"establishment, food, meal_delivery, meal_takeaway, point_of_interest, restaurant",0117 777 888,https://m.dominoslk.com/jfl-discovery-ui/en/web/home/66773?utm_source=GBP&utm_medium=Maps&utm_campaign=Store_website,True,5,"I recently ordered from Domino's, and I couldn't be happier with my experience! The pizza was absolutely delicious, with a perfect blend of toppings and a crispy crust that was just right. The quality really shines through in every bite. Plus, the delivery was quick and the service was top-notch. If you're craving great taste and quality, Domino's is the way to go! Five stars all the way! 🍕✨😋 | I just had one of the best pizza experiences I’ve had in a long time, and I have to give a massive shoutout to the entire team, especially our delivery hero, Raheem!

From the moment we ordered, the process was seamless. The customer care was top-notch, keeping us updated on our order status so we knew exactly when to expect our food. And when Raheem arrived, he elevated the experience. He was incredibly polite, professional, and had a massive smile that made the delivery feel personal. It’s rare to find staff who go above and beyond, but Raheem genuinely made our evening better. Thank you, Raheem!

We decided to dine in, and we grabbed the most fantastic spot in the house a booth right by the open glass side. It was the perfect people watching spot, letting us enjoy the bustling street view outside while we dug into our meal. The ambiance was bright, clean, and welcoming.
A Cheesy Masterpiece
We ordered our favorite,and it was, hands down, the best it has ever been. The first thing you notice is the incredible quantity of the cheese. It wasn't just sprinkled on; it was a glorious, thick blanket of gooey, molten perfection that stretched for miles with every slice. Underneath that amazing cheese, the sauce was perfectly tangy and seasoned. But the real game changer was the crust. It had that ideal crisp on the outside the kind that makes a delightful ""snap"" when you bite into it while remaining soft, airy, and doughy on the inside. It was the perfect vessel for all that cheesy goodness. Every bite was pure bliss.

The Legendary Lava Cake
If you haven’t tried theLava Cake, you are missing out on life. It arrived warm and looking perfect. The moment I plunged my spoon in, the rich, warm, fudgy chocolate lava flowed out dramatically, mixing with the cool, creamy vanilla ice cream on the side. It’s the perfect balance of textures and temperatures a warm, gooey, chocolatey hug in dessert form. It’s the ultimate sweet ending to a savory meal and is absolutely delicious.
To wash it all down,we had ice cold beverages that were the perfect palette cleanser between those rich, cheesy bites. They kept us refreshed and ready for more pizza (and that lava cake!).
From thequick delivery by the wonderful Raheem to the excellent service inside, the perfect seating with a street view, and the absolute best pizza with its incredible cheese and crisp crust, this was a 10/10 experience. If you want the perfect pizza night, look no further. I’ll definitely be back, and I hope Raheem is there to deliver! | Very bad experience. Extremely unprofessional. I ordered two meals today. They took money for that but delivered only a burger. After that, I called them, and in 45 minutes, I couldn't register the complaint they keep on transferring calls. In the end, they told me very rudely , ""We registered your complaint; other than this, I cannot do anything."" | Extremely disappointed with the service at the Domino’s Kotahena branch. Despite being one of the largest multinational chains, this outlet operates well below standard.

I visited for lunch and faced several issues:

Poor Service: It took an unnecessarily long time for the cashier to even attend to me, despite the store not being busy.

False ""Out of Stock"" Claims: Many menu items were unavailable. I specifically asked for a small Pepsi, which the cashier claimed was out of stock, even though I could clearly see the bottles in the fridge.

Subpar Dine-in Experience: Unlike other Domino's outlets that serve dine-in customers on plates, this branch serves everything in delivery packaging.

Lack of Essentials: They were very stingy with ketchup, providing an inadequate amount for the meal.

It feels like the staff has no interest in maintaining the brand's reputation or serving the few customers they have. I’ve visited several times over the last 10 months and the experience has only declined. This branch needs a serious management overhaul. | Today,  I recently experienced a disappointing dining experience.I placed an order and had to wait over 20 minutes. I tried the new combo for 399, and I ordered 2 combo packs. They brought 2 rice and 1 Pepsi without gravy initially. When I asked for the gravy, they brought it. But when I asked why there was only 1 Pepsi , they said it wasn't their problem. I had to show them the menu to confirm, and only then did they bring the second Pepsi. The service was really bad, especially when there weren't many customers. The girls working there seemed really lazy. It's frustrating when staff don't provide good service.Very dissapointed",2.8,2026-05-02T08:06:56.971627+00:00
ChIJbaCbi7pb4joRs6gxrR_765M,Omega Regency . Colombo,"06 Galle Rd, Colombo, Sri Lanka",6.8692199,79.86218869999999,3.8,234.0,,52.5,"bar, establishment, food, lodging, point_of_interest, restaurant",0112 582 277,http://www.omegaregency.lk/,True,5,"I have stayed yesterday to today at 6pm.. room was good I appreciate that but the receptionist was the problem.. they look me and treat me like thief.. not all the people only 2 of them.. why should I pay 10k and come to steal anything.. when i going to check out she asked their staffs to check the room immediately and tell.. what nonsense.. I don't want anyone things.. dont see other persons with cheap mentality.. I stayed in many hotels... only for my pets I stayed here.. not to steal anything.. even they dont know if the people have many things to carry means they want to help to open the door.. when I got stuck only they came.. | located in the galle road near arpico rooms are ok for the budget and service also | Quality of stay with affordable expenses. It was an AC room. There was a television 📺; however, there was no time to watch. Most of the I were sleeping. In the end, it was good relief for extreme pressure. Really enjoyed the motherland on a short vacation. Almost one year now, when I think, it was the valuable days with affordable expenses. I was sleeping like a baby in Wellatta, Colombo, in a well-known place with peace of mind. However, the hotel did not turn the water on. I wasn't paying that much attention  because I got the relief. That was the matter. | Good place in the city with affordability.
Also we can't forget the friendly staff during our visits. | Went in the evening for a birthday party and Its near the arpico super at wellawatta. Welcomed in a well manner and showed me the correct floor. Very helpfull staff. You can get the 1st floor for a medium size party. Can be packed with 80 to 100 people. Can't see there is a place like this.",4.2,2026-05-02T08:06:56.971627+00:00
ChIJSW6eRA5Z4joRWT8q5M9ZwD0,Ricorn Hotel & Bakers,"29 Ven Baddegama Wimalawansa Mawatha, Colombo 01000, Sri Lanka",6.9267232,79.8653508,4.2,3001.0,2.0,64.4,"bakery, establishment, food, point_of_interest, restaurant, store",0112 677 340,,True,5,"Fast and friendly service. Large selection of shorties. We tried beef patty and chicken samosa. Both delicious and not too oily. The plain roti and egg roti have great texture. We did not have to wait for egg roti for long, it was very hot and fresh when it came to our table. the chicken curry was delicious. chicken is fried before being added to the gravy. the gravy is onion heavy with some spices and the addition of coriander is delicious. the milk tea was hot, sweet, and very strong tea flavour. I am grateful my hotel was so close by. I look forward to coming back. | Ricorn – Maradana is an excellent place for food and drinks! The cheese kottu is the best — super tasty and full of flavor. The paratha with beef is also delicious, and the Milkmaid tea with chicken samosa is a perfect combo. Great quality and highly recommended! | I recently visited this place to try their famous cheese kottu. When I arrived, it was very crowded, so I had to place a takeaway order instead of dining in.
The cheese kottu was delicious, but it tasted more like milk kottu than cheese kottu. Overall chicken portion of the kottu is good.
Also, there isn’t enough parking space. | Ricorn Maradana is an excellent place for food and drinks. I go there about 1 or 2 times a month, and the food never disappoints. The cheese kottu is the best ,super tasty, full of flavor and really satisfying.

It gets very crowded during lunch time, which shows how popular the place is. Because of that, it can be a bit difficult to find a dining table during peak hours. But the food is definitely worth it.

Overall, a great spot if you’re looking for delicious kottu and a lively atmosphere. Highly recommended. | Visibly clean dining area, but shocked to see a mouse in the kitchen near prepared kottu. Serious hygiene concerns—makes one question the safety of the food being served.",4.0,2026-05-02T08:06:56.971627+00:00
ChIJPXtc5hhb4joRwa_1RfFO0rE,KFC - Mount Lavinia,"270 A2, Dehiwala-Mount Lavinia, Sri Lanka",6.837326699999999,79.8673063,3.8,2190.0,2.0,67.2,"establishment, food, point_of_interest, restaurant",0112 732 512,https://www.kfc.lk/,True,5,"Their service was par with Sri Lankan KFC standards. Customer service was not excellent but  above average and came with good attention.
Larger service area available. Access is through stairs so disabled access is doubtful. | We ordered a large biriyani (Rs850), a loaded cheese burger (Rs1750) and a pepsi. The biriyani was alright. It was good and tasty, but the burger was not worth at all. There was only a piece of a chicken, little mayonnaise and lots of lettuce. Very disappointed about the burger!!! | I always give the outlet a chance since thats the closet kfc outlet and I enjoy my kfc when the cravings hit, but the food quality is not great when dining in or during delivery.

A few weeks ago order the Sunday 8pc offer and  the pieces were way well below par and the variation was not there. Mainly legs and wings. But thought that's OK since it was an offer day.

Today wanted to try the Krispy cheese overload.
To our dismay, there was no crispy chicken, only the wedges and nachos.

This outlet def lost a customer. | Ordered the new “cheesy shawarma” and “krispy cheese overload” with high expectations and a large biriyani the cheesy shawarma didn’t even have cheese inside it, such a disappointment and the biriyani was tasteless no salt no taste at all and had to stay over an hour for the Krispy cheese overload and when we got the Krispy cheese overload such a disappointment for even waiting for it that long no salt and more than wedges there where like nachos but it was like (P&S) patty’s edges such a disappointment nothing was crispy about it, it was so soggy if the kfc can’t provide good quality food don’t add new stuff to the menu and don’t give high expectations for the people using advertisements | Last week I visited the KFC in Mount Lavinia. I ordered two burgers, chicken wings, and a Pepsi. The burgers were really nice, the ambience was good, and the service was fine overall.",2.2,2026-05-02T08:06:56.971627+00:00
ChIJ8YoF20BZ4joRXeHKRTzNPPs,"Raja Bojun Sri Lankan Restaurant - Corporate/ Private Catering Services , Deliveries & Takeaways","51/1A Isipathana Mawatha, Colombo 00500, Sri Lanka",6.888838499999999,79.8658871,4.0,1262.0,2.0,63.3,"establishment, food, meal_delivery, meal_takeaway, point_of_interest, restaurant",077 331 6171,,,5,"We visit this place with our Japanese friends. Foods look so good, but need to improve the tasty. It little different than real Sri Lankan quality of the foods. Very nicely arranged and there are so many varieties and you can taste any thing. Cost is little expensive, but in such place it is not possible to run the business. Any the owner need to look this to improve the taste of the food..

Thanks for your food and improve further for better... | Best tasting and authentic Sri Lankan cuisine. It's all you can eat. Unlimited food. Must try. | This is a takeaway restaurant. However, they prepared a table for us tourists and served us very delicious food. Highly recommended! | I ordered two lumprice items today and the tast , packaging is horrible. I saw an insects also inside rice. Disgusting experience I've had with this restaurant. This is my very first order and I never order again and for others I will neverever recommend this restaurant. | Great customer service. Both Breakfast and dinner buffet is good. Very clean place.",4.0,2026-05-02T08:06:56.971627+00:00
ChIJfUzeaT9Z4joREBNqpQb7lc8,Colombo View Inn,"WRCX+546 Terrace, 03, Colombo, Sri Lanka",6.920424799999999,79.8477714,3.0,2.0,,21.7,"establishment, food, point_of_interest, restaurant",077 725 3545,,True,2,"Very bad. I booked through booking.com 2 days before, I want to confirm and I called that time and next days but they didn’t answer , I put message but no reply but they accepted my booking it was confirmed but when I go there I can’t find the place then i called no answer again i called they answered and they said hotel closed I asked why are you didn’t call me or message me they said they did. But they didn’t I came from 7 hours travel from my place it’s far. But they simply replied hotel closed. | ",3.0,2026-05-02T08:06:56.971627+00:00
ChIJR3c58p1Z4joRvnICD_JYolk,Hotel De Farhan,"Colombo 08, Colombo, Sri Lanka",6.916572599999999,79.87781849999999,2.1,45.0,,36.0,"establishment, food, point_of_interest, restaurant",077 730 2550,,True,5,"This is the worst experience I have had as a picme food customer for years. The food is completely disgusting. The meat that has been put in this food has been so rotten that I can't even put it in my mouth. I didn't even eat the egg, the smell was so bad from these pieces of meat. The roast chicken was good. But these small pieces of rotten meat ruined the whole meal. I threw the food I paid for to the dog | This place is absolutely terrible idial for animals to feed. The people running it are shockingly unprofessional and have no sense of hygiene or hospitality. They handle food with filthy hands, rush to the washroom, and then serve customers without even washing properly — it’s disgusting. You don’t get served when you’re ready; they decide when and if you’ll get your food. The entire place feels dirty, chaotic, and completely mismanaged. I honestly don’t know how this place is still in business. Avoid it at all costs unless you want to ruin your day (and possibly your stomach). | I'm really sorry food is not good, i tried here beef kottu no so tasty portion is ok but not worth for price. Just added little bit of beef and so wet kottu | I really sry to say this 😞 it's not tasty and I ordered cheese chicken pasta but I got kottu rotti I will pay for the extra cheese and chicken but chicken is not their like they send chicken born 😔 what is this if u all can't take the order then don't take it..bcz this poor people's money ☹️iam very disappointed ☹️ Ur service is zero | Yesterday I visited for eating appam. They gave the order after 10 minutes but there were not busy. A server gave me appam and an previous miris  sambol to eat. That wasn't covered and flies were infected.  I told to change it but he replied as harsh eat or go this is we have. Then I came out without est. Very DISAPPOINTED CUSTOMER SERVICE.",1.4,2026-05-02T08:06:56.971627+00:00
ChIJT3X3g55Z4joRfnrvb9TrSE8,Bombay Sweet Mart,"42 Dr Danister De Silva Mawatha, Colombo 00800, Sri Lanka",6.915755099999999,79.8778196,4.2,96.0,,37.2,"cafe, establishment, food, point_of_interest, restaurant, store",071 516 1713,,True,5,Cool spot tasty sweet falooda & lime passion fruit. Service is gd.bill counter there is a man who welcome & send off feel gd.managing 3 language. And his memory power also so gd. | Clean and tidy atmosphere in the busy location.  Good selection and range of variety.  Specialised in Indian sweets  faluda and vide range of juices and milkshakes.  Delicious and reasonable prices. | 😍 | Lots of seweets and drinks. Place where drinks are making is not visible to customers | Juices are good but don't try the shot-eats fried in too many times in used oil,4.0,2026-05-02T08:06:56.971627+00:00
ChIJPewd8mJY4joR5_n6-D124vY,Hot 'n' Roast Chicken,"38, 1 Stanley Tilakaratne Mawatha, Nugegoda, Sri Lanka",6.871497799999999,79.889302,4.4,9.0,,25.2,"establishment, food, point_of_interest, restaurant",,https://www.facebook.com/hotandroast/,,5,"This place just started the business, I hope they do more improvements in future |  |  |  | ",4.6,2026-05-02T08:06:56.971627+00:00
ChIJX71WfmJZ4joRvlZx0r6hFEc,The Dutch Burgher Union of Ceylon,"Thunmulla, VVW5+WH2, 114 Reid Ave, Colombo 00500, Sri Lanka",6.8970468,79.8590854,4.2,1248.0,2.0,62.2,"establishment, food, point_of_interest, restaurant",0112 584 511,http://www.thedutchburgherunion.org/,True,5,"We had a wonderful stay at the DBU for nearly 2 weeks.  Every staff member was polite, attentive & helpful.  Leneesha went out of her way to make our stay a memorable one.  Thank you Leneesha.  Accommodation was very comfortable.  Rooms are spacious & clean.  Maintained well by Ruwani & her team.  Location is very central and convenient.  The food at the DBU is exceptional & reasonably priced.  The Bacon & Egg Roll and their Chicken pie are out of this world!  Their Lamprais are the real authentic preparation, the best in town!  Well done DBU Board & management.  Keep up the good work. | I went to have lunch and had to unfortunately walk out. I waited over 15mins for my order to be taken, but no one came up. I asked three people to get my order, all three said wait and never came back.

A group of white tourists came some time after I came and settled down, the servers promptly went and got their order. I understand we need to treat foreigners well, but I didn’t know ignoring local customers was part of that.

So I had to walk out because the treatment of the staff made me feel like I would have to walk over to the kitchen and give the order myself.

I hope the restaurant understands that their sustenance depends on local customers, and I hope they teach their employees to treat their own kind with equal importance and respect. | Visited Dutch Burger Union Cafe and everything was spot on. Loved the bacon and egg pastry, chicken pie, beef cutlets, and fish rolls. All fresh, flavourful, and well made. The iced coffee was also excellent and hit the spot. Service was fast and efficient, which made the whole experience easy and enjoyable. A great place for good food without the wait. | I went there to have some snacks from its restaurant. I noted that the publicly accessible area at the ground floor is also more organized now. The ambience is charming.  The snacks were delicious and the service was very efficient and ccourteous. Parking on site was not very difficult. | I visited this place for the first time on the 31st January 2026 with a friend to have some coffee and cakes. Based on the service received from this small cafe I am very satisfied and recommend this to others. However I have not used their accommodation or the main restaurant to make any comments. There is a small car park accessible from Bauddhaloka Mawatha (Bullers Road) coming from the Galle Road side.",4.0,2026-05-02T08:06:56.971627+00:00
ChIJsxw97XtZ4joRQw_3VBJM_58,Pioneer bombay sweets,"216 A Main St, Colombo 01100, Sri Lanka",6.9381453,79.85252969999999,4.6,26.0,,31.2,"establishment, food, point_of_interest, restaurant",077 633 9552,https://bombaysweets.lk/,True,5,"I recently visited Pioneer Bombay Suite and had a great experience. I tried their shorties and a mouthwatering beef roll — both were served hot, fresh, and full of flavor. They also offer a variety of other goodies like falooda, smoothies, chips, chocolates, and dates — basically, everything you’d want under one roof!

Their hot meals are genuinely delicious, and the service is friendly, fast, and welcoming. One of the best parts? The prices are very affordable — noticeably lower compared to many other spots in the competitive market, without any compromise on quality.

If you're looking for a place that delivers on taste, variety, service, and budget — Pioneer Bombay Suite is definitely worth a visit. 👌

Keep it up brothers 💪 💯 👌 | One of the best sweet shops in Pettah! Always fresh, tasty, and authentic Bombay-style sweets. I’ve been visiting for years and the quality is always excellent. Highly recommended for anyone who loves traditional sweets! | The sweets were really fresh and delicious! Nicely packed .They delivered to athurugiriya and Everyone in the family loved these sweets  💙  Great quality and friendly service. Highly recommend! | Excellent quality cashews! Fresh, crunchy, and full of flavor. Definitely my go-to place for nuts. | I ordered varieties of muscat to sent to my aunty in USA. The service was excellent. The staff sent the parcel well wrapped all the way to seeduwa. The sweets are of excellent quality. Highly recommending!!",5.0,2026-05-02T08:06:56.971627+00:00
ChIJJUKotMBb4joR4fj9RgvCtkM,Kandoori,"17 Charlemont Rd, Colombo 00600, Sri Lanka",6.8780959,79.85809880000001,4.1,2532.0,2.0,73.2,"establishment, food, point_of_interest, restaurant",077 751 1911,http://www.kandoori.com/,True,5,"The food was okay, nothing special to be honest. The menu was very limited for lunch time and that is not posted anywhere on the website. It was a huge disappointment to find out that the tandoor options are only available after 4pm on weekends.

We ordered with the limited menu and It took more than 45 mins for the food to come, I am not sure if there is only 1 cook here but every order took a long time to come out. I wouldn’t come for dine in again, maybe uber eats if really needed. | No any word to tell about foods. Another level authentic indian flavor experience. Staff was very helpfull. Really love this biriyani. Little bit difficult to find a table. We wait around 10 min to get a table. But in that time staff handled us properly. I don't know they have any reservation method. If it available plz make a table reservation before you go on weekends. About price, all the food prices are reasonable. Another thing is its little bit noise bcz of many peoples coming with families and some childs shouting. | Kandoori Indian Restaurant offers a delightful dining experience. The butter naan with chicken kadai gravy is an absolute treat, while the hot butter cuttlefish starter is equally impressive. Chicken koththu was decent, but overall, a very enjoyable dinner. | Edit 2: went her again for lunch service was very crappy. No one came to take the order for about 20mins. Once order food took some time but that can be understood and after that we order another 1 chapathi it took another 20min i had to ask again then only it came. Then ordered deserters it took another 15mins to come. The deserts are already made so it could have come in a couple of min but it didn't. I had to ask 3 times then only it came. Also for the fish masala stay away it felt old gave a funny taste. I am not sure if I would go again. It felt they just kept ignoring us. Bcz we say ppl who came after us was the orders was taken and didn't pay attention to us. Last time also we didn't have water nor cups but this time those 2 was given before the meals came.

Food was good nothing to complain. May be the quantity of the meat portions should be increased we only got 3 piece of mutton for the price its very expensive.

The service last couple of times was good but the last time I went wasn't upto the mark. There was no water no cups I think this should have been the 1st thing which should have come to the table. Also the servers were no where to be found to ask. I had to grab a water bottle from near the door and yet had to drink without a cup. In service number 1 rule always server should be there were a customer can see and call to. | The manager at Kandoori is very friendly and welcoming, which gives a good impression from the start. However, sometimes they tend to push customers a bit to buy their food or ongoing promotions — it would be better if customers could choose freely without that pressure.

That said, the customer service is really good, and the staff are attentive and polite. The food tastes great and is freshly made, though the portion sizes could be a little larger, especially for families.

Overall, it’s a nice and peaceful place to dine in, perfect for those who want a calm meal experience.",3.6,2026-05-02T08:06:56.971627+00:00
ChIJ_Y5PS-RY4joRgXt-awkKCvI,Pizza Hut - Kotahena,"3 Bonjeen Rd, Colombo 00130, Sri Lanka",6.948328999999999,79.8611885,4.0,757.0,2.0,61.7,"establishment, food, meal_delivery, meal_takeaway, point_of_interest, restaurant",0117 729 729,https://www.pizzahut.lk/,True,5,"Today I visited Pizza Hut Kotahena and had a very disappointing experience.

We ordered Butter Chicken Masala Pan Large and Sausage Delight Pan Large. The Butter Chicken Masala pizza was extremely thin, overcooked, and dry, making it hard to eat. It did not meet Pizza Hut’s usual quality standards. However, the Sausage Delight pizza was good, and the dough was soft and tasty.

What made the experience worse was the poor service. At that time, there were no water bottles or soft drinks available, and even plain drinking water was not offered, which is unacceptable for a dine-in customer.

Overall, the food quality was inconsistent and the customer service was very poor. This is the worst Pizza Hut branch experience I’ve had so far. I hope the management takes this feedback seriously and improves both food quality and basic customer service | I ordered a Large Chilli Chicken Ultimate Cheese Pizza from the Pizza Hut Kotahena outlet last week, but the chicken was missing. I also ordered a Medium Pan Pizza, which had chicken and was priced higher than the large pizza.

This is not my first bad experience with the Kotahena outlet, and I am very disappointed with the service. Please look into this matter. | I ordered a medium sized veg cheese crust pizza, but it was not worth the money🥲. Please don’t waste customers’ money kindly focus on making a more delicious and better quality pizza. However, the service was good, and the delivery person was very kind.🙂 | I recently visited Pizza Hut, and I must say, it was an excellent experience from start to finish.

Ambiance:
The atmosphere was warm and inviting, with cozy seating and a lively vibe. It's the perfect spot for a casual meal with friends or a cozy date night.

Service:
The staff was friendly and attentive. They made sure our drinks were always full and checked in regularly to see if we needed anything.

Pizza Quality:
The pizza was absolutely delicious! The crust was perfectly crispy on the outside and soft on the inside. We ordered the which came loaded with fresh toppings. The blend of flavors was spot on, and you could tell they use high-quality ingredients.

Variety:
They offer a wide variety of pizzas, from classic Margherita to more inventive options like. There's something for everyone, including great options for vegetarians and those with dietary restrictions.

Overall Experience:
Overall, exceeded my expectations. The combination of great food, excellent service, and a pleasant atmosphere makes it a must-visit for any pizza lover. I’ll definitely be coming back! | This seems to be the worst outlet. I ordered a pizza, and the topping had bits and pieces of a plastic wrapper on it and This is not the first time I’ve had an issue with this outlet.",2.0,2026-05-02T08:06:56.971627+00:00
ChIJu5QWQ99b4joRqOrSgneXwyM,Colombo Court Hotel & Spa,"32 Alfred House Ave, Colombo 00300, Sri Lanka",6.897765000000001,79.856454,4.4,1232.0,,59.1,"bar, establishment, food, lodging, point_of_interest, restaurant, spa",0114 645 333,https://www.colombocourthotel.com/,True,5,"I recently stayed at the Colombo Court Hotel, and while it offers good value and excellent rooms, the hospitality felt a bit rigid for a tourist.
​First, the bright spots: The room itself was fantastic. It was large, impeccably clean, and featured great-quality sheets with plenty of excellent pillows. The bathroom was stocked with plush towels and quality toiletries. Since I arrived fighting a cold, the great selection of coffee and teas in the room was an absolute lifesaver.
​However, the customer service left a lot to be desired. I arrived at noon after an all-night flight. Even though it's the low season and the hotel felt completely empty, the front desk rigidly enforced the 2:00 PM check-in time. They didn't even offer an early check-in for a fee. Instead, I was told I could wait out in the heat by the pool for two hours.
​There was also a strange billing issue at check-in. The front desk asked me for a $43 payment, even though I had already prepaid in full. I had to firmly show them my paperwork showing the booking platform's virtual credit card payment before they backed off. They didn't bring it up again, but it felt a bit like a shakedown attempt.
​Finally, my booking confirmation explicitly stated checkout was between 11:00 AM and 12:00 PM. Yet, at 11:30 AM, staff knocked on my door telling me checkout was actually at 11:00 AM. Even after showing the front desk my confirmation, they insisted their rule was 11:00 AM.
​The staff was always friendly and polite, but it felt like they were serving their rulebook rather than their guests. The property is very clean but has much more of a business-traveler vibe than a welcoming tourist destination. I have another reservation here for my return leg, but I’ll be canceling it to stay somewhere else. | We couldn’t thank everyone properly earlier as we were extremely busy after the wedding, but it is truly important to do so now.

First and foremost, a heartfelt thank you to Ms. Binuri for coordinating and managing everything so beautifully, and for being patient with us during stressful moments. Your support meant a lot to us.

Our wedding day turned out exactly as we had dreamed, and we absolutely loved the final outcome. This was entirely possible because of the dedication and teamwork of everyone at Colombo Court Hotel & Spa.

A very special thank you to the chef, Ms. Binuri, and Kasun. They were incredibly helpful and cooperative with our decoration partner—from the table setup to the smooth flow of the event. Everything was executed in perfect order, even under very short notice, and with such efficiency.

The hotel itself was the perfect location we had been searching for—peaceful, calm, and cooling, with beautiful nature vibes without being overly green. It suited our personal taste perfectly.

We intentionally kept decorations minimal because the hotel already offers such a stunning outdoor ambiance on its own.

As the bride, I wholeheartedly recommend Colombo Court Hotel & Spa to future brides-to-be who are looking for an elegant, serene, and well-managed wedding venue.

28.01.2026
Senuda & Piyumi | Had a wonderful one-night stay at Colombo Court Hotel with my family. The hospitality was excellent and the food was outstanding. Special thanks to Chef Ashok and his team. Loved the vegetarian options—Veg Hyderabadi Biryani, Penne Arrabbiata, and Butter Naan with Chole an ended with a dessert Timmarasu and all were too delicious and fantastic Highly recommend! | I celebrated my birthday at Colombo Court Hotel, and I honestly couldn’t have asked for a better experience! The food was absolutely incredible,  every dish was so fresh, flavourful, and beautifully presented. The team went out of their way to make sure everything was perfect, and it really showed in the little details.

The ambience was cozy, intimate, and just the right vibe for a birthday dinner. From the service to the setup, everything felt so thoughtfully done. My guests loved it just as much as I did! | Really a good hotel with great food. We are Indians, they have an Indian cook chef Madhan. He is so attentive to detail. He personally checked where we are from and cooked food to our liking. Had such a lovely experience. And the one who served us was Mr. manula. He is great guy and really good at what he does. He always has smile on his face and goes that extra mile to get what we want.

Both manula and madhan changed our experience from good to best. Definitely recommend this for Indians for all good reasons.",4.6,2026-05-02T08:06:56.971627+00:00
ChIJCbyzLGBZ4joRdPY4QTkZdGc,The Gallery Café,"2 Alfred House Rd, Colombo 00300, Sri Lanka",6.898777,79.8548722,4.4,2891.0,3.0,69.1,"establishment, food, point_of_interest, restaurant",0112 582 162,https://www.paradiseroad.lk/,True,5,"Absolutely idyllic and hidden little gem tucked away in a backyard courtyard, complete with a gallery and store. We came here three days in a row because we were so impressed with everything. A fantastic spot for lunch and dinner, with a great playlist featuring acoustic versions of well-known songs.

My absolute favorites were the lychee and pear salad, the coq au vin, and the wonderful selection of cakes.

One small suggestion for improvement would be for the waitstaff to become more familiar with the wine list and receive some training so they can provide more specific recommendations. However, this is only a minor drawback… overall, we thoroughly enjoyed our visits. | When you are looking for a calm get away in Colombo, this is one of the best places to try out. The Gallery themed gives this place a unique vibe.

Food was tasty with good amount of spices and herbs. The variety of selection is good. They had a list of good wine options well. The only missing part is the dish I ordered. I had a pork schnitzel, which was not crispy and I felt like it was microwave heated.

We ordered another, which was a vegetarian Bolognese with black olive and feta cheese. This was tasty and I loved it.

Washrooms are well maintained and the staff is friendly and professional. | Visited the Gallery Cafe when in Colombo with friends! Lovely architecture style and some very yummy food. It's a great place to spend time, chill with friends, relax and enjoy the food. We had a number of dishes but their black pork curry with rice is really good! Great ambience and highly recommended.

They also have some really nice art and don't forget to stroll through the different spaces when you are at the restaurant! | If there’s one restaurant in Sri Lanka that truly deserves praise, it’s The Gallery Café. This is the only place in the entire country where I actually finished my plate — and trust me, that says a lot!

I’ve tried several other restaurants during my trip, but none of them even came close. Most places served food that was bland, greasy, or just disappointing. But here? Every single dish was full of flavor, perfectly cooked, and beautifully presented. You can really taste the quality and attention to detail.

Yes, it’s a bit more expensive than other restaurants, but honestly — it’s worth every rupee. The food, the service, the atmosphere — everything feels a level above the rest. The staff are friendly, professional, and make you feel genuinely welcome.

If you’re looking for real, delicious food in Sri Lanka, stop searching — this is the place. Everywhere else, I left half my food untouched… but at The Gallery Café, I cleaned my plate and almost ordered more.

Absolutely recommended. You’ll walk out happy, full, and already planning your next visit. 🍽️✨ | We visited the place twice and had the same experience: the food is amazing - it's obvious that chef knows how to cook a perfect dish. Variety is also good - there's a large menu to choose from. Ambience is amazing. But everything is spoiled by super slow service. You really have to wait an eternity to get something - it's almost impossible to get someone's attention when you need something.
Also, by Colombo's stardarts this place is very expensive. Meal for 2 would be around 20-25k (w/o alcohol).
So overall I would recommend the place, but be ready for a super slow service and high prices.",4.6,2026-05-02T08:06:56.971627+00:00
ChIJtxRBLWFZ4joRUOEpWp0nujY,The Joint Pub and Grill,"No 62 Chatham St, Colombo 00100, Sri Lanka",6.9344291,79.8437364,4.2,234.0,,56.5,"bar, establishment, food, point_of_interest, restaurant",070 687 0800,,False,5,"A really nice hidden gem. The Joint Pub and Grill is tucked away and you wouldn’t even know it’s there from the outside, but once inside the ambiance is great. It’s an outdoor setup surrounded by buildings, which gives it a cosy, relaxed feel.

When we visited, there was a live band playing English classics, which added a lot to the experience. The food was tasty, the beer was good, and prices felt fair compared to similar places. It also wasn’t crowded, so we could actually enjoy the evening. Definitely worth checking out. | From the moment we were seated, Jason provided an absolutely exceptional dining experience. It's rare to encounter a server who possesses such a perfect blend of professionalism, attentiveness, and genuine warmth.
​Jason was incredibly knowledgeable about both the dinner menu and the bar offerings, expertly providing insightful recommendations for food pairings and suggesting cocktails. He never let our glasses run low, ensuring a seamless and enjoyable pace throughout the evening. He cleared plates and anticipated our needs without ever hovering—the mark of a truly great server.
​What set Jason apart was his positive attitude and commitment to ensuring we had a wonderful time. He managed a busy section with grace and efficiency, making us feel like we were his only table. Our evening was relaxing, memorable, and faultless, thanks entirely to his outstanding service.
​If you are dining here, we highly recommend requesting Jason! He is a tremendous asset to the team | Amazing band. They play popular English numbers, Sri Lankan and a tad bit of Indian as well. All in all, a fun place. Service is great too. Many locals come here to have a good time. | We enjoyed a lovely lunch today.

We ate Caesar Salad and Nasi Goreng, both dishes were presented well, both good portions and very tasty.

The service was attentive and efficient.

The air conditioning was lovely and cool, the restaurant wasn’t busy while we were there however the atmosphere was pleasant. | Great place to chill out with your friends, have some rugged look and vibe there. Food tastes really good.

You can work here not sure if they offer you WiFi but there were few square pin plug points on the wall.

Waiter might come in every 30min just to see if you wanna order anything, kind annoying but its okay

Good place to chill and have a beer with friends.",4.8,2026-05-02T08:06:56.971627+00:00
ChIJsxOrNiBZ4joRi4frqEagGJU,Hotel Bankshall,"01100, 57 Bankshall St, Colombo 01100, Sri Lanka",6.9385943,79.8512604,4.0,377.0,1.0,46.8,"establishment, food, point_of_interest, restaurant",0112 344 321,,True,5,"Best for daily yummy foods for any meal with various meat options. | Tasty meal with reasonable price,
Tried Egg rotty, ceylon Parotta, Chicken sukka, baabath, Kadai, roast paan are awesome... It almost cost around 4000 for 4 people of us.. | You will enjoy there. Price are okay. I recommend it. | Worst hospitality, food is not worth for money👎 bad customer service, they don't even consider your request, Don't waste your money here👍 there is a plastic piece in my chicken biriyani worst hygienic even👎 | Nice. Tasty. Economical food. juices and snack hi tea.",3.8,2026-05-02T08:06:56.971627+00:00
ChIJSZ_3PABb4joRbyUknFwZOro,Sri Vihar - Dehiwala,"27 Station Road, Dehiwala-Mount Lavinia, Sri Lanka",6.8509327,79.86463780000001,3.7,173.0,,43.3,"establishment, food, point_of_interest, restaurant",0112 734 343,,True,5,"Highly recommended for vegetarians and those who love Indian vegetarians cuisine… food is really tasty and satisfying with quality and quantity.

Awesome experience…. I really enjoyed my meals and one of the all times favorite for vegetarians foods… price wise little bit expensive but ok to have once in a while… | Pure vegetarian restaurant in Dehiwala area. Walking distance from Dehiwala flyover junction.

Food is so good. But have to wait for so long to get a table in the peak hours. Until that there is lobby area to wait.

Interior atmosphere is so good. Aesthetic kind of interior design. Best place for interior.

Waiting time is so long as crowded in peak hours. Also parking is very small in comparison of seating.

Acceptable worth (not too worth) for the price. But best luxury pure vegetarian restaurant in Dehiwala and Wellawatta area. All other so called branded pure vegetarian restaurants in this areas are worst. In that way this is a best choice. | Sri Vihar Vegetarian is a newly opened restaurant in Dehiwala, and it’s a wonderful place to visit. The interior design is very nice, and the space is big, calm, and peaceful—perfect for relaxed dining.

They offer a good variety of vegetarian cakes, brownies, and sweets, along with a cafeteria setup. The food is tasty and well prepared, and the staff are very friendly and welcoming.

Suggestion: It would be nice to have some soft or calm background music. Also, the Chilly Idly portion was a bit small—it tasted awesome but felt more like a side dish.

Overall, a great vegetarian spot. Highly recommended! | Amazing food, everything was full of flavor. The palak paneer was excellent, the masala dosa was outstanding, and the naan was exceptional. The tea was nice as well. The interior is beautiful and very spacious, and the girl who served us was kind and friendly, which made the experience even better. | Very neat and clean restaurant, and it serves mainly South Indian vegetarian cuisine. The plain dosa is enough for a good lunch. I had a full South Indian Thali, very good taste. Price is a bit high. Staffs are good. Very good location. Parking is an issue.",4.8,2026-05-02T08:06:56.971627+00:00
ChIJkQWnLG1Z4joRO4gIpHJEh2M,Kamra Juice Bar,"294/P Vauxhall St, Colombo 00200, Sri Lanka",6.9195965,79.8608416,4.3,6.0,,32.7,"establishment, food, point_of_interest, restaurant",0117 901 409,,True,5,Tasty |  |  |  | ,4.2,2026-05-02T08:06:56.971627+00:00
ChIJW9nVPQBZ4joR5kAU9V5o_7E,Vilasa Cottage - Borella,"1030 Maradana Rd, Colombo 00800, Sri Lanka",6.9162113,79.87598500000001,4.0,1.0,,15.9,"establishment, food, point_of_interest, restaurant",072 479 4799,,True,1,"Visited on a Saturday afternoon for lunch and tried the rice and curry with cuttlefish. The food was served on a woven plate and the taste was reasonably good. Portion sizes were adequate for an average eater, and reasonably priced. My friend even received extra rice and a few additional curries at no extra cost, which was a pleasant surprise.

Service was friendly and fast, with very little waiting time. The place wasn’t crowded during my visit, and the overall cleanliness was good.

Overall, a good spot for a satisfying and reasonably priced meal.",4.0,2026-05-02T08:06:56.971627+00:00
ChIJR6JVhMhZ4joRCIvOoZTFtK8,Dinara Foods,"WV8G+MGV, 68 Borella Cross Rd, Colombo 00800, Sri Lanka",6.916762400000001,79.8763365,2.5,2.0,,13.7,"establishment, food, point_of_interest, restaurant",,,,2,"Not recommend
Very bad foods
No any tasty or clean
🤮👎👎👎 | ",2.5,2026-05-02T08:06:56.971627+00:00
ChIJeePJSj9Z4joR60UYdOLc9mQ,In...on the Green,"2 Galle Rd, Colombo 00300, Sri Lanka",6.9202077,79.8464956,4.5,1164.0,3.0,58.7,"bar, establishment, food, point_of_interest, restaurant",0112 541 010,http://www.gallefacehotel.com/,False,5,"In on the green has lost a lot of its charm. The key failure is the food. We ordered the chicken burger and the pork lingus with mashed potatoes. However, we were served standard pork sausages and a crumped hamburger which lacked some of the items mentioned in the menu. Each dish was 2900 pre tax. I felt that the Bavarian across the street would offer a far superior meal for the same price. So if you have to, do happy hour at in on the green and cross the street for dinner. Bites and others are also expensive in comparison to other places in the near vicinity. | The In… on the Green Pub at Galle Face Hotel has a peaceful and relaxing ambiance, perfect for unwinding. The happy hours from 5:30 to 7:30 PM every day are a nice touch. However, the food was disappointing. We ordered the grilled pork with potato salad, but it lacked flavor and was quite underwhelming. On the bright side, the setting was great, and the atmosphere was cool and pleasant. Hopefully, the food quality improves to match the lovely location! | I recently had the pleasure of visiting “In on the Green,” and it was an experience worth sharing. The first thing that strikes you upon entering is the wonderful ambience and aesthetically pleasing decor. The place has a warm and inviting atmosphere, making it a perfect spot for hangouts and social gatherings.

The highlight of our visit was undoubtedly the stand-up comedy special. It was a refreshing and entertaining addition to the evening, and it’s great to see a venue offering such events. It adds a unique charm and keeps the patrons engaged and entertained.

The food at “In on the Green” is truly a double-edged sword. On one hand, the taste is extraordinary. Every dish we tried was packed with flavors and beautifully presented. However, the portion sizes left much to be desired, especially considering the price. It would be wonderful if the management could revisit the portion sizes to ensure they provide better value for money.

One area where the establishment could improve is in their billing. While the service charge is understandable, the addition of a heavy tax on the bill is a bit off-putting. It’s not common practice for all restaurants to charge taxes separately, and this feels like an unnecessary burden on the customers. It would be more customer-friendly if these charges were incorporated into the menu prices.

In conclusion, “In on the Green” is a fantastic place with a lot to offer. The ambience, events, and food quality are commendable. If the portion sizes and billing practices are adjusted, it could elevate the experience even further. It’s definitely a place I would recommend for a fun night out, especially if you enjoy good food and live entertainment. | Nice, cosy place.Although we went to see the match, audio was not available. Drinks are reasonably priced. Yet food was nothing but ordinary. The portion is covered by over fried French fries. They have good deals for drinks. | The worst place in Colombo - we were waiting like about 40 minutes to receive finally our food (and it was just a snack!). We were not offered any apologies or discounts. So in the end, the check increased by 1,500 due to the tax (there is no tax in other places), which we were not warned about in advance. There is none in other places. I absolutely do not recommend it!!!",2.8,2026-05-02T08:06:56.971627+00:00
ChIJawKAvahb4joRn60OyFQ9NJI,P&S (Perera and Sons) - Dehiwala RP,"No.1, Ratnakara Place, Dehiwala-Mount Lavinia, Sri Lanka",6.8601319,79.8641631,3.8,224.0,2.0,55.2,"bakery, establishment, food, point_of_interest, restaurant, store",0114 340 391,http://www.pereraandsons.com/,True,5,"As usual, everyone visits P&S for its quality food and reasonable prices. Maintaining a clean and tidy outlet will further enhance P&S’s overall reputation. | Popular brand in sri lanka. You can stop here for a quick bite. Small parking space also available. I don’t like much their chicken rolls i was like half baked. They have variety of short eats. Their sandwiches are tasty but little expensive .  Friendly staffs. Morning time always busy | Now their machine made maalu paan comes in the traditional shape contrasting to the round one they had after they started making maalu paan using the machine. Also the curry spread is better.

Can close your eyes and buy, the Quality and cleanliness are exceptional. But Slightly expensive. | Went there to get some bites for brunch. P&S is apparently a popular franchise that dates back to more than a century ago. The food surely triggers your tastebuds and curiosity. I got some takeaway and it was just ok. They take credit cards which helped my cause. Little to very limited English but not much to complain about. | This PNS outlet filled with scammers (employees) yesterday we ordered a cake and the billed was fully paid in cash Rp 3700 and the billed issued by cashier. However when we went to branch to collect the cake  the employee asked additional 500Rp total bill Rp 4200 without any prior notice, saying the cake price rised suddenly. We argued and these pns scammers treated customer with bad they forced customers to pay...it was a ugliest customer service by PNS I think these thieves still working the name of PNS..... ""Please be aware when you order a cc ake in PNS """,3.0,2026-05-02T08:06:56.971627+00:00
ChIJWXORvMBb4joRdQtO2aDIFt0,Beach Wadiya,"Marine Dr, Colombo 00600, Sri Lanka",6.877983299999999,79.8564576,4.0,1269.0,2.0,55.3,"bar, establishment, food, point_of_interest, restaurant",0112 588 568,http://www.beachwadiya.com/,True,5,"We had a lovely evening at Beach Wadia, right on the sand with that classic Koh Lipe relaxed atmosphere. The setting is fantastic—dining practically on the beach, toes in the sand feel, with the sound of waves and a nice breeze. Perfect for unwinding after a day of island hopping.
The food was pretty good overall. We went for some classic seafood dishes: the stir-fried crab with green onions in that rich, savory sauce looked and tasted spot-on—fresh crab, generous portions, and the flavors were tasty with a good balance of sweet, salty, and garlicky notes. The grilled lobster was nicely cooked, tender and flavorful with herbs and lime, paired well with the simple garlic fried rice on the side. Everything felt fresh, which is what you hope for at a beachfront place in Thailand.
Service was friendly and attentive enough, though it can get busy. The little details like the crab cracker tool and the chili dip added a fun touch.
That said, it’s noticeably pricey for Koh Lipe standards—especially compared to some spots on Walking Street or other beaches. The portions and quality are decent, but you definitely pay a premium for the prime beach location. If you’re after value, you might find similar (or even fresher) seafood elsewhere for less, but if you want the convenience and the view, it’s worth it for a special meal.
Overall, a solid choice for a beach dinner with tasty seafood in a beautiful setting. We’d go back for the ambiance, but we’d probably share more dishes next time to keep the bill in check. Recommended if you’re prioritizing location over budget! | If you want delicious, no-frills wholesome seafood fresh from the coast / boat catch, then Beach Wadiya is the place to be.

We were treated to a  delicious seafood dinner of dishes cooked simply, keeping the original flavour of the dishes intact (instead of piling it with a lot of sauces and oils!). We had the Prawn Soup, 2 portions of Oysters with lime and a dash of hot sauce (yum!), 1kg grilled whole fish (from the day’s fresh catch), and a salad as an accompaniment.👏👏

Service and cleanliness was very good. Washrooms are quite alright.

However they need to work on ambient lighting, do something about the cats who try to climb on chairs (!!), and maybe add some light music to enhance the mood. 🙂

Would be good to add some hand sanitizer to the hand washing area in addition to soap as well.

My husband and I loved the food so much that we went back with family within a week! | I had seafood soup and fish fillet with mashed potato. Both dishes tasty, but extremely small portions. I got oysters and I didn't like them. Too bittersih. It's laid back atmosphere. But they could clean their part from garbage. Looks filthy. The waiter should gain more language skills. It is pricey the quality of the service. Do not recommend. | Such a disappointment. We went over for dinner. The wait was so long! Over an hour. The food was absolutely awful! So salty! You can’t eat anything! Every single dish was salty. Even after complaining that the food was not good, there was no manager to be seen. When asked the waiter for the manager he said he’s only there during afternoons. Then asked the cashier who claimed to be the manager.
They re-served the fried rice, a prawn dish and kangkung which was comparatively less salty yet not up to restaurant standards and was still so bad.
When the second set of prawns came in, they weren’t cleaned. Disgusting!

Wouldn’t recommend to anyone who has tastebuds. | ​The quintessential Colombo seafood experience!
​Beach Wadiya is a legendary spot for a reason. Don’t expect fancy decor this is a rustic, toes in the sand shack where the food does all the talking.
​The Food: The Baked Crab is a world-class must try, and the Hot Butter Cuttlefish is perfectly crispy. Everything is fresh, usually based on the catch of the day.
​The Vibe: Sitting between the railway tracks and the ocean provides an authentic, old-school Sri Lankan atmosphere. It's unpretentious and full of soul.
​Service: Friendly, seasoned staff who make you feel like a regular even on your first visit.
​Perfect for a sunset dinner and a cold beer. If you want ""real"" Colombo rather than a polished mall restaurant, come here.
​Tip: Ask for the ""Roast Paan"" to soak up the garlic butter sauces!",3.4,2026-05-02T08:06:56.971627+00:00
ChIJoylfEtBb4joRafor6YrGAVs,Domino's Pizza - Havelock,"217 Havelock Rd, Colombo 00600, Sri Lanka",6.8808454,79.86948900000002,4.0,1188.0,2.0,56.9,"establishment, food, meal_delivery, meal_takeaway, point_of_interest, restaurant",0117 777 888,,True,5,"We ordered tandoori chicken pizza, devilled chicken biriyani, Coke, and lava cake — all were delicious! They provided chilli flakes and garlic powder sachets too. Nice, calm atmosphere to sit and talk♥️ | This is outlet is poor in giving service and also their quality is inconsistent.

Their min. Delivery time is 30mins and they always mess ur order. Means they forget ur order and if you dont remind them they dont even bother.

This happend 3 out 4visits. I decided to give my review. I suggest to explore other outlets if ur particular about Domino's. | Cashier was clueless. Had to swipe my card twice. I witnessed myself one of the people making the pizzas sneezing on the food with no mask. Safe to say I won’t be coming to this outlet again | Clean space, friendly staff. Wait till pizza was ready seemed a bit long. The centre of the pizza was not cooked well. There was hardly any pizza sauce. And for the vege option, check how many peices of onions, peppers were there. Regretted going there. | Actually pizza quality is so good here at first. Secondly customer service is way better. They sent me a wrong pizza by some mistake, but when i called them they handled it so better. And sent me a second pizza correcting my order. And person who handled this situation was so humbly accepted the mistake and gave me the option to send the correct pizza now or order for free next day I am ordering.

I am truly inspired by the great service at dominos. And their pizza quality is getting improved.

Also, They have ran out pepsi, and offered me another expensive lava cake. Truly remarkable!",3.2,2026-05-02T08:06:56.971627+00:00
ChIJZ_OFMJ5Z4joRurAp-_s2MSI,Pizza Hut - Borella,"Borella Cross Rd, Colombo 01000, Sri Lanka",6.916691800000001,79.8753855,4.4,1829.0,2.0,63.9,"establishment, food, meal_delivery, meal_takeaway, point_of_interest, restaurant",0112 729 729,https://www.pizzahut.lk/,True,5,"Pizza Hut Borella has always been a go-to spot for us during our Faculty days, simply because it was the closest and honestly, one of the most reliable! We visited frequently, and the service was consistently excellent every single time. The staff were friendly, efficient, and made sure our orders came out just the way we liked.
The food quality is exactly what you’d expect from Pizza Hut - tasty, satisfying, and always dependable. My favourites have always been the Meat Lovers and the Double Chicken & Cheese pizzas, these are absolute must-tries if you haven’t already!
A great place for casual hangouts, quick meals, or group meetups. Still one of my top picks for pizza in Borella! | Order Directly from Pizza Hut—A Lesson in Quality and Care

I recently had a disappointing experience that turned into a shining example of customer service, all thanks to one employee.

I ordered two pizzas from Pizza Hut Borella through Uber. When they arrived, they were completely ruined crushed and inedible due to the delivery handling. Uber’s support was unhelpful in resolving my complaint.

Frustrated, I called the Pizza Hut Borella store and spoke with an employee named Chamal. He was exceptionally calm and professional. He listened, explained that the damage was caused during delivery by the rider, and sincerely advised that to ensure quality, it’s better to order directly through Pizza Hut in the future. I appreciated his honesty and hung up, satisfied with the explanation.

To my surprise, Chamal called back shortly after. He told me that Pizza Hut would be sending me two replacement pizzas, free of charge. I was truly shocked by this gesture. It wasn’t just about the pizzas, it was a clear demonstration of how much Pizza Hut values and respects its customers.

While my experience with the third-party delivery was terrible, the integrity and outstanding care shown by Chamal and the Pizza Hut team completely restored my faith. I’ll definitely be ordering directly from them from now on.

Final advice: Skip the app—call Pizza Hut directly. They stand by their quality and truly care about their customers.
Pizza Hut Sri Lanka
Uber Eats | Highly recommend this Pizza Hut! The staff were very friendly, and the customer service was excellent. We received our order within just 20 minutes, and everything was fresh and tasty. Really happy with the experience! | The food is very good, but it takes a long time to get food even though many people are working. | Nice restaurant for pizza lovers around Borella area.. 🍕😎 Enough space for about 30 people to Dine In at once.. 👨‍👩‍👧‍👦 Ample parking space.. 🚗 🚘 They don’t come over to the table and take the orders as other Pizza Hut outlets do.. ☹️ We need to go the counter and order.. Served the tasty pizzas hot and fresh within 10 minutes.. 🍕 You must try their newly introduced Cheesy Garlic Toast.. 😋 Thin Crust pizza is not as good as other restaurants.. 😌
Overall good customer service provided.. 🤵🏼‍♀️ Highly recommended for pizza lovers..
•Tastiness - 9/10 🍕🥤
•Cleanliness - 10/10 🧹
•Customer Service - 8/10 🤵🏼‍♀️",4.4,2026-05-02T08:06:56.971627+00:00
ChIJ5WW2_2dZ4joRjXPJL1dWW4A,Sunlight Garden Chinese Sea Food Restaurant,"52 Abdul Caffoor Mawatha, Colombo 00300, Sri Lanka",6.908741,79.8522514,4.2,517.0,2.0,62.0,"establishment, food, point_of_interest, restaurant",0114 342 666,,True,5,"The warm welcome and outstanding hospitality set the perfect tone for the meal. The chicken fried rice was flavorful and perfectly seasoned, with the fiery deviled prawns. The spicy chicken added an extra kick, while the noodles were cooked to perfection. Altogether, the dishes were impressive. | I had a good experience at Sunlight Garden Chinese Seafood Restaurant! From the moment I walked in, the atmosphere was warm and inviting with tasteful decor and a relaxing ambiance that set the tone.
The menu offers a great variety of authentic Chinese seafood dishes, and everything we ordered was fresh, flavorful, and beautifully presented. The steamed fish was cooked to perfection, tender and moist. The seafood fried rice was another highlight light, fragrant, and full of flavour. Portions were generous, so we left feeling satisfied without overindulging.
What really stood out was the service. The staff were attentive, friendly, and professional. They were more than happy to make recommendations and accommodate our special requests. Our food arrived promptly and everything was served piping hot. | Sunlight Garden Chinese restaurant offers a unique dining experience for those seeking something different. With its authentic decorations and settings, it feels like you've been transported to a restaurant in China. The restaurant boasts ample indoor seating and a comfortable ambiance, and there's no shortage of parking spaces available.

During our lunchtime visit, we were pleased to discover a menu featuring a diverse range of food and beverages. The portion sizes were more than generous; a small portion was enough for two, and a large one easily satisfied a group of four. Prices were reasonable, particularly for certain dishes. We opted for the Indonesian Rice and Hot Garlic Chicken, and they were nothing short of amazing and delicious. The speedy delivery time left a positive impression, and the customer service was exceptionally helpful and excellent. Note that they are adding a service charge and a Vat% to the final bill.

For aficionados of Chinese cuisine, this restaurant comes highly recommended, as it stands out as one of the best in the area. | The service was at its best. We were well greeted at the entrance and our waiter took good care of us.
The food was quick and warm. Taste wise i would give 4/5 stars because the beef soup was a bit too oily but it was tasty. My taste buds had a good time. The portions were big as well. So money well spent.
I would highly recommend this place for friends and family. | I went here to try their dumplings and pork dishes, and wow, the flavors are absolutely heavenly. The food is unapologetically spicy, salty, and loaded with MSG, exactly the way real Chinese food is meant to be. If that’s not your thing, this place isn’t for you.

But if you’re tired of the so called “Chinese” spots around town serving watered-down dishes with cheap substitutes, and instead want a truly authentic experience made with genuine Chinese ingredients, this is the place to be.

Great service, fair pricing, and an overall experience that’s hard to match. Highly recommended.",4.8,2026-05-02T08:06:56.971627+00:00
ChIJLViNTUFa4joRVxQGymiXh-M,'8' Hachi,"City Building Two, 165 B120, Nugegoda 10250, Sri Lanka",6.874188699999999,79.8915012,5.0,1.0,,21.9,"establishment, food, point_of_interest, restaurant",,,,1,,5.0,2026-05-02T08:06:56.971627+00:00
ChIJyeu9eQBb4joR25BeyU3X2FQ,කුල්ල RICE & CURRY,"28/1 Railway Ave, Nugegoda 00600, Sri Lanka",6.871895,79.8895627,5.0,1.0,,9.9,"establishment, food, point_of_interest, restaurant",,,True,1,,5.0,2026-05-02T08:06:56.971627+00:00
ChIJhxz9oIJb4joRi-0MVcEcw3Y,Gunasekara Cafe,"No. 29 Nawala Rd, Nugegoda 10250, Sri Lanka",6.8741125,79.8908032,,,,12.0,"establishment, food, point_of_interest, restaurant",,,,0,,,2026-05-02T08:06:56.971627+00:00
ChIJndUomGdZ4joRsrsnuaMMp78,Nara Thai,"8 Flower Rd, Colombo 00700, Sri Lanka",6.9116588,79.8560727,4.3,2549.0,3.0,64.3,"establishment, food, point_of_interest, restaurant",0112 577 655,https://www.narathai.lk/,True,5,"Nara Thai Colombo 7 offers an authentic Thai dining experience in a calm and classy setting. We ordered Thai rice and chicken, and both were absolutely delicious with great flavor and portion size. Some noodle dishes may not fully suit Sri Lankan taste buds, but overall the food quality, service, and ambiance were very satisfying and worth a visit. | Michelin star rated restaurant in Colombo. If your are looking for authentic Thai food , this the one of the places you can consider.

Went out for family dinner and was a good experience. Food was above average but would not say great. It had all necessary flavors but lacked bit of heat to my liking. Hot Basil beef was salty. Also, they served Basmati Rice and I asked them to change it to Jasmine Rice. Wonder why they do that?

Restaurant interior is simple but still nice. Otherwise all were good and can be marked for repeated visits. | Very disappointing experience at Nara Thai - Flower Road.

We have dined at Nara Thai in Sri Lanka before and have also enjoyed it on previous occasions, which made this visit even more shocking.

The food quality and service were far below expectations. The wonton we ordered was extremely poor in taste and texture, and the food took an unusually long time to reach our table. Unfortunately, when the dishes finally arrived, they were accompanied by flies around the table, which made the dining experience very unpleasant.

The barramundi dish was also disappointing — it was covered in excessive batter and looked nothing like what was presented on the menu, which felt misleading.

The green curry was excessively oily to the point that we genuinely questioned its freshness. Because of this, we had to leave the table and raise a complaint with the staff, who handled the situation in a highly unprofessional and unhelpful manner.

Overall, this was a frustrating experience considering the restaurant’s reputation and pricing. Significant improvements are needed in food quality, hygiene, and customer service. | I placed an order on Uber Eats for one portion of Tom Yum seafood and one portion of fried rice with Chilli and Hot Basil and I must say I was super disappointed by the portion size! My oh my that ways such a rip off for the price paid my bill came to 3900/- odd inclusive of a huge service fee and tax added to it mind you, but was super super dissatisfied with the portion size.. I paid a whopping 1800 odd for the fried rice and expected something rich in flavor and taste but sadly it was bland, super small in portion and just 4 small pieces of chicken -terrible- | I had a wonderful dining experience at Nara Thai Restaurant. The service quality was truly outstanding from the moment we arrived until the end of our meal. The staff were very welcoming, polite, and highly professional in handling guests. They greeted us warmly and ensured we were comfortably seated without any delay.

The team demonstrated excellent product knowledge and patiently explained the menu, helping us choose the best dishes according to our preferences. Orders were taken efficiently, and the food was served on time with great attention to presentation and cleanliness.

What impressed me most was the staff’s attentiveness and dedication to customer satisfaction. They regularly checked on our table to make sure everything was perfect, while maintaining a friendly and respectful attitude. The service felt organized, smooth, and well-managed, creating a relaxing and enjoyable atmosphere.

The restaurant maintains high standards of hospitality, cleanliness, and professionalism. It is clear that the management and team work together to provide a memorable dining experience for every guest.

I highly recommend Nara Thai to anyone looking for authentic Thai cuisine combined with exceptional customer service. I will definitely visit again and recommend it to friends and family.",3.2,2026-05-02T08:06:56.971627+00:00
ChIJg6m-GiRZ4joR4lLNVQ3osQc,Colombo YMCA,"39 Sir Razik Fareed Mawatha, Colombo 00100, Sri Lanka",6.9346216,79.8457617,3.7,281.0,,50.7,"church, establishment, food, lodging, place_of_worship, point_of_interest, restaurant",0112 325 252,,True,5,"I stayed two nights on the occasion of independence day to extend my visa. The location near the train station is convenient. It has the charm of an old building, it is simple, clean, basic for 3500RP. Cannot ask for more! | 2026/03/09 today morning around 10 am I went there for breakfast to eat rice and curry and it was a 400/= for chicken rice and curry(red kakulu rice, manioc curry, kohila dalu curry and pol sambol along with a chicken piece..) when I start to eat I took the chicken piece and try to break it from my fingers and I felt it was battered fried and in cold condition. So normally like this restaurants offer battered fried chicken for evening meals like fried rice.... The thing is when I ordered chicken rice, they are out of chicken pieces and they just put last night fried chicken pieces without defrost and I felt it. And then I clearly convey the message and returned that meal to them and got my money back... Never ever go place like this... Back in days YMCA has a renowned name for foods. That's why I went there... Now they have rented out for outside persons.. | The indoor grounds was good. The outdoor grounds can be improved, but not bad. | The rooms at Colombo YMCA are old but functional, offering a budget-friendly option for travelers. While the facilities are no such  and the rooms may show signs of old and not maintained , the location is convenient, close to many attractions in Colombo. The attached restaurant serves decent meals, and the two staff is generally helpful but the beard guy is very strict and every time questioning. However, the noise from the main road can be a bit disruptive, especially at night. Overall, it's a decent place for a short stay if you're looking for affordable accommodation. And the window view is amazing, peaceful | A safe and comfortable place to stay for youngsters and everyone who come from far to work, explore Colombo and etc.",4.0,2026-05-02T08:06:56.971627+00:00
ChIJ3QnOAhhb4joR1Vlc4iRgyw4,Ranveli Beach Hotel,"No.56, 09 De Saram Rd, Dehiwala-Mount Lavinia 10350, Sri Lanka",6.8356474,79.8634237,3.6,483.0,,48.5,"establishment, food, lodging, point_of_interest, restaurant",0112 717 385,https://www.ranvelibeachmountlavinia.com/,True,5,"Good Place with a decent swimming pool and beach access. Hotel is little old but manageable with the price. It will be great if they have a Bar inside the hotel or in their Beach Restaurant. | We enjoyed a wonderful experience amongst locals during our stay here on New Years Eve! The service from all staff could not be beaten. Thankyou! | I decided not to stay at this hotel solely because of their rude call handling. The person who answered the phone clearly doesn’t know how to speak to customers. Very unprofessional and off-putting experience. | Photos looks nice but please see the rooms before doing any payments, they won’t refund, rooms are smelly not clean properly. Toilets are dirty I would not recommend this place | I was disappointed with my stay at this hotel. Although the room appeared clean at first, there were dead cockroaches inside and the washroom had an unpleasant smell. The cleanliness of the washroom was not up to standard, and the water seemed unusual. These issues made the experience uncomfortable. 💔",2.2,2026-05-02T08:06:56.971627+00:00
ChIJicO9YGxZ4joRxfBs4DPXjp0,Park Street Mews,"48 Park Street Colombo 2, Park St, Colombo 00200, Sri Lanka",6.916835799999999,79.8588824,4.4,3012.0,3.0,75.4,"establishment, food, point_of_interest, restaurant",0112 307 750,http://parkstreetmews.com/,True,5,"The ratings on food and service is for Monsoon restaurant where we had dinner. Park street mews is a great place to chill and relax along with. Variety of food and drinks. | Great food, great choices, live music, and nice places to chill.
A few of the places were closed for renovations, but hopefully that's temporary | Nice place to hangout with friends and family...
Service was really great at Uncles.

Great vibes 👌 | Went to park street mews on a weekday for lunch. The place has a warm ambiance with a high roof that makes it feel spacious. The staff are friendly and kind. There were a few guests. The place has both indoor and outdoor dining facilities. There's a soothing background score running.

The menu has breakfasts running till 2pm. It also has starters, soups, salads, sandwiches, burgers and mains. The desserts are limited to a few, but good. The smoked chicken burger with salad was really good. Would recommend trying it once. The avocado milkshake was good. The sausage based starter was yum. | A small lane that has 4-5 restaurants in it, the place is lit up by lanterns and fairy lights. Each restaurant focuses on one cuisine- Pan Asian, Italian, Middle-eastern, French and Japanese. The place gets very vibrant on weekends.

The food is tasty and priced about right.",4.8,2026-05-02T08:06:56.971627+00:00
ChIJA0RC7dxb4joRud1bwOrW4Hw,Flamingo Restaurant at Ceylon City Hotel,"No. 11 Upatissa Rd, Colombo 00400, Sri Lanka",6.8896717,79.8560419,4.0,29.0,,29.0,"establishment, food, point_of_interest, restaurant",0112 508 000,http://www.ceyloncityhotel.com/,True,5,"Good place. The entrance of the road leading to the hotel is unwelcoming but some good effort has been put in by the hotel management to make the hotel & restaurant's entrance as welcoming as possible.
Good place in the heart of Bambalapitiya to visit for dinner!! Average pricings welcome the guest to spend more on their tasty dishes! 👍👍.. Good job! | Cheap & Worth food. A soup, Starter and the main course for just 600 is worth a lot. The business lunch for 490 seems more than reasonable. The taste of food is very good. Nice & friendly staff. Great service. Simply a good place to stay and eat | It's really a amazing hotel. It has all facilities as well as the food was also delicious and also the price good not expensive even for a suit room. The price is good than a 3 star hotel because the price will increase only 1000 rs. So go see and recommend it to your friends and family. | Rooms facilities are good but currently no any dining restaurant services | This place got good food not too expensive.",4.2,2026-05-02T08:06:56.971627+00:00
ChIJ0U0gqt9b4joRvSK5tSpfI2E,Hotel Anna Lakshmi,"215 A Galle Rd, Dehiwala-Mount Lavinia, Sri Lanka",6.852443699999999,79.8660867,4.7,16.0,,29.0,"establishment, food, point_of_interest, restaurant",,,,5,"One of the best spots for authentic South Indian food, offering fresh dishes, friendly service, and reasonable prices. It’s among the best restaurants. Highly recommended. | This place is great for a traditional south Indian snack or meal. Medium end outlet, great food and average service and ambience. I love to have a thosai with their great tasting sambar and coconut chutney. I can recommend this place for traditional southindian food. | One of the best places to have a authentic South Indian food. The food is amazing and the people are very welcoming and friendly. All the foods are absolutely fresh and prices are reasonable. This place is one of the best restaurants in the country that I’ve enjoyed in my life so far. Currently it is under renovations. I hope it will be open for customers as soon as possible. | Quintessential Sri Lankan kitchen. Everything was fantastic! Servers also helped us order as we didn't know what everything was. | This location has been a very unique place for Vegetarian meals (Saiva Kade) under different trading names.
Newly opened or refurbished and I gave my self in for a treat with Dosai.
Was hot and nice with traditional saambar Sodi.
Will go again to try other options soon.",4.8,2026-05-02T08:06:56.971627+00:00
ChIJn9CH22lZ4joRMFez2QMh1o0,Dinemore Kollupitiya,"60A Srimath Anagarika Dharmapala Mawatha, Colombo 00300, Sri Lanka",6.9125051,79.8528671,4.1,3589.0,2.0,65.7,"establishment, food, point_of_interest, restaurant",0114 855 855,https://www.dinemore.lk/,True,5,"We used dine in this place more than a decade… recent dining was the worst one. We ordered 5 submarines 1 butter chicken with naan and extra garlic naan.. how ever the Naans were roasted not fresh at all. We informed the concern to the waiter he didn’t say sorry just remove the burn parts and put it back in the table. We were shocked his reaction. Before i come out from the restaurant also i said to them the issue but no one even bothered to sorry to us. For our family dinemore is like our second kitchen we always celebrate our family gathering there not just the kolpitiy branch.. sad to say that the dinemore we had out childhood memories are not anymore. Very disappointed | Kollupitiya Dinemore used to be outstanding, but the quality has clearly dropped. Compared to other Dinemore outlets, the taste and food quality here are below average. The submarine bun had very poor chicken filling—spread so thin it felt like butter on bread, and they don’t even add cheese anymore.
Service was average but the waiting time was quite long even for beverages. Considering the current prices, the food is definitely not worth it.
The ambiance is decent and the place feels familiar, but the food quality needs serious improvement. I even mentioned the poor filling and taste to them last week. If they bring back the proper filling and quality like before, it would be much better. | Went there on a weekday lunch time. Ordered their signature sub and rice and curry chicken with crispy chicken sides with mayo.

Food was good and rice and curry was delicious! They have a salad special corner too if you prefer for a light meal. Prices were average. Menu here is very limited given that the place is very small compared to their other outlets.

Overall, nothing to complain. But there are other places to consider in the vicinity for a better experience. | Avoid this dinemore branch food drinks and even french fries are awful

We had submarine it was not the dinemore standard its like cheap bun big chunks of beef we even unable to eat half left the half there

Im not against dinemore we ate at other branches which is awesome this one is not deserves a star

Better if you go to dinemore at union place it the best for me | We took 1 Beef Submarine and 1 Spicy Chicken Submarine from you.

To be honest, both were not good.
You took around 20 minutes just for preparation,
but the submarines were too cold — the bun felt like it came straight from the freezer.
The bun wasn’t soft at all; it was rough and hard.",2.6,2026-05-02T08:06:56.971627+00:00
ChIJ_6ifCq5b4joRVPqJb6iGzeo,Restaurant Down Town,"25 Nawala Rd, Nugegoda 10250, Sri Lanka",6.8739857,79.8908134,,,,17.0,"establishment, food, point_of_interest, restaurant",076 787 2113,,True,0,,,2026-05-02T08:06:56.971627+00:00
ChIJTXP4EdNb4joR3AW6u95NZd0,Jaya sewana Foods,"VVFR+JP3, Nugegoda, Sri Lanka",6.874024599999999,79.8918006,,,,11.0,"establishment, food, point_of_interest, restaurant",,,,0,,,2026-05-02T08:06:56.971627+00:00
ChIJ19iZh95b4joR4cyFu7kNsu4,Pizza Hut - Bambalapitiya,"7 Station Rd, Colombo 00400, Sri Lanka",6.893514199999999,79.8548059,4.4,2053.0,2.0,67.7,"establishment, food, meal_delivery, meal_takeaway, point_of_interest, restaurant",0112 729 729,https://www.pizzahut.lk/,True,5,"Must try branch around colombo.
I’ve tried several Pizza Hut branches around Colombo, and I’ve noticed that not all of them taste the same—even though the ingredients are supposed to be identical. The quality and overall experience really depend on the branch.

Personally, I’ve been disappointed several times with the Pizza Hut - Dehiwala branch. The taste and consistency didn’t meet my expectations.

However, I’ve never been disappointed with the Pizza Hut - Bambalapitiya branch. The pizzas there are always fresh, flavorful, and well-prepared. The staff are very friendly, welcoming, and provide excellent customer service, which makes the experience even better.

The Pizza Hut - Nugegoda branch also serves good-quality pizza, but the service can sometimes be a bit slow. Other than that, the food is satisfying.

Overall, I highly recommend the Bambalapitiya branch for both taste and friendly staff. | Visited Pizza Hut Bambalapitiya recently. The overall experience was good. The service was okay and the staff were friendly and supportive. The food quality was also good and served on time. Everything was smooth and there were no issues during the visit. A decent place to enjoy pizza with friends or family. | Very disappointing and unacceptable experience
Yesterday, I ordered vegetarian melts from Pizza Hut. Unfortunately, the order arrived with prawns inside a vegetarian item, which is completely unacceptable and a serious mistake.
We complained immediately, and the restaurant/pickme only agreed to a 50% refund, which is not fair considering the severity of the issue. This is not just about money — it’s about food safety, trust, and respect for dietary restrictions.
Even worse, my wife had already eaten some of it and started vomiting afterward. This caused significant distress and could have been avoided with proper quality checks.
I am attaching images as proof. Pizza Hut needs to take vegetarian and non-vegetarian segregation seriously. This experience was very bad and extremely disappointing. I hope management takes strict action so this does not happen to other customers. | Yesterday, I visited Pizza Hut Bambalapitiya for a dine-in experience. I had a valid coupon offering Rs. 1,000 off on a large pizza. Before placing the order, I showed the coupon to the cashier and asked whether it was valid. He then called the manager, who confirmed that the coupon was valid and asked us to select the pizza at the cashier counter.

However, we were confused as to why we were required to place the order at the cashier, since we were dining in.

Unfortunately, the service we received afterward was very disappointing. The cashier’s attitude made us feel as though we had come only to use a coupon. No waiter attended to us, no menu or drinks were offered, and there was no basic customer service. The pizza was simply served without any courtesy or interaction.

The coupon only provided a Rs. 1,000 discount, and we paid the remaining amount. Despite this, we were treated in an unprofessional and disrespectful manner, which made us feel extremely uncomfortable.

This experience was very poor and far below the standard expected from Pizza Hut. I am truly disappointed with the service at this outlet and hope this feedback will be taken seriously to improve customer service in the future. | I am giving 1 star, only for the location, but the service and staff attitude were completely unacceptable. The staff were lethargic and showed no interest in taking our order.

We visited the outlet around 9:30 pm, when it was almost empty, yet no one came to attend to us. Even after waiting for more than 10 minutes, no staff member approached our table. Only after we insisted did someone finally come to take our order.

When the order was served, the server forgot to bring the French fries, which were only delivered after we reminded him. Shockingly, the portion we received contained just 19 pieces of fries. When we asked about it, the server casually stated that this was their “usual portion size.” Not sure if this is true. We consider it as a too small a portion for the price we paid.

Overall, the staff’s attitude and the service provided were extremely disappointing and unacceptable.",2.6,2026-05-02T08:06:56.971627+00:00
ChIJ5WiwbQBb4joR7E9fImEMb2w,Mathara bath kade nugegoda,"No. 29 Nawala Rd, Nugegoda 10250, Sri Lanka",6.8740682,79.8908126,4.0,2.0,,26.7,"establishment, food, point_of_interest, restaurant",,,,2,Tasty food. Tried the curry chicken for breakfast. Highly recommended | ,4.0,2026-05-02T08:06:56.971627+00:00
ChIJ-5tH9t9b4joR53fKBJhVO2g,Palmyrah Residencies,"22 Palmyrah Ave, Colombo 00300, Sri Lanka",6.8970812,79.852673,4.1,138.0,,42.8,"establishment, food, lodging, point_of_interest, restaurant",077 704 4258,http://www.palmyrahresidencies.com/,,5,"We stayed at the Residence for one night (two days) during our visit to Colombo for office work and a function.

We booked a budget room on the 5th floor, which is the top floor, and it had a very nice sea view.
The room and bathroom were clean,
and the staff including security were very friendly and helpful.

The service was provided by both local and overseas staff, and everything was well organized. We felt very safe and comfortable during our stay.

We also noticed that many overseas guests stay here, which shows the good standard of the place. | Great stay from start to finish! Comfortable rooms, friendly staff, and a peaceful atmosphere right in the heart of Colombo. Very clean, well-maintained, and excellent value for money. Highly recommend for anyone visiting Colombo! | Damn worth for the price charged. Got a room upstairs in the balcony have a nice view. Calm and good service too. Only issue i found was AC was not functioning how it suppose to. It would have been nice if you had a mini fridge but again that would be asking too much for the price. Good place
And mr. Arjun is a very friendly person the owner. | Highly recommended hotel with a good, clean & very calm environment. The sea view room was amazing &  the staff were extremely friendly and helpful. Overall, it was a pleasant & relaxing stay. | Extremely worth the price. Amazing host. The view was just breathtaking. Room was spacious. Friendly staff",4.6,2026-05-02T08:06:56.971627+00:00
ChIJ79DJ9QZb4joRqx_LnFJK-Q8,Concord Grand Hotel,"139 Galle Rd, Dehiwala-Mount Lavinia 10350, Sri Lanka",6.8553074,79.8655746,3.9,955.0,,58.3,"establishment, food, lodging, point_of_interest, restaurant",0112 738 727,http://www.hotelconcordgrand.com/,True,5,"Stayed at Concord Grand recently — the rooms were super clean, spacious, and really comfortable. Loved how neat everything was, and the large space made it feel relaxing. Would definitely recommend for a nice stay! | During my one-night stay at this hotel, conveniently situated in proximity to Dehiwala town, I found the rooms to be reasonably comfortable and adequately clean. While they may not offer opulent luxury, they do provide a satisfactory level of comfort for a budget-friendly establishment.

The standout feature of my experience was undoubtedly the service. The hotel staff was attentive, responsive, and exhibited a genuine willingness to ensure a pleasant stay. Their dedication to guest satisfaction left a positive impression on me.

When it comes to affordability, this hotel definitely falls within the range of a budget-conscious traveler's preference. The reasonable pricing is an attractive aspect, especially when considering the overall value.

A noteworthy convenience is the presence of a separate restaurant within the hotel premises. This amenity simplifies dining arrangements and offers a hassle-free way to enjoy meals during your stay.

In summary, this hotel may not offer extravagant opulence, but it does provide a comfortable and clean environment with commendable service. Coupled with its budget-friendly rates and the added convenience of an on-site restaurant, it stands as a commendable choice for travelers seeking a cost-effective stay in the Dehiwala area. | Good hotel. very neat and clean. we got  a pool view  room. But the pool is very small, good for the kids. Morning b/f was so good. If u have a chance to stay in Colombo near this place try to taste the local food. Appam with chicken stew , wow | A great budget friendly place to stay. Rooms are big and has nice clean washrooms. There's a swimming pool too. Room had a small fridge in it. Service is very good and staff is polite. They provided with tea and coffee with an electric kettle in room. Location is also very good. | This is one of my favorite hotel. Everything is fine , but these staff will never learn how to handle the telephone. Most of the time it will be engaged as they don't place the receiver properly. I flagged this two times. Still it is engaged for 2 hours now. uffff.",4.2,2026-05-02T08:06:56.971627+00:00
ChIJERLf_xlb4joRYNKu68txlvM,Mountbaylk,"26, 11 De Saram Rd, Dehiwala-Mount Lavinia 10370, Sri Lanka",6.8402483,79.8633965,4.6,85.0,,50.4,"establishment, food, lodging, meal_takeaway, point_of_interest, restaurant",072 277 7729,http://www.facebook.com/profile.php?id=61550884862660&mibextid=avESrC,,5,"Really confrtable guest house!
The guys at the Guest House were really kind to us. I have to thank Harish and Shean for their hospitality and helpfulness! And the food was really excellent! If I return to the area, I will definitely stay there again.Absolutely recommended! | Best place to be around Mt.Lavinia
Location is great,near the beach,train,centre,few mins walk to get an atm.
They have a restuarant and a rooftop bar.
I loved their breakfast meals.
The service guys are super friendly | We had a wonderful get-together party here for a celebration and the experience was absolutely fantastic! The place had the perfect ambiance for catching up, relaxing, and enjoying quality time together.

The food and drinks were top-notch — everything was delicious, well-presented, and full of flavour. The surroundings added to the warm and festive atmosphere, making it an ideal spot for any kind of celebration.

The service was exceptional — from the friendly staff to the efficient customer service, everything was handled with care and professionalism. The crew went above and beyond to make sure we had a great time.

Highly recommend this place for anyone looking to host a small party, get-together, or just have a memorable dining experience! | Myself and my wife came here for dinner and the sunset. The food was amazing and the service was excellent. I would highly recommend if in the area. Staff were very friendly amd helpful. The owners Steph and Sam were very helpful with places to visit while over here aswel . 10 out of 10 | I recently had the pleasure of staying at Mount Bay in Mount Lavinia, and I must say, it was a fantastic experience! The rooftop is definitely a highlight — I spent the evening there enjoying a breathtaking sunset with a chilled beer in hand. They serve both hard liquor and beer at very reasonable prices, which was a pleasant surprise.

The food was absolutely amazing, with a good variety to choose from. Whether you're in the mood for something spicy or something mild, there's something to suit every taste. The staff were incredibly friendly and helpful, always ready with a smile and great service.

I stayed overnight, and the room was very comfortable — cosy bed, well-maintained interior, and a spotlessly clean washroom. Everything about the stay felt easy, relaxed, and welcoming.

Mount Bay is definitely a hidden gem in Colombo. Whether you're looking to unwind for an evening or stay overnight, I highly recommend this place for its comfort, affordability, great food and drinks, and most of all, the beautiful rooftop vibe!",5.0,2026-05-02T08:06:56.971627+00:00
ChIJd_TOTQBZ4joR7uaDLtkW65M,Mr.බන් Colombo 08,"302 Lesley Ranagala Mawatha, Colombo, Sri Lanka",6.9180378,79.8785845,1.0,2.0,,24.7,"establishment, food, point_of_interest, restaurant",,,,2,Chicken rice with cockroach eggs.. 🤮🤮 Very disappointed. | Doesn't exist,1.0,2026-05-02T08:06:56.971627+00:00
ChIJsTaNmSZZ4joRqy62hwk4OzU,KFC - Colombo 1,"23 Canal Row, Colombo 00100, Sri Lanka",6.9333836,79.8439326,3.4,1012.0,2.0,64.8,"establishment, food, point_of_interest, restaurant",0115 532 532,http://www.kfc.lk/,True,5,"A shameful experience. I was informed that an 8-piece order would take 15 minutes, which is fair. However, this particular visit was anything but busy. The outlet was calm, with very few pending orders. Staff appeared relaxed, the person taking my order was casually chatting with customers, and even a manager-looking staff member in a black shirt seemed unhurried.

Given this, I checked in after 10 minutes, as is usually the case at most KFC branches where orders are already being wrapped up by then. Unfortunately, that wasn’t the case here. There was no sense of urgency or proactive service.

I finally received my order after 25 minutes, well beyond the promised time - despite the outlet clearly not being under pressure.

What makes this particularly disappointing is that this branch is one I used to visit frequently in 2021–2022 when working at WTC.

Back then, under Mr. Darshan, the manager at the time, service standards were exemplary. Orders were handled efficiently, delays were rare, and customer experience was clearly a priority. The contrast between then and now is stark.

The sad fact is that the guy in the black shirt looked at my face with no expression as I expressed my dismay with the delay, only one employee from a distance apologised.

This decline in service quality is not just disappointing - it’s a shame, especially considering the strong reputation KFC Sri Lanka has built across its outlets.

I hope this feedback is taken seriously - and action be taken against the man in the black shirt who has NO REGARD for customer service and was casually chatting away with some customers - particularly one family, because this level of complacency does a disservice to the brand and to loyal customers who expect better. | This is by far the worst KFC I’ve ever visited in Sri Lanka. I’ve been to over 10 KFC outlets across the country, and this one was the most disappointing. The air conditioning wasn’t working, making the environment very uncomfortable. The washroom was in terrible condition – unclean, poorly maintained, and shockingly, there was no mirror. For a well-known international brand like KFC, this level of service and cleanliness is unacceptable. It completely ruined the dining experience. I expected much better standards. I will definitely not be returning to this location and wouldn’t recommend it to others either. Very disappointing. | Visited this KFC outlet for a quick lunch. As usual I ordered a large chicken biriyani. The portion size was small and the gravy tasted bad. The chicken was very oily and greasy. The staff was attentive and served within 10 minutes. Overall the meal was unsatisfactory. The management should rethink about the portion size again since I cant imagine the size of a regular biriyani after witnessing a large one. | Yuck, Yuck , Yuck! and I really should start with a different letter..I have visited more than 6 times. As a foreigner the KFC brand is very well known in our country and across the world. Hence I am dissapointed to report back that both the quality and service is shockingly bad. Firstly you cant order nuggets or strips by themself, you cant order a pepsi 2L or any other variant ( only cups) as per the cashier which must be bought as a combo- a bit ridiculous since the supermarket across the road sells 500ml bottles for 200 rupees. Breyani is a  really good concept but it was a total dissapointment due to  such a tiny piece of chicken with ordinary rice. Every piece of chicken in Colombo KFC including burgers is spicy and not suitable for kids less than 5 years old which is not the norm in western countries.Chips were burnt and hard on many occasions. Location is good near the trade centre but watch out for the massive rats outside at night! However what has pissed me off the most is the lazy dont care attitude of the cashier, no greeting and rude response if you ask for extra  straws/ serviettes as though he is doing me a favour.If it was not for my kids wanting something familiar I would have never went here since the other American brands are better. What drove me to write this review was my final  visit which was hard , stale and extra salted ( not edible ) fries which is a disgrace to feed to my small children. The complaint I left on my KFC till slip review was also never responded to. So if you a foreigner go if you are desperate else you better of buying back home  or real sri lankan food since the franchisee or the brand doesnt care about feedback or customer service. If the owner wants to improve he should go to another country and experience the KFC difference. The only positive thing I can say is its a bit better than KFC in india although india has better Veg options but by western standards this is a joke of a franchise. I hope  KFC.com reads this and sends someone there.Dont take my word for it look at the pictures...it tells a thousand words of why you should not eat here. | I regret eating at this location, it was not crowded at all but they took 25 minutes to complete our order of Fries, Hot Drumlets and Biryani. The fries were extra salty, chicken pieces were okay and biryani was tasteless.

Other KFC locations have better customer service and consistency with their taste.",1.4,2026-05-02T08:06:56.971627+00:00
ChIJlQtW1SFZ4joRL1mKwW1kQjc,Green Lands Fast Food,"Colombo, Sri Lanka",6.937972299999999,79.85207729999999,3.0,3.0,,27.8,"establishment, food, point_of_interest, restaurant",,,,3,"At the end of our Colombo tour today (Tuesday - June 10, 2025), my partner and I were extremely tired. We badly wanted to have fruit juice. Accordingly, we saw this humble eatery and we hopped in. While my partner ordered Avocado Juice, I opted for Orange Juice. Both the juices were tasty. We ended up spending only about 550 LKR in total. We are definitely going to recommend this place to fellow travellers! | Worst Experience ever 🤮 | ",3.0,2026-05-02T08:06:56.971627+00:00
ChIJjZX4CMZb4joR7NHJuIK6FoQ,"Caravan Fresh - Station Rd, Dehiwala","08 Station Road, Dehiwala-Mount Lavinia 10350, Sri Lanka",6.8513854,79.8653416,4.3,187.0,2.0,47.9,"bakery, cafe, establishment, food, point_of_interest, restaurant, store",071 535 6552,,True,5,"Visited Caravan Fresh in Dehiwela on a Sunday morning and was quite disappointed with the experience. Most of the savoury items were unavailable — only two options were left. On top of that, there was no iced coffee last Sunday, which was another letdown.

The outlet also had no functioning air conditioning, and it was extremely hot inside, making it uncomfortable to sit and eat. Overall, the visit fell short of expectations. Hoping they can improve their stock management and fix the AC soon. | Visited Caravan Fresh – Dehiwala on 19th October 2025 and got a Cheese Sandwich, Chicken Pie, and Iced Coffee to go.

Everything was fresh, flavorful, and nicely packed. The sandwich was soft and tasty, the chicken pie had a rich filling, and the iced coffee was perfectly balanced.

Even though it was a takeaway order, the service was quick and friendly, and the food quality was excellent. Definitely recommend Caravan Fresh for a good grab-and-go meal in Dehiwala! 🥪☕🥧 | Delicious cakes for regular and immediate consumes at affordable price. I Appreciate their flavors/ collections and service as well. | I went to DEHIWALA CARAVAN FRESH For buy  some short eats in the evening on 2nd of october. After i came to home i checked the bill & Parcel. then i saw they  were charged for two  Éclairs on my bill. But they were only put one Éclair  to my take away parcel.

This Was Happend to me at Dehiwala Branch (Station Road)  Then i called to the outlet & Told this to them. Then they told me to come on another day to solve this out with the Bill. after I went  to the outlet they told me now can't do anything to this.

Then i called to the Head office &  ask for a manager to  complain this. But there is no manager to answer the phone & some one from the  HR department answer the call. Then she  told me she will   placed a complain about the above incident. she told me after placed the complain  will let me know via a phone call. But They didn't take any Necessary  action regarding this Incident. From Dehiwala Branch They didn't Answer any calls from me &  Blocked My Number

VERY DISAPPOINTED ABOUT THE CUSTOMER SERVICE AT DEHIWALA BRANCH | Visited the caravan fresh to get a cake, and there was a staff called Zamlan incredibly helpful! He patiently assisted me in choosing the right one and even arranged the custom writing perfectly. Great service and friendly staff.",3.2,2026-05-02T08:06:56.971627+00:00
ChIJBxHRst1b4joREBp2Zp0wPaE,Lak Foods,"No 29, Haig Road, Colombo 04, Bambalapitiya, Sri Lanka",6.8864497,79.8562891,5.0,1.0,,19.9,"establishment, food, point_of_interest, restaurant",071 600 0502,,True,1,,5.0,2026-05-02T08:06:56.971627+00:00
ChIJv6SQe9Fb4joR1Z2A74mkRUA,SATNET,"VVQC+H46, Fife Rd, Colombo 00500, Sri Lanka",6.8889194,79.8702665,,,,10.0,"establishment, food, point_of_interest, restaurant",0112 594 528,,,0,,,2026-05-02T08:06:56.971627+00:00
ChIJ_4qscmda4joRiGAJMr22SrY,Home Cooking Fast Foods,"293 High Level Rd, Nugegoda, Sri Lanka",6.8661463,79.8937744,4.4,754.0,2.0,54.7,"establishment, food, point_of_interest, restaurant",077 306 3868,,True,5,"I highly recommend this restaurant. I often order through PickMe, and every order has been a great experience. The food is always fresh, tasty, and well packed for delivery.

Recently, I ordered the chicken mixed fried rice, and the portion was good for two people. The chicken was well cooked, and the meal came with chops and a few nice add-ons, which made the order even better. The food arrived warm and smelled great.

What I like most is the home-style cooking and the consistent quality. I have ordered many times, and the taste and freshness are always the same. The portion size, value for money, and fast delivery make this place stand out.

Overall, this is a reliable restaurant for anyone looking for delicious food, good portions, and quality service. I recommend this place to anyone who wants a satisfying meal at home. | Great place for takeaway food. Well-arranged clean space, wide array of curries for rice n curry lovers.
Yellow rice and set menu are also available.
They are bit cost focus. No card payments accepted and the food was packed in a plastic box (I visited there in day time)
A great place with nice and reasonable portion with value for money.
Recommended! | I usually order Egg/Fish yellow Rice for my lunch from Home Cooking through Uber Eats when I’m at the office 🍛. It’s always delicious and well prepared 😋.

The food is not too oily, and they send a good portion of rice along with generous amounts of curries and vegetables. It’s definitely worth the money you pay 💯.

If you want to customize or add your preferences when ordering through Uber Eats, make sure to add the description in Sinhala (type it in Sinhala) 📝. They really pay attention to those notes!

Highly recommend their food if you’re looking for a tasty, satisfying lunch ❤️! | I went there after looking at the good reviews! There is no name board in the place and therefore I had to search for it and even went with the help of Google Maps! There were a lot of people who came to buy food at that time! Food seems to be good too from the appearance. All of them bought normal rice and curry!, but I bought a fried rice: portion, and the chicken portion was good! But the fried rice is not so good! | A great spot for anyone craving simple, delicious, home style meals. The food tastes just like a home-cooked dish fresh, flavorful, and comforting. Prices are very reasonable, and the variety covers all the local favorites. The place is clean, service is quick, but you can't pay by your card, which is super convenient. Highly recommend if you're looking for a budget-friendly, satisfying meal in Nugegoda!",4.8,2026-05-02T08:06:56.971627+00:00
ChIJy2oxsBFZ4joRqVJWzM9WHxM,Sri Lanka Foundation Institute,"Sri Lanka Padanama Mw, 100 Independence Square, Colombo 00700, Sri Lanka",6.903878799999999,79.8654241,4.3,395.0,,48.1,"establishment, food, lodging, point_of_interest, restaurant, university",0112 695 249,http://www.slf.lk/,True,5,"Good place to host an educational workshops. Also one of the famous auditorium in Colombo.
The place do not have a canteen.  That's a bad thing.
The institute is place in a nice environment where you should not forgets to  have a look around when your visit here ..... | I attended the SLFI event for my child’s prize-giving ceremony, organized by her school, BLC Colombo 07. The place was really nice, the auditorium was in good condition, and everything felt well-maintained. The chairs were fine (maybe a bit snug for bigger folks 😄). The atmosphere was pleasant, and the washrooms were super clean and tidy. Free parking is also available around the institute, which was really convenient. Overall, a great experience! | Good place for conference facilities and affordable accommodation. How housekeeping has become very unsatisfactory. Tea and snacks are good. Lunch is horrible. | The 4A's Sri Lanka hosted a series of workshops with a few International Speakers/Jurors who visited the 4A's Advertising Festival. Here are some highlights of the workshops conducted on the 29th May 2024. | Good for official meetings and workshops.  Food is decently acceptable. Cleanliness of the washrooms not up to the standards.",3.0,2026-05-02T08:06:56.971627+00:00
ChIJt_VGDiRb4joRb3ITtI5sTXM,Pizza Hut - Mount Lavinia,"108 A2, Dehiwala-Mount Lavinia, Sri Lanka",6.829299,79.86795339999999,4.2,1340.0,2.0,60.7,"establishment, food, meal_delivery, meal_takeaway, point_of_interest, restaurant",0112 729 729,https://www.pizzahut.lk/,True,5,"This is by far the best Pizza Hut in the area! The food was delicious and tasted so much better than what I've had at other outlets. The staff were fantastic, they were friendly and provided excellent service. The only downside was the significant number of mosquitoes in the restaurant. Fixing that would make this place absolutely perfect! | The staff is really nice. I arrived just a few minutes before closing time, and they still took our order without any hesitation, even though it meant they had to stay back a bit longer. I’m really happy with their customer service. The pizza and chicken wings we ordered were also delicious! | Excellent service from the staff. Food was tasty served on time. The atmosphere and the surroundings were nice and clean. I tried the black chicken pizza and the tandoori chicken pizza. They also gave us a fried potato portion for free. Parking available | I recently dined at Pizza Hut -Mount Lavinia and tried their pizza and melts. While the food was enjoyable, I found it to be overpriced for the quality offered. Despite the additional service charge, the level of service did not meet the expected standard. On a positive note, the restaurant boasts a picturesque view and ample parking space. In summary, while the overall experience was satisfactory, it fell short of expectations given the pricing and service quality. | Good service mount pizza hut
Best teem work  teem membes and best cleaning mount pizza hut outlat

Good job  mount pizza hut teem ❤️❤️👍",4.4,2026-05-02T08:06:56.971627+00:00
ChIJ469ymiVZ4joRx_Pu4Pot53Q,Harbour Court,"Lobby level, Harbor View, 48 Janadhipathi Mawatha, Colombo 00100, Sri Lanka",6.932924,79.841809,4.4,1101.0,3.0,65.3,"establishment, food, point_of_interest, restaurant",077 108 7720,https://www.thekingsburyhotel.com/dining/harbour-court,True,5,"☙ Harbour Court is the all day dining restaurant at The Kingsbury Hotel, Colombo, offering a large international buffet with great variety. We visited for the lunch buffet.

☙ The buffet offers a wide mix of Sri Lankan, Indian, Thai/Chinese, Western, Japanese (sushi) and more. Everything we tried was tasty and well prepared.

☙ Buffet highlights:
•🍨 Desserts are a major standout. beautifully presented and very delicious. The ice cream section includes 8 flavors, plus live ice cream kottu, 🩶 which is truly next level.

•🥙 The salad and cheese sections are outstanding. Huge variety, extremely fresh, and easily one of the best salad spreads I’ve experienced.

•🍖 Meat dishes were excellent. Beef and pork are highly recommended. In the Western section, you can even request a full chicken piece, and it was fantastic.

☙ Live stations are a major highlight:
•🍕 Live pizza & pasta (custom ingredients)
•🍝 Stir-fry noodles & soup noodles
•🍣 Sushi bar
•🥘 Indian tandoori grills
•🥗 Fresh salad counters
•🥩 Meat carving stations (varies by meal)
•🍨 Live Dessert Bar

☙ Service:
The chefs at the live stations are exceptional 🩶 easily some of the best I’ve seen in Colombo hotels. Other staff were friendly and polite, though service was fairly standard.

⚠ Small notes ⚠
• The lunch buffet gets very crowded and can feel slightly understaffed, so while service is good, it may not be excellent. A reservation is highly recommended.
• Some tables near the windows receive direct sunlight around lunchtime. We had to change our table, so it’s best to request a table away from windows during peak sun hours.
• Seafood variety was limited on the day.

♨ Overall, Harbour Court offers a high quality buffet with great variety, excellent live stations, standout desserts 🩶, and good value for money.
♨ Highly recommended if you enjoy variety and live cooking.
⭐ 4.5 / 5 stars | Harbour Court is the all day dining restaurant at the Kingsbury Hotel, Colombo. I had a buffet lunch at this restaurant recently, and  the experience was amazing. They have an excellent spread of foods and almost all the items I tasted were delicious. They have many options such as: Local Srilankan, Indian, Thai/Chinese, Western, Sushis etc. They also have a great selection of breads, cheeses, salads, dry fruits and more. They have live pizza and pasta station where you can choose what you want in your pasta. They also have live stir fry noodles and live chicken soup noodles station. The Chinese soup noodle was very bland although they used lots of spices. Lastly they have a good selection of desserts but I didn’t have much space left in my tummy after all the other foods 😬 | We had a grate time here. Location was very lively. We came to celebrate my wife's birthday and we had a blast. Everything from food to service was grate. Atmosphere was grate as well. As soon as we arrived, we wre seated. We didn't have to wait. Food selection was good. Everything was tasty.
Service was excellent. Staff was very friendly and fulfilled our requests quickly. I highly recommend this place. Grate value for your money. | Special appreciation to Service Manager Mr. CHAMINDA. Did a splendid job in managing my request to cater 18 people.
We had dinner at Harbour Court, which was amazing. They have couple of live stations and good variety as well.
If you are planning a buffet outing this would be ideal.
Good variety of deserts. Only addition would be some beverages | A Wonderful Anniversary Lunch at Harbour Court, Kingsbury!
We visited Harbour Court to celebrate our one-month wedding anniversary over lunch, and it was an amazing experience from start to finish. The atmosphere was warm and elegant, with lovely decor and a pleasant ocean view that made the afternoon feel extra special.

The buffet spread was outstanding from fresh seafood and sushi to flavorful international dishes and perfectly cooked meats. Everything tasted fresh and full of flavor. The dessert section was beautifully presented and absolutely delicious.

The staff were very friendly and attentive, making us feel truly welcome. A special thanks to the chefs at the live stations for their great work!

The only small issue was that our table was placed near the entrance, which made it a bit disturbing at times. Other than that, everything was perfect a wonderful place to celebrate a special moment. Highly recommended!",5.0,2026-05-02T08:06:56.971627+00:00
ChIJ6w1ZSkFa4joRuhQogx1CDAg,Fancy Mahal,Sri Lanka,6.8738815,79.8914716,,,,6.0,"establishment, food, point_of_interest, restaurant",,,,0,,,2026-05-02T08:06:56.971627+00:00
ChIJ4zLb-_JZ4joRhX563UMUVLw,Rampe by Sushi bar Samurai,"Lvl 1, 226 Sri Jayawardenepura Mawatha, Sri Jayawardenepura Kotte, Sri Lanka",6.907801399999999,79.899219,4.2,569.0,3.0,62.7,"establishment, food, point_of_interest, restaurant",070 355 1551,http://www.rampe-sushibar.lk/,True,5,"My favorite Japanese restaurant by far. Ive tried a few others, but this place stands out as the best. It’s quiet and relaxing, the staff are friendly, and the food is consistently tasty. Always a great experience here. | The sushi bar is one of my favorite restaurants, been coming here since they opened and the food has always been authentic and complimentary. My to-go place for any situation. I would recommend their chicken katsu don and their complimentary okonomiyaki,the whole menu is a 10/10! Lovely staff,very friendly and attentive and the atmosphere is the best. Could stay here for hours,perfect for a meetup with friends,work or for date night. ❤️ Rampe has an authentic Sri Lankan menu, I would recommend their complimentary crab curry and cheesy roti xx | If you’re craving Japanese food, this is literally the best place to try!
I’ve tried many places, but this is by far the best experience I’ve had with Japanese cuisine. everything is just amazing.

And it’s not just Japanese food ,they also serve Sri Lankan dishes under something called Rampe Kitchen. Let me tell you, their beef curry and tomato curry left me speechless. I honestly don’t have the words to describe how good it was.

Highly recommend this place! ❤️ | Food was delicious and the staff were friendly. I can say one of the top 3 Japanese restaurants I’ve been to in Sri Lanka from the taste of the food. They have a good variety of items available in the menu. Spicy beef roll is one of the best I’ve tasted from their menu. Highly recommended to try out.

The restaurant is situated on the 1st floor of the building. Parking is available for about 5-7 vehicles. | Had the most amazing lunch at the Sushi Bar Samurai today!! Ordered 2 varieties or Sushi and the Chicken Katsu Don and the food was a 10/10! It's a quiet and cozy place  and the dishes are decently priced for a Sushi Bar. Definitely going back again!",5.0,2026-05-02T08:06:56.971627+00:00
ChIJWVZEE0NZ4joRf4jiOh2Qars,Siri Mayura Hotel,"WV8G+F9G, Road, Colombo 8, Sri Lanka",6.916175699999999,79.8759381,2.8,5.0,,30.6,"establishment, food, point_of_interest, restaurant",0112 665 289,,True,5,"Different management now. If you see the billboard carefully, you can see ""New"" Siri Mayura Hotel. There is a bug difference in food & cooking these two. Now previous management had moved to cross road. Their food has their authentic taste. | Good | Worst place | Cheap food | ",2.8,2026-05-02T08:06:56.971627+00:00
ChIJxaksbzNa4joRY3SLiWoQPEg,Best Western Elyon Colombo,"Baseline Road, 102A Kirulapone Ave, Colombo 00500, Sri Lanka",6.883532600000001,79.8763012,4.0,1210.0,,60.0,"bar, establishment, food, health, hospital, lodging, night_club, parking, point_of_interest, restaurant, spa",0117 527 527,http://www.bestwesterncolombo.com/,,5,"Just dropped by this rooftop bar for dinner with my wife. Beautiful city view, nice breeze, and a very calm vibe.
The F&B Manager recommended the grilled chicken dish – totally worth it for two and really delicious.
Big shout-out to the guy at the bar for the quick and excellent service.
We truly enjoyed the evening. 😊 | Great hotel in the heart of Colombo close to all the main hospitals around. Great service from front desk staff specially Daniel! Amazing person.
Only thing about the room was that it was missing a mini fridge to keep our items cool and also there was no coffee available in the room. Only tea. However, they offered me coffee from the breakfast buffet. Will visit again!
Oh! And very nice rooftop bar and restaurant! | ⭐⭐⭐⭐⭐
I’ve visited the rooftop bar at Best Western Elyon Colombo several times and have also stayed overnight, and every experience has been truly satisfactory.

A special mention to the Food & Beverage Manager, Godfrey for the extremely friendly and outstanding customer support,
it really makes a difference. Akila, the barman at VU Resto Rooftop Bar, deserves appreciation for his warm and friendly service.

The food at the rooftop is tasty, reasonably priced, and served in generous portions, which makes the experience even better. A quick hi from the Executive Chef was also a very nice touch and much appreciated.

Great atmosphere, excellent service, and consistently enjoyable experiences. Highly recommended. | I booked this hotel through company with Indian dinner. They promise for buffet dinner, it was only one very liqued sambhar dal, rice and pre cooked bread, no vegetables, no dessert, no body explain about complete meal. Very poor management. I used very often best western chain in other countries, I escalate this issue on corporate level..normally they having good buffet dinner, but I don't know, In Sri Lanka, the management is from Best western or on lease. But promises and hospitality should always be on top priorities. I hope you understand my concern well and try to not repeat concern about services. Thanks. | This hotel is very nice, except rooms are a bit small. Food is excellent, staff is good in hospitability, overall had great experience, view is great and even better at open restrobar.",4.4,2026-05-02T08:06:56.971627+00:00
ChIJ80D9u7Rb4joRfUwIdhuLxcg,Milano Hotel & Bakery - Dehiwala,"20, A2, Dehiwala-Mount Lavinia, Sri Lanka",6.8506924,79.8658422,3.8,17.0,,34.4,"establishment, food, point_of_interest, restaurant",077 776 7645,,True,5,"I like the  red rice  with sambul for breakfast. Prefer to have the place little more clean. Very useful place in dehiwela city in Galle Road for meals need. Specially when  dumping the garbage buckets when  garbage collecting vehicle comes, the smells are very  disturbing for the customers. | We ordered Biriyani there and the dish was delicious. The place is clean and the staff is friendly and supportive. The prices are reasonable. Would love to go there again. | Very dirty place, food was dirty, sand was found in the food I took.  Waiters add extra  charges for food.. | Food ok but atmosphere is waste | Require restructuring process because place not nice.",2.6,2026-05-02T08:06:56.971627+00:00
ChIJFSNTI-hZ4joRpEpO5fqw7ZQ,Alpha Catering,"66, 27 Baseline Rd, Colombo 00800, Sri Lanka",6.915725699999999,79.8774383,5.0,1.0,,18.9,"establishment, food, point_of_interest, restaurant",075 432 9011,,,1,Best,5.0,2026-05-02T08:06:56.971627+00:00
ChIJVUuBWD5Z4joRrNIAbwGTQy8,The Fero,"No.36, Sir James Pieris Mw, Colombo 02., Colombo, Sri Lanka",6.922895,79.8493089,2.5,2.0,,25.7,"establishment, food, point_of_interest, restaurant",0112 302 914,,,2, | ,2.5,2026-05-02T08:06:56.971627+00:00
ChIJ-0ps_iRZ4joRMe-B9JfctHE,Hayleys Leisure PLC,"Amaya Resorts & Spas Corporate Head Office Level 27, East Tower, Colombo 00100, Sri Lanka",6.9326529,79.844161,3.9,81.0,,42.0,"bar, establishment, food, lodging, point_of_interest, restaurant, spa",0114 767 888,https://www.amayaresorts.com/,True,5,"Very bad hotel. Unprofessional. Did not refund upon cancellation according to the booking agreement. Refund was applied more than two month ago to the booking date. Now the hotel including the accountant do not answer calls.

I strongly suggest if they steal money from the customers, how you can trust this star hotel. If you book a hotel in Sri Lanka, you better go for another one. | Very beautiful place. I had a really great experience during my stay there. The staff is really wonderful, always have a smile on their face. Food is really great. Great for family and also for couples. | Amaya Lake-Dambulla If you are going there, take medicine with you for purging and vomiting due to food poisoning. 60 of us went in end August 7 got sick, including my daughter (15) and others adults. Luckily not the small kids. All spent the rest of the days in toilets. It's nothing new, in 2006 on our last visit two fell very sick. A week before this my friend felt very sick. Someone is saving money to the hotel by serving cooked items day after day until the stock last or they are serving expired meat items. I want to write these incidents to local Health officials. | I reserved Landale By Amaya Nuwaraeliya during 26th - 28th August 2017. We arrived the resort by 26th Afternoon & spent the 1st night there. On the 27th August early morning I had an emergency call from Colombo & had to cut short our stay. Early in the morning I informed the reception that we have to leave by afternoon & will not stay on the 2nd day.
No issue was risen at that time or acknowledgement was done at that time about the billing. Me & my family were surprised & shocked at the check-out time when they produced a bill to pay for the 2nd day saying that hotel policy is such that I have to pay full.

We knew that hotel was not full & meals were not consumed of the 2nd day yet I had to pay 47,200/- LKR. Since our priority was to get back to Colombo I payed the amount through the credit card & left the place.

Do you fully charge a client without delivering the service ? Is it a policy of Hayley's Group? Aren't you violating the customer protection act of the country?

Please do not use terms such as ""Policy"" , ""Rule"" to snatch money from client in this manner. You offer, You deliver & if there is any real lost, recover from client. Don't earn money unlawfully. There was no opportunity lost to the resort. You can check your bookings & inquires.

We selected the resort 2 months early while Grand Hotel & Tea Factory were on offer. Rates were almost the same or may be bit less to you. Really regret that decision. You are not a small boutique to con and make money like this.

Please use the money you grab from me & arrange a ""Thinking Session"" to rethink your ""Policies"",""Rules"" & Staff Training. | very ugly experience in Amaya lake dambulla, first time in sri lanka hotels compare with aitken, jetwing hotels very very unhappy your room service also restaurant service. i never visit your hotels in my life time",2.4,2026-05-02T08:06:56.971627+00:00
ChIJj-bbHiZZ4joRIDF5G53ixlk,Light House Galley,"Chaithya Rd, Colombo 00100, Sri Lanka",6.9361019,79.841217,4.3,3104.0,2.0,67.6,"establishment, food, point_of_interest, restaurant",0117 192 583,http://lighthousegalley.lk/,True,5,"This restaurant is a great choice if you’re looking for delicious food at a fair price. The quality and taste of the dishes were impressive, and the option to bring your own beverages makes it even more convenient. Its location near the Colombo Harbor is easy to access, making it a nice spot for a relaxed and enjoyable meal with friends or family. | Had the chance to visit this place today for a lunch event with a few wonderful people from abroad. Tucked away near the sea, Lighthouse Gallery feels like a quiet retreat from the busy streets of Colombo. The colonial charm of the building, paired with its thoughtful art displays, gives it a unique and soulful character. It’s not just about the art it’s the mood, the light, the stillness. We ended the afternoon with a lovely lunch, great food and excellent service. A calm and inspiring spot well worth a visit. | We recently visited Light House Gally for a friends’ gathering. It is situated in a beautiful location, right in front of the iconic Colombo Lighthouse. The ambiance was relaxing, and the service was excellent. Food was delicious. A perfect place to enjoy good food and good company in a scenic setting. | Good Vibe,Tasty Food & Cost effective.Good Place to hang out.It's good to have a booking since this is popular among people for a small gathering. | This place is becoming our go-to place for a brunch. Food quality is amazing and they are affordable. This place is managed by SL Navy and the quality and how they maintain the standard of this place reflect their discipline, in a good way. As I know you are not allowed to wear shorts and slippers to this place, but I have never went here with those attires, so better to confirm this before going to this place. We have been here many times and all the time we had a good time.
One minus point here is the service. Some days we had a good service and some days we had to wait hours to get our order. So we have a habit of one of us goes to the place early to order food.",4.6,2026-05-02T08:06:56.971627+00:00
ChIJI78sdItZ4joRzCj6HUNvRUQ,The Fab - Rajagiriya,"196 Castle St, Colombo, Sri Lanka",6.9106867,79.8871656,4.2,1950.0,2.0,61.4,"establishment, food, point_of_interest, restaurant",074 391 4527,http://www.thefab.lk/,True,5,"Today I visited Fab Rajagiriya. One good thing is that the shop has parking, which makes it convenient to stop by. I went mainly to buy cakes. The prices were fair and not too high, which was nice.

I tried the orange cake and the chocolate cake. The orange cake was quite good – soft and fresh – but the chocolate cake was the best. It was rich, moist, and full of flavor. Definitely worth trying if you are a chocolate lover.

However, I also noticed that the short eats (waragā) were limited. There were not many options available, and the ones I saw didn’t look very fresh. Because of that, I didn’t buy any. This was a bit disappointing since Fab is usually known for having a good range of short eats.

Overall, I was happy with the cakes and the service, but they should improve the freshness and variety of short eats. Still, Fab Rajagiriya is a good spot if you are looking for cakes, especially their chocolate cake. 🍫🎂 | This outlet stands out from other outlets because of the premium presentation, spacious area and convenient location. While all the other outlets give priority to practicality and convenience, this focuses on some premium vibe, showing what’s a fab could be. But in a good way.
We have ordered multiple cakes from here and each of them are really good. Reasonable pricing as well. There is paid street parking nearby. | I had a pleasant experience at The Fab - Rajagiriya. The bakery offers a great variety of pastries, cakes, and savory items, all fresh and delicious. The ambiance is clean and inviting, making it a nice spot for a quick snack or coffee break.

The staff was generally friendly, though the service could be a bit quicker during busy hours. Nevertheless, the quality of the food makes up for it. I especially enjoyed their signature cakes — rich in flavor and perfectly balanced in sweetness.

Overall, a reliable spot for tasty treats and casual dining. I’d definitely recommend it for anyone in the area looking for quality baked goods. | Wanted to get an anniversary cake done at the last minute, and they took a challenge and it was a difficult one to make, but they did a great job and delivered on time with great quality. It was delicious too. | Has a range of items to select. We had the crispy chicken and egg roll which was the best. Loved it. Also had the seafood pie, which was fairly good.
The iced coffee was great. The taste hasn’t changed since years, even though the prices has increased.
The location was clean and they quickly clear the tables as and when someone leave.
There was a queue to purchase, but it was handled quickly.
Overall good service, delicious food and clean premises.
Recommend.",4.6,2026-05-02T08:06:56.971627+00:00
ChIJu71hao5Z4joR1jOmPRYrPlI,Bombay sweet House (TOP),"321 Main St, Colombo 01100, Sri Lanka",6.9389425,79.8533836,5.0,3.0,,26.8,"establishment, food, point_of_interest, restaurant",077 795 6344,,,3,Delicious BARFI and LADDU! BARFI with almonds amazing. Sweet and good  🥰 | Prices are reasonable. | ,5.0,2026-05-02T08:06:56.971627+00:00
ChIJh5JIQ3RZ4joRoSPVpx6Hvc8,Calorie Counter Colombo,"11/2 Park Lane, Nawala Rd, Sri Jayawardenepura Kotte 11222, Sri Lanka",6.9080625,79.8963206,4.0,297.0,,58.1,"establishment, food, point_of_interest, restaurant",071 328 2828,http://www.caloriecounter.lk/,True,5,"My salad was excellent and the melted chocolate desert tasted like paradise on earth. At the same time, I enjoyed a very interesting and fun conversation with the owner of the restaurant. It was a very pleasant dinner experience. | Love the atmosphere and food. It's good if you want to keep a count of your calorie intake. Very health concious :). They do deliveries as well. Staff were very friendly. Hope to visit again soon. | Goes for a offer from felo
Actually tasted and healthful.But have to say after taking offer the price is kinda high.
For the two potions they charge 1400/=.That means per one it takes 700/=

-It included chicken , peanuts , Pumpkin , Egg & Polsambal | Excellent Food and drinks. Great atmosphere with live music. Their hopper night was excellent with something different on the menu which is a must. We will  definitely be back for more. | Calorie Counter is a great restaurant. The food is delicious and healthy. The dark chocolate melt dessert is a must-try. A friendly staff , and the ambience is serene. Highly recommended!",5.0,2026-05-02T08:06:56.971627+00:00
ChIJo1TyTEFa4joRYpJUSIX4Uks,Muluthenge,"Nugegoda Junction, Old Kesbewa Rd, Nugegoda, Sri Lanka",6.8733519,79.89159169999999,3.6,36.0,,41.4,"establishment, food, point_of_interest, restaurant",077 427 9007,,True,5,"Prices are reasonable and the food is okay. But their service is horrible. If you visit there on a rush hour, you’re gonna wait like 10-20 minutes to get your order(For fried rice and koththu orders). They have self service.

Most of the days there’s an old lady on the counter and she’s incapable of doing that job. She is too slow and sometimes she forgets to give your order to the cook. And talking about the cooks, I found only one cook who is good at his job and the rest are just like that old lady.

Somedays there’s a young male at the cashier and when he’s there, it seems like all of this problems have been disappeared.

(Stopped visiting this restaurant because of their poor customer service) | I had my lunch there. It's OK. Several tables are there. 4 chairs for one table. On the other side staff are working on. We can see rice and curry items and also kitchen. There is a self-service menu. You can decide your choice.

For all the orders you will receive a bill. It's appear on 'Baseline Road, Borella' address. | Once this place was used to be my favorite. But I guess the ownership and the staff have changed. In my recent visit I didn't get the same impression as earlier times. I don't know about now, but they used to be the best food corner in this part of the town once. | If looking for authentic srilankan foods or good Koththu this is the best place to get it. ""මුළුතැන්ගෙයි"" koththu is amazing. I mean the quality of the foods are soo good, not only koththu, every foods. Staff are soo friendly. Foods are not much pricey, good for yor pocket :). If your are lost or looking for a foods in mid night around the nugegoda check this place man. This is amazing. | The back of this place is not very clean. And a friend of mine found a worm in his fried-rice and showed me.
The people there seem ok. But can't rely on the cleanliness of food. Not eating there anymore.",3.2,2026-05-02T08:06:56.971627+00:00
ChIJRWMkS51Z4joRJ1Fg3oebW08,The Bayleaf,"79 R.G. Senanayake Mawatha, Colombo 00700, Sri Lanka",6.909596199999999,79.8756757,4.5,2634.0,3.0,61.5,"bar, establishment, food, meal_delivery, meal_takeaway, point_of_interest, restaurant",0112 695 920,http://www.bayleafcolombo.com/,True,5,"Bayleaf Italian Restaurant is a fantastic spot in Colombo, whether you’re planning a romantic date or a dinner with a large group. Their Harpos pizza is a must-try—absolutely delicious! The food across the menu is consistently exceptional, and the restaurant offers a variety of seating areas, each with its own unique vibe. It’s a place that feels special no matter where you sit, making it perfect for any occasion. Highly recommend! | A go to place in Colombo 7 for a dinner and music. Usually a band plays on the weekends plus the DJ. Great Pizzas and pastas and other offerings of poultry and fish good atmosphere and good for a mature crowd. Bar serves great cosmopolitans Everytime. Owner is Harpo who is a legendary restauranter and an entertainer (DJ). Super cool place. I dont miss the Bayleaf eveytime I go to Colombo . | I have been there twice. I found their pizzas very tasty. They have less starch and more toppings compared to pizzas from commical brands. What I liked most was the place. The building looks very charming from outside though the interior is bit darker. | A lovely spot for a romantic date, offering a great atmosphere and delicious Italian cuisine. Prices are on the higher side, but definitely worth it. Both indoor and outdoor seating are available, though it can get a bit crowded on Fridays and weekends. Truly worth a visit! | The food was to die for, try the Granchio Al Forno (crabmeat). They have happy hour from 5pm. Staff is very friendly and will look after you well. They have a separate bar area too (where you can sit n eat).",4.8,2026-05-02T08:06:56.971627+00:00
ChIJBczujoxZ4joR17tJmQafgbc,Rocco's,"615A Nawala Rd, Sri Jayawardenepura Kotte 10100, Sri Lanka",6.9053603,79.8945143,4.4,2142.0,2.0,72.0,"cafe, establishment, food, point_of_interest, restaurant",077 126 2121,http://www.roccos.lk/,True,5,"Overall it was a good experience.

The food was very nice and the beverages were too.

They have seating in the ground floor as well as on the first floor. Lovely ambiance. The staff were friendly.

Can park a few cars in their spaces and there is curbside parking available as well. We went on a weekday and it was very calm and there were only two other parties on that day.

They have soft ambient music as well. Would have been nice if the playlist were longer and though 😌 We were there till the play list repeated two times I guess.

Clean washrooms are available.

Recommended | The pizza I had was excellent. A well-fermented dough with a light, airy crust, nicely blistered from the oven, topped with quality ingredients that tasted fresh and well balanced. Unfortunately, the real disappointment came with the chilli oil. According to the waitress, it has been diluted to better suit the taste palette of foreigners. To me, the chilli oil was the main selling point and what made this place stand out. By watering it down, they’ve effectively turned themselves into just another generic Italian restaurant that happens to serve good pizza.

What frustrates me most is seeing a local establishment choose to cater to foreign tastes at the expense of locals. When I was in Rome, I ate food the way they ate it. It didn’t always suit my palette, but not once did I expect or see restaurants changing their food to accommodate foreigners. That’s the whole point of experiencing authentic cuisine, and it’s disappointing to see that principle ignored here.

Desserts were good. I ordered the lemon meringue pie, tiramisu, and strawberry cheesecake, all of which were enjoyable. These were the only three available, as the rest had been “reserved.” This was close to closing time, so I can only assume someone was planning on having double chocolate cheesecake for breakfast the following day. | ​I had a fantastic experience at Rocco’s Pizza in Nawala! If you’re looking for great food paired with an even better atmosphere, this is the place to be.
​The Highlights:

​The Upstairs: Here’s a pro tip, don’t walk away if the ground floor is full! I almost missed it, but the upstairs area is a cozy, hidden spot that’s perfect for a more relaxed or intimate meal. It’s a total vibe.

​Incredible Service: The staff here are amazingly friendly. They make you feel welcome from the moment you walk in until you leave.

​Stress-Free Parking: Finding parking in Nawala can be a nightmare, but Rocco’s has a surprisingly spacious parking area, which makes the visit so much smoother.
​
The pizza is, of course, top-tier, but it’s the hospitality and the cool layout that will definitely bring me back. Highly recommended! | Visited here for a small birthday surprise. Had a good impression from the reservation call, and the staff supported us in celebrating by playing the Birthday Song. One of the best service experiences, especially thanks to Joyana. The food was great, and the atmosphere was nice. | This cozy pizzeria serves a variety of Italian dishes at very affordable prices, and they even have coffee! Their pizzas are absolutely delicious, the staff is friendly, and the location is super convenient. A definite must-visit spot for all pizza lovers!",4.4,2026-05-02T08:06:56.971627+00:00
ChIJz6rmoJ5Z4joRUmVSpndQFK0,Plaza Hotel,"241 Main St, Colombo 01100, Sri Lanka",6.9383871,79.85243349999999,3.3,35.0,,35.2,"establishment, food, point_of_interest, restaurant",,,,5,"Very disappointing experience today. I have visited this hotel several times before and the biriyani was always very tasty, which is why I recommended it to my friends.

Unfortunately, today the service was very poor.It didn’t come with egg or raita, and the rice quality was not good. It felt like a waste of money. The onion sambal was deep fried and only a bit tasty.

Because of this experience, I will not recommend this place again. | Food is okay no complaints there but the staff needs to treat customers with hospitality and a bit more respect in my opinion even when the place is busy. | Ordered a Full Fried Rice and got it in a Big plate but the quanity was small for a Full Fried. Ordered Full Fried for 2 people and it wasn't even enough for one person. Other hotels in Pettah give Full Fried rice for cheaper and with best taste which 3 people can have. | Food is very worst . Plz change that food tastes. Thanks | Cleanliness is okay 👍",2.2,2026-05-02T08:06:56.971627+00:00
ChIJD9PVyvNb4joRbUc-m3z3-1k,The Palestine Bakery,"20 Hill St, Dehiwala-Mount Lavinia, Sri Lanka",6.8511241,79.8666677,4.6,242.0,,57.7,"establishment, food, point_of_interest, restaurant",0112 311 333,,True,5,"Had a really nice time here. The food was absolutely delicious and service was friendly and efficient. Outdoor dining added a lovely touch under the sky—very relaxing and enjoyable. Staff members made us feel welcome from the moment we walked in.

On the downside, the interior and atmosphere could use some refreshing—it didn’t quite live up to the food. But considering the quality and taste, it was good value for money overall.

Would definitely recommend, especially for those wanting a pleasant outdoor meal. | Nice feel. More of a cafe. Gentle, smiling staff. Fresh food. Tried their mini cheese manakish and a mini falafel with cafe latte. Satisfying experience. Happy to support their liberating mission of freeing the Palestine.
Blessings for their business to do well. | Tried the syriana light chicken shawarma on pickme food together with chicken wings herbs flavor and the packing is top notch the food is delicious - top notch. We will visit this place for sure personally to try some more stuff. Recently discovered this place on pickme food. 100% satisfied. (Updated we visited this place the next day) | Filling food, marvelous dessert (though little less sweet would be more preferred by some)
Would love to come back for more! Amazing experience! Definitely recommend! | I must say the name attracted me to the place, and of course, it's a very nice place to have a beautiful, calming, and authentic experience.
The food was yummy and the taste was authentic. Actually, I wanted to try something I had never tried before, so I sought the support of the staff for my selection. They guided me with the best options for a first timer. I must say the staff is very professional and friendly. Looking forward to coming again with my friends and sharing this nice experience with them..",4.8,2026-05-02T08:06:56.971627+00:00
ChIJWZhSYBhZ4joR-f5AIwqNo3o,Lak Jaya Hotel,"132 Borella Cross Rd, Colombo 00800, Sri Lanka",6.9168483,79.8773227,4.0,9.0,,33.2,"establishment, food, point_of_interest, restaurant",0112 681 300,,True,5,"I visited this place a few times and tried the chicken biryani and chicken rice and curry. Taste was decent. Prices were reasonable, and the portion sizes were adequate for an average person. Overall, there's reasonably good value for money.

However, the biggest letdown was the food handling and storage. There were flies sitting on the rice and curries, which made the dining experience unbearable. | Love the food, worth the price on rice and specially the yellow rice on Fridays. All other items like egg rotti, parota are also has been good | Reasonable price for rice and curries. The hotel is very clean, but I don't know how they prepared of healthy foods. But rice and carries is very delicious. It's very busy at Lunchtime. | Foods are good and fresh. A cheap and best place | ",4.2,2026-05-02T08:06:56.971627+00:00
ChIJdwgsPgBb4joRCoe_YlmEHiE,CROWN BURGER NUGEGODA,"163 Stanley Tilakaratne Mawatha, Nugegoda 10250, Sri Lanka",6.874164899999999,79.8915196,5.0,5.0,,20.6,"establishment, food, point_of_interest, restaurant",076 161 7728,,,5,"Food was really great
Prices were very reasonable
I ordered a Burger and submarine it was superb.... |  |  |  | ",5.0,2026-05-02T08:06:56.971627+00:00
ChIJZ2Y6vjpa4joRRKypgVXE3HA,Naniyori Japanese Restaurant,"14 Narahenpita Rd, Sri Jayawardenepura Kotte 10100, Sri Lanka",6.8873758,79.8865661,4.0,387.0,2.0,54.0,"establishment, food, point_of_interest, restaurant",0112 806 806,,True,5,"I went to have some nice Japanese food today because usually their dishes taste really good. But this time, I was really disappointed with the teriyaki maki—it was very bad. They’ve changed the dish; now it’s just rice, chicken, and seaweed, with nothing tasting authentic. The portion was also too small and really not worth the money.

I had the same dish last year, and it was completely different—flavorful, beautifully garnished, and with a generous portion. The dumplings were okay, but the beef fried rice was also nothing special.

It’s really sad to see one of my favorite Japanese food spots going downhill day by day. | Delicious sushi, sashimi amd maki made with quality, authentic ingredients! The local fusion items are equally good, no exceptions.

We trust Naniyori so much that we ordered 240+ pieces of sushi to be enjoyed in a secluded private area that was provided free of charge considering our large order. Every single piece was up to our high expectations!

Their salmon (and every other raw fish too) is top quality and fresh; their soya sauce is real fermented soya sauce and not coloured rubbish; every ingredient is carefully combined with others to make healthy and mouth-watering authentic Japanese meals.

Many, many thanks to the chef and the rest of the kitchen as well as the wait staff for the incredibly satisfying experience! We are sure to return yet again :) | This was a total disappointment for Japanese food culture. The sushi here tasted like it had been frozen, and the plates didn’t seem properly cleaned, which was very concerning. Overall, it was a very disappointing experience and I don’t think I’ll be returning.

Taste: The sushi tasted extremely vinegary and outdated in flavor.

I ordered a prawn sushi and a chicken dumpling. The dumplings were not great may be its bought from outside frozen, but they were acceptable compared to the vinegar sushi.

At the end of the dining I literally ate a ISSO WADE FROM THE PETTI KADE UNCLE TO WASH DOWN THAT DISGUSTING VINEGAR FLAVOR. 😓😅

✌️ Dont go if you can easily get food poisoning | ZERO stars. Avoid at all costs. Served rotten tuna in the sushi. When confronted, Manager Ruwan and the chef himself claimed that it was fresh and it was “just the way that the sauce tasted”, but they both refused to try it for themselves avoiding it, which speaks for itself. Save yourself the trouble and salmonella and don’t bother with their sorry excuse for Japanese food. | First time visiting and the food was absolutely amazing. Well worth the price and the quality of ingredients used was topnotch. If you love Japanese type of food then this is the best place for it. Even the service was excellent 💯😊🙌🏻",2.6,2026-05-02T08:06:56.971627+00:00
ChIJwRdfdwBb4joRKi_yViH3wYk,Gami Rasata Rasa Abula Restaurant,"No 229/A, 11 Old Kesbewa Rd, Welmilla, Sri Lanka",6.8731958,79.8917785,,,,15.0,"establishment, food, point_of_interest, restaurant",,,,0,,,2026-05-02T08:06:56.971627+00:00
ChIJuy62EABZ4joRZe0P_IWhdFM,King Crab Restaurant,"7 Hospital St, Colombo 00100, Sri Lanka",6.9340451,79.8437924,3.3,77.0,,42.7,"establishment, food, point_of_interest, restaurant",070 144 6604,http://kingcrabrestaurants.com/,True,5,"Found the perfect budget alternative to Ministry of Crab—Crab King right next door! Same amazing crab quality (plump, roe-filled goodness) but at half the price. Service is top-tier too—they’ll warn you against overordering, which is such a nice touch. | Must visit restaurant in hospital lane. In fact whole lane is very happening. Food is delicious here.
They also had srilankan cultural dance on the street. | My first time in Colombo and I was craving some authentic Sri Lankan crab. Tried to visit a popular spot nearby but got turned away as I had no reservation!

Luckily, I stumbled upon a hidden gem and was recommended their signature Kochchi Crab. I was hesitant at first, but after some friendly persuasion, I gave it a go instead of the regular pepper crab.

And wow, what a pleasant surprise! The sauce was absolutely delicious and paired perfectly with the bread. Found out the chef had spent over 14 years at the famous crab place I originally wanted to try.

Thrilled to have discovered this amazing dish at a much friendlier price. If you're in Colombo, this spot is a must try! | I was very happy with every aspect of our visit. The staff was courteous although a bit pushy in trying to get you to come in from the street. But once in, the food was really good and it was fairly sized in relation to the price. I enjoyed my visit and I would definitely recommend it. Note: they add a service charge to the bill, which isn't anything put of the ordinary, but it's just a warning for those who don't examine the bill thoroughly. | Good place to stop by for a drink however the food is pretty average. Oily, salted and not at all tasty.
We ordered basic chicken rice and were disappointed. The staff are smiling and welcoming however I would just grab a drink if I ever visit here again",4.2,2026-05-02T08:06:56.971627+00:00
ChIJDQhPbjlZ4joRzqmbXvfN_zY,Street Food Huts,"WRFV+FQX, Drive 00300, Sri Lanka",6.923733299999999,79.8444999,3.9,72.0,,48.2,"establishment, food, point_of_interest, restaurant",,,False,5,"A variety of snacks and shorteats are there. Tasty. But not fresh. Food hygiene is average. | It is an amazing place with great food, friendly local people and very affordable prices. There is no better place to experience street food. They have dozens of food stalls with sea food and fruit and vegetable salads. You can try fresh crab or shrimp, mixed with cashew apple or mango salad only around 300 rps! But theres far more here. Manioc chips, fried jackfruit seeds, and more. Go see, i did and it was amazing | Galleface is the most famous and the iconic street food destination in Sri Lanka. Everyone should enjoy this experience  atleast one time of your life.
The prawn wade or in sinhala 'isso wade' is the best of the best. The vibe of the sea makes the taste into a next level.
Just try this...... | It was nice to sit back, listen to the sound of waves and enjoy the sunset! Got to observe locals setting up their stalls and selling food, people passing by (and ponies too)... relaxing and great place to be to wind down after a long day! | Loved the local atmosphere, hundreds of kites flying and however, there wasn't much food when we went around 5.30. But it's great to see some grass and sea, escaping the city!",5.0,2026-05-02T08:06:56.971627+00:00
ChIJz9vfE9Fb4joRoL5gjZgyrac,Sushi Kai,"127 Thimbirigasyaya Rd, Colombo 00500, Sri Lanka",6.891522999999999,79.86729199999999,4.6,1745.0,2.0,69.6,"establishment, food, point_of_interest, restaurant",0112 081 918,https://www.facebook.com/SushiKaiSrilanka,True,5,"I recently visited Sushi Kai and was genuinely impressed! The sushi was extremely fresh, beautifully prepared, and absolutely delicious. The donburi portions were huge and packed with flavour — definitely worth the price. If you’re a light eater, you can easily share a donburi bowl and still have room to enjoy some sushi and a few appetizers. Overall, Sushi Kai offers great taste, generous servings, and a really satisfying dining experience. Highly recommend! | I had a wonderful experience at Sushi Kai. Thank you for the excellent service. After a long time, I had forgotten how to handle chopsticks, but a kind staff member named Kaveesha patiently helped me, which I truly appreciated.
I loved the food as well, everything was fresh and delicious. Highly recommended! | Definitely my most favourite Japanese restaurant in Colombo! Their Sushi, Ramen, Miso soup and Mochi desserts are all so good. Friendly staff and the ambiance is also great. Would definitely recommend ☺️ | I have been coming here since ever and loveeee their food and the new menu has added so much flavor to the whole experience. Staff is super friendly and accommodating. The ambiance is very pleasing. | No one around and the slowest service I’ve had in Colombo!
Food is amazing!!!
We got 2 cold dishes which came to us 30 minutes apart
Hot dishes came all at once with the last cold dish
Shouldn’t have been like that
They can definitely do better when there is only 1 or 2 tables full other than us",4.2,2026-05-02T08:06:56.971627+00:00
ChIJt7DM6hhb4joR-anjdYAx36k,Subway - Mount Lavinia,"275 Galle Rd, Dehiwala-Mount Lavinia 10370, Sri Lanka",6.8363521,79.86712349999999,3.8,722.0,,62.4,"establishment, food, point_of_interest, restaurant",0112 123 123,https://subway.in/,True,5,"I visited this branch in Glomark, Mount Lavinia today (9/1/2026) and ordered 3 smoked chicken subs for Rs 950 each. The girl put in the smoked chicken, some lettuce, two small pieces of tomato and ketchup to each and tried to give me the buns! I was quite shocked and asked what about the other veggies I wanted and cheese? She says that this specific bun cannot be customized!! 🙄 How on earth am I supposed to know that??!! It’s not mentioned anywhere in writing and I was not told before ordering and paying either! I was under the impression that all Subway buns can be customized! Had I known I was only going to get some lettuce and two measly pieces of tomato and ketchup for Rs 950, I’d have never ordered it! Very poor communication and customer service. | Absolutely terrible experience with the Mount Lavinia outlet. I ordered a 6-inch Buy One Get One Free Mexican Chili Chicken Submarine and what I received was nothing like the picture — barely any fillings, completely dry and very poor quality.
I tried calling many times and finally spoke to the manager, who asked me to send a photo on WhatsApp. I only had a photo of half of the submarine because I had already started eating it. After that, they refused to replace the order and took no responsibility at all, even though I spent nearly 2,000 LKR.
It feels like they are cheating innocent customers and taking advantage of people who trust them. This place is unacceptable, unprofessional, and completely disappointing. I would NOT recommend the Mount Lavinia outlet to anyone. I can't tag the photo they not allow to do that | Great foods, freshly made submarines and tasty at reasonable price. The best place to have submarines with your own choice... Parking also available. Great place stay with your lovers or family! Peaceful environment. Satisfied about the customer care! Smiley staff. It was great...
Highly recommended 5🌟
👌❤️ | I ordered submarine using uber and got some silly bun with very least amount of chicken and full of sauce. Very small bun
It was a buy one get one free offer
But the uploaded image of the food was very big but the one we got was very small | The customer service was good and the food items are one of the best which Ive evere had. I had smoked chicken 6 inch sub and a hot chocolate. The way we can customize the order is marvellous also we can get rid off the ingredients which we do not like to be there in our sub.",2.6,2026-05-02T08:06:56.971627+00:00
ChIJ7cnx-U9a4joR7iJ0E8KuaLA,Dinemore - Kohuwala,"127 S. De S. Jayasinghe Mawatha, Nugegoda, Sri Lanka",6.8678846,79.8853598,3.9,3215.0,2.0,61.9,"establishment, food, point_of_interest, restaurant",0112 817 718,https://www.dinemore.lk/,True,5,"Tried Dinemore Nugegoda recently. Overall, the food was tasty and good, nothing to complain about. The portions were decent and everything was fresh.

But honestly, it’s nothing special. The old Dinemore had a different vibe and taste, it used to be so much better. The quality and flavor back then were really memorable. | I’ve been a regular customer at Dinemore, but this was my first visit to the Kohuwela branch and unfortunately, it was very disappointing. We ordered a submarine and a nasi goreng. The submarine arrived after about 25 minutes, but the nasi came only after nearly an hour, and that too after I went and inquired.

When I told the waiter that we had been waiting for almost an hour, he simply ignored me. no reaction, not even a basic apology. That was very unprofessional.

Several items on the menu weren’t available (no beef submarine or seafood nasi, only chicken options). The taste was average at best. Overall, a poor experience in terms of both service and food quality. Didn't even finish the food. 👎🏾 | My husband and I went to the Dinemore Kohuwela branch today, and it was a very disappointing experience. The food tasted basic and did not feel fresh at all. Our order arrived only after my husband inquired about it. We waited almost an hour for our order, and the staff showed no concern or offered an apology. Many menu items were unavailable, and overall the quality was poor. This branch really needs improvement. | The food is good, but there is no parking space and the place is quite compact.The food took a long time to arrive. The tissues were just placed on the table without any holder. | We had stopped going to Dinemore for a while since the chicken pieces became smaller and the quality wasn’t great — even at the One Galle Face outlet. Our office also tried a few outlets, but the experience was the same.

However, when we returned this January, we were pleasantly surprised! The portions are back to what they used to be, the chicken was generous (a proper leg with thigh), and the biriyani was loaded with cashews. Since then we always try till today their biriyani again. Super good . The Dinemore bun was soft and fresh too with good filling . Staff were friendly and the food was excellent overall.

The only downside  is that there always seems to be a fly buzzing around whenever we visit. Other than that, highly recommend!",3.2,2026-05-02T08:06:56.971627+00:00
ChIJdZcR6tZZ4joRt-ZDgLyuT1k,Ceylon Curry Club,"No. 2&3, WRMV+CC2 Dutch Hospital Shopping Precinct, No. 2 Hospital St, Colombo 00100, Sri Lanka",6.9337748,79.8435746,4.5,1593.0,,62.9,"establishment, food, point_of_interest, restaurant",077 339 3391,http://ceyloncurryclub.com/,True,5,"Authentic Sri Lanka food at a historic Dutch building.  We ordered the Devilled Chicken, Hot Garlic Butter Calamari, Beef Curry… all dishes are delicious.  Great value of money!  Restaurant manager Anura looked after us so well. Thank you 🙏 | Visited Ceylon Curry Club on the 25/12/25. It’s a nice restaurant overall, and most of the food was good and well prepared. Portion sizes were okay, nothing too small or too large.

However, the service was not the best, especially considering the restaurant was not busy at all at the time. We had to wait around 10 minutes just to get a menu, even after reminding the staff about three times. The waiter who took our order also didn’t seem very familiar with the food, which made it a bit difficult to get proper guidance.

With some improvement in service and staff knowledge, the overall experience could be much better. | While I was there, the restaurant was packed with tourists—that indicated to me that it's a popular place with tasty food. The menu looked like it might draw from traditional Sri Lankan style foods with its use of their herbs. I really enjoyed the baked curd dessert—it was great. The yellow rice, chicken, and curries I had with friends were also very good. What was most memorable was the idea that these dishes were under-seasoned by Sri Lankan standards, and, in fact, I was left impressed that I was not overwhelmed with chilies or salt as I often tend to be while eating authentic Sri Lankan dishes. Overall, really enjoyed lunch. | This was recommended to me by a local Airbnb host and I couldn't have been more pleased with the delicious local cuisine. It was tasty, authentic and beautifully presented without being pretentious. I sat outside overlooking the courtyard of restaurants and it had a lovely atmosphere. Only downside was that there were a few mice running around outside, but this was clearly nothing to do with the restaurant and just an inevitable possibility when eating outdoors. | Depending on what way you approach the building the entrance can be somewhat difficult to find . However a lovely looking restaurant inside . Service is top notch.

The food was exceptional , the portions were not generous but neither were they too small . The food was some of the best I had in srilanka. Plus they have some nice beers on offer

I just wish I had found this place sooner!",4.4,2026-05-02T08:06:56.971627+00:00
ChIJH-FKzSVZ4joRJoyTwyrKtJQ,t-lounge by Dilmah – Chatham Street ️,"Chatham St, Colombo 00100, Sri Lanka",6.9344683,79.84366969999999,4.5,1296.0,2.0,59.5,"cafe, establishment, food, point_of_interest, restaurant",0112 447 168,http://dilmaht-lounge.com/,True,5,"I had the chance to visit T Lounge in Colombo and it was a truly unique experience. The variety of teas they offer is astonishing and each one feels carefully crafted. The tea experience itself was superb and the ambiance of the place makes it even more enjoyable.

The service was a little slow start but picked up later .  The food was also very good and paired well with the tea. The place itself is an experience and I’m glad I found this place . Plenty of variety to try their tea and I’d surely come back

Overall, T Lounge is a wonderful spot to enjoy a relaxed tea experience. The atmosphere is warm, the tea selection is excellent, and the food is worth trying. I would definitely recommend it to anyone visiting Colombo. | One of my best loved cafes in Colombo. The interior and the details are spot on. Cozy little gem of a place serving a variety of drinks and food. A lot of foreigners milling in and out of this cafe. They serve a welcome drink in a tiny mug, which is very thoughtful.
I was mind-blown by the mungo strawberry drink today. They’ve used flavored black tea with mango pulp & chucks of strawberry to curate the drink, it was truly refreshing with very very minimal sugar.
The spicy chicken crepe was great too, the flavors were on point albeit would have loved more stuffing in the crepe.
Staffs are quite friendly and welcoming feedbacks. Very cozy little outlet. Definitely my go to spot every-time I need some me time.
Prices are slightly on the higher side plus the VAT and tax is heavy on the bill | Recently hosted a surprise high tea for my wife's birthday here. The staff were very helpful (Chamara) and flexible for a lot of my requests. The event went of very well and it was an overall very pleasant experience. Definitely will come back here again. | I had a wonderful experience at t-lounge by Dilmah – Chatham Street! The atmosphere was calm, quiet, and perfect for relaxing with a good treat. I tried the Pink Tres Leches Cake and the Cinnamon Matcha Tea Shake—both were absolutely delightful. The cake was soft, moist, and had just the right level of sweetness, while the shake offered a refreshing and unique twist with its subtle cinnamon notes blending perfectly with matcha.
The staff were warm, welcoming, and attentive, making the visit even more enjoyable. It’s great to see high-quality Ceylon tea being showcased so beautifully on an international platform. A truly proud moment for Ceylon tea lovers, and a spot I’d definitely recommend to anyone looking for a cozy tea-inspired experience. | Best simple western lunch here. Sandwiches and pasta are amazing - they are freshly prepared and cooked from scratch. The environment is quiet and filled with the joy of tea. Waiters are so helpful and patient. Love it here",5.0,2026-05-02T08:06:56.971627+00:00
ChIJtU0lxjxZ4joREeaeiIA96pE,Japanese Biopathy,"Parsons Rd, Colombo, Sri Lanka",6.929818699999999,79.8478073,,,,19.0,"establishment, food, point_of_interest, restaurant",077 369 5297,http://japanesebiopathy.com/Contact.html,,0,,,2026-05-02T08:06:56.971627+00:00
ChIJieV0xiJb4joRzbnwXRu81Wg,Lambastica,"73 Hotel Rd, Dehiwala-Mount Lavinia, Sri Lanka",6.8334513,79.8640721,4.5,2.0,,19.7,"establishment, food, point_of_interest, restaurant",077 170 1967,http://www.facebook.com/LambasticaRestaurant,True,2,A great place to go as a family. Great for kids. | ,4.5,2026-05-02T08:06:56.971627+00:00
ChIJJev3siVZ4joR6vZ1n-MRQWw,Harpo's Colombo Fort Cafe,"Old Dutch Hospital Complex Echelon Square, Hospital St, Colombo 00100, Sri Lanka",6.933680100000001,79.84342830000001,4.1,580.0,3.0,55.8,"establishment, food, point_of_interest, restaurant",0112 434 946,http://www.colombofortcafe.com/,True,5,"Tried the BBQ pizza and it was absolutely fantastic! Yes, it’s a bit on the expensive side, but definitely worth it – the quality of the toppings and the flavor were top-notch.

Also tried the Nai Miris pizza – be warned, it’s extremely spicy! Only go for it if you’re a true spice lover.

I’ve tried many thin crust pizzas around Colombo, and while this place is a little pricey, the taste and quality make it stand out. Highly recommended! | I had a fantastic experience at Harpo’s Colombo Fort Cafe. The food quality is truly excellent—we ordered the tenderloin steak and the lobster, and both were outstanding. You can tell they were prepared with real care; the steak was cooked exactly to order and the lobster was succulent. It’s clear the chef genuinely cares about the craft.
Beyond the flavors, the portion sizes offer great value, and the hospitality was wonderful. The staff was attentive and welcoming throughout our meal. Highly recommended for a high-quality dining experience in Fort! | Their simple prawn curry with rice was absolutely delectable. It paired well with Sauvignon Blanc. On the weekends there is a DJ in the courtyard with good tunes. | Harpo's Colombo is a gem with a charming vintage touch, perfect for a cozy evening with friends, family, or colleagues. The ambiance is inviting and sets the tone for a memorable night.

We indulged in a delightful spread of dishes, including pasta, pizza, and the unique fish and chips dumplings. Each dish was a winner, bursting with flavor and beautifully presented. It's clear that attention is paid to quality and taste.

To complement our meal, we enjoyed some delicious cocktails that added a festive flair to the evening. The drinks were well-crafted and refreshing, making them a perfect accompaniment to our dining experience.

Overall, our time at Harpo's Colombo was truly enjoyable, and I highly recommend it for those seeking a lovely place to unwind and enjoy great food and drinks. Can’t wait to return for another delightful evening! | Unfortunately everything, except the lighting and the fact that our waiter was friendly when we gave our dry food back, was very mediocre. The location is quite nice and the lighting is very inviting (that’s why we went in the first place) but unfortunately the food wasn’t up to par. The kottu tasted like it was made the day before with Maggi spices, and for that the prices were pretty high too. It’s the day after and the chewy beef is still stuck between my teeth.
Unfortunately we had to send the red chicken curry back because it was dry and had little to no taste.
The quality didn’t suit the surroundings nor our expectations at all",4.0,2026-05-02T08:06:56.971627+00:00
ChIJ202EewBb4joRxXMkvxUvrew,Delicious Isso Wade,"1 Hill St, Dehiwala-Mount Lavinia 10350, Sri Lanka",6.851504599999999,79.86614829999999,,,,12.0,"establishment, food, point_of_interest, restaurant",,,,0,,,2026-05-02T08:06:56.971627+00:00
ChIJyXDpIRVZ4joRHc9ph7PWrt0,cafe monica sri lanka,"Old Dutch Hospital Complex, 09 Hospital St, Colombo 00100, Sri Lanka",6.933930399999999,79.84336069999999,4.2,19.0,,32.1,"establishment, food, point_of_interest, restaurant",070 166 6422,,,5,"No idea what that French guy is talking about below, this was darn good pizza in a country far far away from its origin. I feel lucky to have found this place. I REALLY needed a break from curry and rice. Bravo to these guys for putting together a very tasty pie! | The Vesuvio pizza is a fiery delight, and the gelato is incredibly creamy and flavorful. A perfect spot for authentic Italian cuisine. Highly recommend | It did not look like advertised, dough was nor risen. The topping was not as advertised, missed mushrooms and olives. Also no forks, and the topping was sloppy to hard to eat. They also recommended the smaller size, which was too small to be honest for a European customer who's used to a larger pizza, the 12 inch would have been better. | One of the best places that serves true Gelato in Colomobo.
The quality of their Gelato is amazing.
The coffee they use is also the best coffee in the world ""ILLY""
The staff are very friendly and always smiling. | The fact that the lady below gave a pro tip that Burger King is across the road just shows that she wouldn't know a good neapolitan pizza if it was sitting in front of her.. which it was.

If you can appreciate a good proper Italian pizza then this is the place for you",4.4,2026-05-02T08:06:56.971627+00:00
ChIJHdxcfsdb4joR8b9UH4QXgpk,Beruwala Eating House,"46/3 Galle Road Wellawatta, Colombo 6 00600, Sri Lanka",6.8772514,79.86026509999999,3.4,80.0,1.0,41.0,"establishment, food, lodging, point_of_interest, restaurant",077 681 2008,,True,5,"I tried the lunch (rice and curry with egg) for 300 rupees, but overall, it’s not recommended. The rice and curry had very few options — only about 2 or 3 curries — and it didn’t feel worth the price. There’s also no parking available. You might try something else from this restaurant, but I personally don’t recommend the rice and curry. | very worst, very very worst.
i ordered beef kidu rice and chicken fried pc
but they sent chicken kidu and very worst pc of chicken fried
totally disappointed and i called the number but he is not responding well.

waste of money, waste of food | I ordered chicken rice and curry from uber and it wasn't delicious at all. | Ordered kidu large size lunch for visitor today and  had very bad experience. No usual taste at all. Beef was awful. Less chicken pieces. Veg currys are very bad. looks like old chef went out. Never recommend to anyone here after. | I don't know about the other dishes but loved the fried fish and rice and veg rice. Ample amount with a large 🐟. The taste is consistent and very reasonable price.",2.0,2026-05-02T08:06:56.971627+00:00
ChIJg-xdpEVa4joR9aEM5UT1_Pk,Burger King - Nugegoda,"169 High Level Rd, Nugegoda 10250, Sri Lanka",6.870361099999999,79.8875168,4.2,3222.0,2.0,62.9,"establishment, food, point_of_interest, restaurant",0115 123 123,https://burgerking.lk/,True,5,"We made  a visit on valentine day for lunch here. 1st impression was not right as one customer was arguing with staff for some issues and manager also there. After that only we made the order. We chose the valentine offer 2 which comes with Red burger (I don’t remember their brand name for that burger), fries, coke, Lava cake and a wrap. My overall rating for the food is 2/5. Coz wrap is completely out of taste and we didn’t like it, the wrap taste like half cooked.

Lava cake is the worst. Its not lava cake, its just like some chocolate muse. Im uploading the video of their lava cake so you can come for a conclusion.

Other Items are okay.

AC is leaking water, its dripping.

Hand wash area tap seems broken and proper water supply is not there.

Really disappoint with this branch and their maintenance. | I recently visited this Burger King outlet and ordered a Spicy Chicken Burger meal, and the experience was extremely disappointing. The burger I received contained only a piece of chicken and some sauce. However, the menu images clearly show the burger served with lettuce. When I raised this concern with a staff member, I was told—quite rudely—that lettuce is only included in their premium burgers. If that is the case, it is misleading to advertise the product differently on the menu. What I received did not match what was promoted.

Additionally, the fries were cold and tasted stale. The drink was also unsatisfactory, as it appeared to be poured to a cup with ice from an already opened Coca Cola bottle, which raised concerns about freshness and hygiene.

Overall, I am very disappointed with both the food quality and the service at this outlet. | Save your money and your appetite.
Disappointed is an understatement. The food was utterly tasteless, the service was non-existent, and the ambience was awful with no functioning AC. The kids play area was covered in dirt, which makes you wonder about the state of the kitchen. We had to plead for a simple paper bag and few extra napkins. Do not recommend. | Been coming here since the burger is good , however there is NO AC all the time , it’s either has fans or it’s hot inside , staff make do with what is available and I don’t blame anyone, I hope you look on to your outlets more and make it much nicer , cleaner and more efficient , thank you | Burger King in Nugegoda, Sri Lanka, is a popular fast-food destination known for its diverse menu and vibrant atmosphere. Conveniently located in the bustling city of Nugegoda, this branch offers a welcoming environment for both locals and visitors seeking a quick and tasty meal.

The restaurant's interior boasts a contemporary design, featuring comfortable seating arrangements and modern decor. Customers can enjoy a casual dining experience, whether they choose to grab a quick bite or linger for a more leisurely meal. The atmosphere is often lively, reflecting the energetic spirit of the city.

One of the main attractions at Burger King Nugegoda is its extensive menu, which caters to a variety of tastes and preferences. From classic Whoppers to flavorful chicken sandwiches, the diverse options ensure that there's something for everyone. The signature flame-grilled burgers are a highlight, offering a distinctive taste that sets Burger King apart in the fast-food landscape.

In addition to their burgers, the restaurant also offers a selection of sides, including crispy fries and onion rings, as well as a range of beverages to complement the meal. The menu is designed to provide a fulfilling experience for customers of all ages, making it a popular choice for families, friends, and individuals alike.

Burger King Nugegoda is not just a place for delicious food; it also contributes to the local community by creating job opportunities and actively participating in social initiatives. This connection with the community adds to the restaurant's appeal, fostering a sense of belonging for both customers and employees.

Whether someone is looking for a quick meal on the go or a sit-down dining experience, Burger King in Nugegoda, Sri Lanka, continues to be a go-to destination for those craving the distinctive flavors and atmosphere that the global fast-food chain is renowned for.",2.0,2026-05-02T08:06:56.971627+00:00
ChIJxSCCvNxb4joRMpnna8j4j9I,AYUBO LEISURE (PVT) LTD,"158 F1-1, Galle Road, Colombo 00400, Sri Lanka",6.8890818,79.8567679,4.8,14.0,,29.1,"establishment, food, point_of_interest, restaurant, travel_agency",076 920 0700,https://ayuboleisure.lk/,False,5,"I would like to say a big thank you to Dehini and her team for making our holiday so special, they organised all our pick ups hotel accommodation at two amazing hotels Malu Malu spa & resort and Aliya resort & spa which was a very good recommendation by them. They organised all our excursions and were only a phone call away if we needed anything changing or adding, they are extremely professional and friendly and very efficient we would highly recommend to use them again. | I used these guys to hire a driver for 5 days in Sri Lanka. My driver was Roshan and can I say he was by far the best driver I have had.   He was always on time and always happy to help. His local knowledge made my experience  fantastic. Showed me great places to eat and all those places that only the locals know. He Showed me the real Sri Lanka.  Was able to recommend experiences and where the best place to buy stuff. Overall he exceeded expectations. | hotels, activities and transport booking on one platform in easily | Esoft Technologies Service Created this Service is Very Good Web Application and Service for Traveling Industry | Very good vehicle and very good driving",5.0,2026-05-02T08:06:56.971627+00:00
ChIJ7RrkvfJZ4joRTl622ch6qtk,Pizza Hut - Rajagiriya,"431 Sri Jayawardenepura Mawatha, Sri Jayawardenepura Kotte, Sri Lanka",6.9075174,79.9002888,4.3,1494.0,2.0,67.5,"establishment, food, meal_delivery, meal_takeaway, point_of_interest, restaurant",0112 729 729,https://www.pizzahut.lk/,True,5,"I ordered a thin crust pizza from Pizza Hut Rajagiriya and unfortunately the pizza was extremely burnt. The crust, cheese, and meat were overcooked to the point that it tasted like charcoal. It felt more like eating a very dry Sri Lankan coconut roti rather than a pizza. I didn’t expect this kind of quality from Pizza Hut, so it was quite disappointing.
However, when I called to make a complaint, the customer service representative handled the matter very politely and professionally and informed the Rajagiriya outlet. The staff member from the outlet who spoke with me also handled the situation appropriately and in a courteous manner. I appreciate their response and hope the outlet improves the food quality in the future. | Pizza Hut Rajagiriya offers a reliable dining experience with a good selection of pizzas, sides, and beverages. The staff is generally friendly and service is fairly quick, especially during non-peak hours. The dine-in area is clean and well-maintained, though it can get a bit crowded during weekends. Delivery is prompt, and the food usually arrives warm and fresh.

A nice bonus:- if you participate in their feedback program, you can get a good discount on your next visit. So if you're a frequent visitor, don't miss out on that opportunity! | Tried the new Devilled Chicken Melts from Pizza Hut as a takeaway, and it was delicious! The folded, crispy crust was perfectly done, and the spicy devilled chicken filling had a great kick without being overwhelming. Packed with flavor, and the cheese tied everything together nicely. A great option if you’re craving something bold, spicy, and satisfying. Will definitely be ordering this again! | I recently visited Pizza Hut in Rajagiriya for the first time, and it was a delightful experience! The pizza was absolutely delicious, fresh, flavorful, and served hot. The staff was incredibly friendly and attentive, making us feel welcome from the moment we walked in. Their customer service was top-notch, adding to the overall positive experience.

However, the seating arrangements could use some improvement. We had to sit in a rather awkward spot near a pathway because the upstairs seating area was closed. It wasn’t the most comfortable place to enjoy our meal, and it would have been great if more seating options were available.

Overall, I loved the food and the service, but a better seating arrangement would make the experience perfect. I’m looking forward to returning and hopefully trying out the upstairs area next time! | Not enough space. Although the quality is almost the same as in other PIZZA HUT locations",3.8,2026-05-02T08:06:56.971627+00:00
ChIJhQmsoX5Z4joR0GBQxxKoFqw,Burger King - Arcade,"Independence Arcade, බෞද්ධාලෝක මාවත, කොළඹ 00700, Sri Lanka",6.9027128,79.86907630000002,4.2,2720.0,2.0,69.7,"establishment, food, point_of_interest, restaurant",0115 123 123,https://burgerking.lk/,True,5,"I visited the Burger King outlet at Independence Arcade today and was extremely disappointed with the overall experience. I ordered a Chicken Monster Burger Meal (Rs. 3450) and a Chicken Whopper (Rs. 1980). The Chicken Monster Burger had almost no flavor, the portion size was very small, and the presentation was quite poor. For such a high price, the quality and taste were far below expectations. The burger was dry and lacked the freshness and flavor that Burger King usually promotes.

The Chicken Whopper was equally disappointing. It contained only a bun, a thin chicken patty, and a few leaves of lettuce—nothing else. There were no sauces or proper fillings, making it bland and not worth the price.

Moreover, the branch had no washroom or proper handwashing area, which is very inconvenient for customers. The Coca-Cola cup was not properly sealed, and the fries were extremely oily, adding to the unpleasant experience.

Overall, I found both the food quality and the customer facilities to be below standard. I expected much better service and hygiene from an international brand like Burger King. I will not be visiting this branch again and cannot recommend it to others. 👎 | No comments. Just look at the dirty and old oil. 🙂 | This outlet clearly does not know how to serve a proper lava cake. What they give is either raw or just badly made, and it shows they don’t understand how the dessert is supposed to be prepared. When we raised a complaint, instead of replacing it or acknowledging the mistake, the staff brought out a thermometer, poked it into the same cakes that were already on our table, and told us it was fine. Then they expected us to eat it after that. The whole experience was careless, unprofessional, and far from what you’d expect at a decent franchise restaurant. | Food is just wasted! Lava feels like home made millet porridge
Service
Cleanliness is zero
Very worse experience | I wish I could give this place negative stars! My recent visit was absolutely awful. The staff were incredibly unfriendly and unprofessional. Every time I asked a simple question about the meals, they would argue with me, making it feel like I was the problem. The lack of customer service was shocking.

To make matters worse, I ordered the Fish King Rice, and it was half-cooked! It was not only unsafe to eat but completely ruined my meal. This is simply unacceptable, especially at a place where quality should be a priority.

I’ve never had such a terrible experience at a restaurant. Between the rude staff and the undercooked food, this visit was a disaster. I won’t be coming back, and I advise others to stay away. Save yourself the frustration and eat somewhere else!",1.0,2026-05-02T08:06:56.971627+00:00
ChIJyR_yt91a4joRquboqpc_RWE,Blue Goodie Box,"46/31, Lady Lavinia, 1st Templers Mawatha, Attidiya - Mount Lavinia Rd, Dehiwala-Mount Lavinia 10370, Sri Lanka",6.835038099999999,79.88158969999999,5.0,5.0,,31.6,"bakery, establishment, food, point_of_interest, restaurant, store",077 737 0727,,True,5,"Ordered the Cheese Straws and Spicy Nibbles, and everyone at home enjoyed it 👌
The portions and taste were fully worth the price!!

All the best!! 🙂 | Ordered their Brownies  via Uber eats, it was very premium for the price | Amazing place. Must go to. |  | ",5.0,2026-05-02T08:06:56.971627+00:00
ChIJ7cTgF1Ba4joRVqtLmFqZ2-U,Gihans Family Restaurant and Pub,"90, S De S. Jayasinghe Road, 10250, Sri Lanka",6.866511399999999,79.8843213,4.0,2313.0,2.0,69.6,"bar, establishment, food, point_of_interest, restaurant",0112 852 030,,True,5,"I tried their set menu fried rice and chicken rice and curry. Both were very good. Protion is a little bit small to someone eats a lot, for average meal it is good enough. Food is tasty, well cooked. No complaints.

Rice and curry available 11 AM onwards. | Thanks a ton for the awesome service! The staff was super friendly and everything was really convenient. I highly recommend the food. I'm really pleased with how everything went. The timing and coordination was spot on. even though you all were busy. You still managed to respond to messages and texts with great accuracy. I know this wasn't a big order for you, but you always treat your customers like they matter. Honestly, I’d rate everything a perfect 10/10 ❤️‍🩹🙌🏽 | I had a very disappointing experience at Hotel Gihans. The service was extremely slow, and the overall customer service did not meet expectations at all.
What made the experience worse was the way the situation was handled by the staff member named Buddika. There was a clear lack of professionalism and attentiveness towards guests.
I hope the management takes this feedback seriously and improves both service efficiency and customer care in the future. | Extremely disappointed with their delivery service. I have been a loyal customer for over four years and usually pick up my food. Since I’m currently unable to do so, I opted for delivery , but the experience has been consistently frustrating.

Although they state a delivery time of 1 hour, my orders regularly take more than 2 hours, and at times even longer. The staff handling phone orders lack basic communication skills and courtesy, which makes the experience even more disappointing.

I have raised these concerns with the manager multiple times, yet nothing seems to improve. As this has happened repeatedly, I felt it was important to share my feedback here.

Please take this seriously and work on improving your service, as you risk losing many loyal customers. | Okay so the nice looking pub area is not for non-drinking dining people. We had to go to a separate place that had the atmosphere of a prison cell lol.

The staff is amazing and I wish I could've given a higher tip. One of the servers (curly hair I don't know the name) was so friendly and such a lovely guy my girlfriend and I didn't leave the restaurant because we didn't want to hurt his feelings.

Atmosphere is sub-par. Like it's ungodly. Food is.. 3.2/5 for me but edible and it didn't give us stomachaches.
The best part about this restaurant is that it's Sri Lankan. I'm proud of this place. For the amount of food we had, at any other place the price would've been in the 6000s and 7000s but we only paid 3500+ the tip.

Please please go to this place. It's amazing for a night out but maybe not for families or couples. But if you're a bunch of friends who drink, my goodness this is a gold mine.
Will definitely visit again because it's so pocket friendly and all Sri Lankan.",3.4,2026-05-02T08:06:56.971627+00:00
ChIJ57OLuQFb4joRlfrthigOHvU,Red Balloon Family Restaurant - Dehiwala,"205 Allen Ave, Dehiwala-Mount Lavinia 10350, Sri Lanka",6.8517807,79.87214569999999,4.0,572.0,2.0,60.7,"establishment, food, point_of_interest, restaurant",0112 714 009,https://www.facebook.com/RedballoonRestaurant/,True,5,"Very friendly staff and quick service. We ordered takeaway only, and the order was prepared and delivered fast without any delay. The food taste is delicious as well. Really appreciate the efficiency and good service. Highly recommended! | Needed a quick light dinner meal option and decided to try out this place. Ordered a chicken sweet corn soup. The service was extremely timely came in less than 20mns. The taste was good and the way the chicken was added - it was in good piece chunks unlike some places that shred it so much that one hardly can differentiate the egg and the chicken. Quantity the large was served in a 1 lit tub meant to serve 4 (250ml /per serving) But the single was a bit more quantity.  Reasonable price and flavoursome. | Ordered takeaway from Red Balloon and was really impressed. The food was hot, fresh, and packed perfectly.  The staff was friendly and the pickup was quick. Definitely a go-to for takeaway in Dehiwala! | I’ve ordered food from Red Balloon several times and it’s always been excellent. Tasty food, generous portions, and fast delivery. Highly recommend! | Today I order 1 samba set menu and 1 Basmathi rice was not boiled properly and also fish was spoiled. I informed Dehiwala brunch but they were saying too many excuses.",4.0,2026-05-02T08:06:56.971627+00:00
ChIJPZBgGwBb4joRWv_BlIpT2uY,Open Kitchen Hotel & Bakery - Nugegoda,"17 Stanley Tilakaratne Mawatha, Nugegoda, Sri Lanka",6.8716,79.8895122,1.0,3.0,,17.8,"establishment, food, point_of_interest, restaurant",,,,3,"One of the worst places to have food. Had a chicken biriyani for 850/- and it was a complete waste of money. Not worth at all. Had an expired gravy with a very bad smell. No customer service at all. Never go to this hell ! | Bad Customer service. No money return. Bad foods for stomach ( kottu > expired
ingredients). | Bad place ,  bad foods dont go",1.0,2026-05-02T08:06:56.971627+00:00
ChIJ9Z4nSU9b4joR-5DtWDchk_A,Velvet Bean Cafe & Restaurant,"21 Old Kesbewa Rd, Nugegoda 10250, Sri Lanka",6.873182799999999,79.8918278,4.7,15.0,,26.5,"establishment, food, point_of_interest, restaurant",077 257 2112,,True,5,"Very tasty rice and curry without preservatives. Ate all the food 🤩.
Staff keeps the place clean. | we had a Very Delicious lunch. Highly recommended. Excellent customer service | I ordered chicken fried rice but was very disappointed. There was almost no actual chicken in the dish—only bones with barely any meat on them. The rice itself was fine, but the lack of proper chicken ruined the meal. Definitely not worth the price, and I wouldn’t recommend it unless they improve the quality and serve proper chicken pieces | Delicious food and very reasonable prices! Highly recommended for anyone looking for a great meal on a budget. The service was also excellent. | Recently ordered a BBQ chicken with parata for takeaway. The chicken was delicious, juicy and well-marinated, with fresh dips and salads on the side. Great value for money and very friendly staff. Everything tasted fresh & Will definitely be back… ❤️",4.2,2026-05-02T08:06:56.971627+00:00
ChIJS0GViBBb4joRcAPO4aJAnl8,Boat Haus Cafe,"37 Beach Rd, Dehiwala-Mount Lavinia 10350, Sri Lanka",6.8421886,79.8627181,3.8,300.0,2.0,49.2,"establishment, food, point_of_interest, restaurant",0112 724 692,https://www.zomato.com/colombo/boat-haus-cafe-mount-lavinia-colombo/info#tab,True,5,"""AVOID THIS PLACE ""Boat haus cafe going down day by day . Portions are getting smaller day by day., no value for money at all.  They have the smallest portion of hot butter cuttlefish in colombo now which they serve on a side plate. And it was horrible too, oily and soggy. Used to love this place. Never going again. tiny portions of horrible food, not generous, not worthy. And the waiter got pissed off when i asked what's going on with your food since of late. | Good place to enjoy some good quality time along with delicious food. The staff is really friendly. Not much crowded as well. | Service is very good. I liked their food also. Lunch time little quiet. Families and couples were there for lunch. BYOB available. Can recommend this place! | I went to eat and the restaurant was very good, gave me two free drinks. Thai food was very good, som tam is the best. The beach should go before evening. | Perfect spot by the beach to enjoy a delicious meal while watching the sunset. The view was stunning, food was great and the atmosphere was so relaxing. Loved the place!",4.2,2026-05-02T08:06:56.971627+00:00
ChIJS2rrrwdb4joRMwT9tanpR9Y,Domino's Pizza - Dehiwala-Mount Lavinia,"164 Galle Rd, Dehiwala-Mount Lavinia 10350, Sri Lanka",6.8541833,79.8654653,3.9,1843.0,2.0,71.0,"establishment, food, meal_delivery, meal_takeaway, point_of_interest, restaurant",0117 777 892,https://m.dominoslk.com/jfl-discovery-ui/en/web/home/66773?utm_source=GBP&utm_medium=Maps&utm_campaign=Store_website,True,5,"I am writing this with great disappointment and frustration after receiving one of the worst food experiences I have ever had from Domino’s Pizza Hokandara outlet.
I have always trusted Domino’s for quality, consistency, and care. But the order I received today was completely unacceptable and far below the standards your brand promises. As you can clearly see in the attached image, the pizza arrived in an extremely messy, melted, and unpresentable condition. The cheese had spilled everywhere, the toppings were displaced, and the entire meal was a disaster. It honestly looked unfit to eat.
I ordered this meal expecting comfort, quality, and value for money. Instead, I received something that made me feel disrespected as a loyal customer. It is painful to think that a brand I trusted for years could deliver food in such a careless manner.
This is not just a small mistake this reflects directly on the training, management, and quality control of the Hokandara outlet. If this is the standard being allowed, I fear many customers will lose confidence in Domino’s. Incidents like this can seriously damage the reputation and long-term sales of a global brand.
I am not writing this to ask for compensation, but to ask that you take this situation seriously. Please investigate the Hokandara outlet, ensure proper quality checks, train the staff, and prevent such disappointing experiences from happening to any other customer.
I sincerely hope Domino’s will value this feedback and take immediate corrective action. I want to believe that the brand I’ve always loved still cares about its customers.
Thank you for your attention.
Sincerely,
A deeply disappointed customer | Today we decided to try the square pizza to celebrate my son (Student Council President). They had not done the topping well, however overall it was good.
Even though I had a 40% offer at Domino's they didn't give the discount for this pizza and I wonder why. They should at least added some extra topping 😁 | Their service, both in pizza quality and delivery, is exceptional whenever they have few customers, and they always uphold their 30 minute promise, which sets them apart from other fast food chains. However, whenever they are busy, they tend to not care about the customers or the orders, and it always ends up being messy, including today. Today’s order was messy and looked inedible. They do not update the delivery tracking no matter how much time passes, and the 30 minute delivery promise is ignored as well. When a promise is clearly stated, customers naturally expect it to be upheld, regardless of how busy the restaurant is. I really hate this treatment and end up not ordering anything until I forget about it. They should just remove the 30 minute promise from the receipts if they are going to be late anyway. Not removing it means they are committing to it, and this is the third time this has happened. I hope this issue is addressed properly, and I would appreciate a response or an appropriate reimbursement for today’s order. | ⭐⭐⭐⭐⭐
Excellent Service at Domino’s Dehiwala

Honestly speaking, my wife and I visited the Domino’s Pizza outlet in Dehiwala and ordered their latest Cheese Volcano Nai Miris pizza along with two Pepsi bottles. The overall experience was very pleasant.

The staff was friendly, but I would like to specially highlight Supun Botheju. He explained the ingredients very clearly, handled our order professionally, and arranged everything perfectly. He is a very pleasant, polite, and gentle person who handles customers extremely well at the Dehiwala branch.

We noticed that he works very efficiently and neatly, and our order was prepared quickly and smoothly. We were very hungry at that moment, and his fast service really meant a lot to us.

Domino’s management, please take note of this employee. Protect and appreciate him—he is a valuable asset who can help your company grow step by step.

Thank you, Supun Botheju, for your friendly and impressive customer service.
You are truly one of the best at the Domino’s Dehiwala branch 👏🍕 | Had an amazing experience at Domino’s Pizza - Dehiwala! 🍕 The pizza was super tasty and fresh, with the perfect balance of flavors and a delicious crust. The service was quick and friendly, making the whole experience even better.

The ambiance is also really nice—great background for photos 📸, which adds to the fun of dining here. Whether you're grabbing a quick bite or hanging out with friends, this place is definitely worth visiting. Highly recommended! 👍🔥",3.4,2026-05-02T08:06:56.971627+00:00
ChIJfUFoN2VZ4joRjhTPXTDzDxE,Autarch,"No: 12 Ground Floor, Former Dutch Hospital Shopping Precinct, Colombo 00100, Sri Lanka",6.933855299999999,79.84379849999999,4.4,188.0,,50.9,"establishment, food, point_of_interest, restaurant",0112 334 888,,True,5,"This place is just absolutely brilliant, we came here at the start of our trip about 10 days ago.

We had not planned on coming back to Colombo but since changed our trip to ensure we were here for the last night before we fly home just so we could visit this place.

This restaurant has by far been the best food we have had while in Sri Lanka, the owners are doing gods work for running this place for all of us.

We even decided to stay at a hotel only a couple minutes walk from the restaurant so we might even go for lunch tomorrow too!

We opted for the same Thai red curry and Pad Kee Mao as last time however, with the additions of chicken spring rolls and chicken drumsticks. They both were delicious!

The chef deserves a lot of credit for the great food they make in this place. I will now recommend this place to all my family and friends who visit Sri Lanka in the future.

The owners are very kind and personable, and for sure know how to run a great restaurant! | Autarch Restaurant is a great spot for delicious and affordable fast food.

The staff is very friendly and welcoming, making the dining experience even better. Overall, it’s definitely worth the money, offering quality foods at reasonable prices. Highly recommended for sushi lovers! | This place serves both Thai and Japanese food. We tried a Thai soup and a miso soup, and we fell in love with their tamagoyaki (ordered it twice!). The wasabi paste served with the tamagoyaki was incredibly fresh and flavourful. We also tried a lemongrass drink, and I appreciate that they also serve it without sugar. Furthermore, the AC was just the right temperature and not freezing cold as many other places in Colombo. I would definitely recommend the place! | 9,900 Sri Lankan meal: too expensive with not fresh food. Fried rice with seafood left for too long has a bad smell. Japanese miso soup is too salty - so disgusting. The chef just said sorry and then laughed and left. The food was terrible and disgusting like the staff in the store - no customers staff sleeping in the kitchen 🤣🤣🤣never come again | They make the most delicious tom yum in Sri Lanka here!
Cozy place, friendly staff.
I returned to this place again and again whenever I visited Colombo.
Highly recommended!",4.2,2026-05-02T08:06:56.971627+00:00
ChIJVaciaBFZ4joRdiik8tJHmq4,Kamuda Bun,"P-22 Lesley Ranagala Mawatha, Colombo 00800, Sri Lanka",6.9180005,79.87820669999999,4.2,6.0,,28.7,"establishment, food, point_of_interest, restaurant",071 071 9555,,,5,Good price with fine foods.. | Yummy testy food. Thank you kamuda achcharu restaurant... | great services🖒 and excellent foods👌 | No taste and too spicy | The best bun shop I've ever eaten at🤟🤙🤙,4.2,2026-05-02T08:06:56.971627+00:00
ChIJiycCyW5Z4joRPUMM8ENB9vY,Sponge,"347 Galle Rd, Colombo 00300, Sri Lanka",6.905242599999999,79.85181140000002,4.2,1448.0,3.0,59.3,"bakery, cafe, establishment, food, meal_delivery, point_of_interest, restaurant, store",0112 573 321,https://www.sponge.lk/,True,5,"I ordered the Mix Fruit Gateaux for my mother's birthday lunch and it was fantastic! Our party finished the whole thing in the one sitting and we all thoroughly enjoyed it. The delivery was flawless. | The food was fine and the cheesecake was okay—not very good, not bad. An average place for a casual visit. | I purchased today a cake for a babie's birthday and asked the saleswoman ,whether the cake is fresh, she confirmed it's very fresh and I happily purchased it. It was very disappointing when I took the cake out of the box in the evening today before cutting it and saw it's getting expired tomorrow. You can see on the picture the crust is broken that side even. I felt extremely uncomfortable and unsafe to give kids this cake to eat and they were all sitting and waiting for this cake. Very sad. | Delicious savories and coffee and the service is top notch! The interior of the shop is spacious, well maintained and has a lovely atmosphere. Although prices of the items are at the higher end, whenever you go there, the place is buzzing with customers, which speaks volumes of the quality of their products and service. | Everytime I visit Colombo, a trip to the Sponge is a mandatory activity. My children absolutely love the variety of pastries and cakes and the quality is par excellence.

I love their hot coffee, iced coffee, and the biggest fan of their rolls, cutlets, chicken pastries and pies, and ofcourse their savoury eclairs. While the prices are a bit higher than other well known bakeries in Colombo, the service and product quality are fully  worth it.

I can't wait to come back soon :)",4.2,2026-05-02T08:06:56.971627+00:00
ChIJZZAbJ21Z4joRuaIUFllimdE,Sen-Saal Hyde Park,"2, 366 Hyde Park Corner, Colombo 00200, Sri Lanka",6.9187561,79.86070939999999,3.5,1717.0,2.0,60.5,"bakery, establishment, food, point_of_interest, restaurant, store",077 227 7683,http://sensaal.com/,True,5,"I ordered milk tea here, but the cup was very dirty and not cleaned properly. They also gave a separate cup for sugar, and that was dirty too. This is very disappointing because customers pay for clean and hygienic service. Unfortunately, my experience was very bad. I would not recommend this place to anyone. | Sensal near OUSL, I went there after sometimes with my kid, they dnt know how to serve a cappuccino, coffee filled all over the cup and plate, I doubt the coffee made with the correct way and taste like plastic, I guess there is a problem in the machine, too bad! They dnt even care the guest! I ddnt complain! But they should learn, we ddnt enjoy the coffee anyways, my son complained me why Iddnt go barista! 😔😔😔 | Went to eat kottu with friends to hyde park sensaal, and felt eew once after the first bite itself. Ordered 1 cheese kottu and 2 chicken masala kottu. Cheese kottu was like very old , and fungus smelly and bad tasty. Also the chicken kottu was really bad , was very oily, (guessing whether they used the oil which was used to fry pastries). Tbh personally suggesting not to try kottu or something related here. Had a very bad experience which never have had anywhere. Worst customer service as well. :(( | Food was bad. Ordered a fish fried rice. They gave me chicken one. Staff don’t even know the portion sizes. Can’t communicate with them properly. Food portion was so small. | Looks greate !
But it was 3.30 pm and this one is from set menu, Im really not satisfied with the taste !
( friend got a egg fried rice and it was good, but not from the set menu)
Service is not satisfied. Still plates are infront of me after 30mins 😂",1.2,2026-05-02T08:06:56.971627+00:00
ChIJC6Ra48Fb4joRa0UG11da85Y,Burger Court,"189 Galle Rd, Dehiwala-Mount Lavinia, Sri Lanka",6.8533064,79.8659832,5.0,1.0,,16.9,"establishment, food, point_of_interest, restaurant",076 715 2014,,,1,,5.0,2026-05-02T08:06:56.971627+00:00
ChIJM4V_9rBb4joRoKEdHIiElWA,USTADI,"29 Canal Ln, Colombo 00600, Sri Lanka",6.869696999999999,79.8649825,3.2,27.0,,34.5,"establishment, food, meal_takeaway, point_of_interest, restaurant",077 777 9026,https://wa.me/c/94777779026,,5,"It was an awful experience. We ordered their mix platter which was advertised as a portion with 1kg worth of meat, but it was misleading. Their chicken kebab wasn't boneless, their beef kebab was so dry and there were two large pieces of bones with little to no meat. Their excuse for this was because they have limited access to meat, which I think is stupid. Their kitchen wasn't hygienic as well. Not recommended at all. | The food was inedible!
The food smelled (rotten rather) so bad we were sure they were days old. It looked so bad we were sure if we have had more than a taste all of us will be guaranteed a hospital admission over food poisoning. | I just ordered an hour ago through Uber Eats and my order arrived full of live ants inside the packaging and inside the food, I don't know how you miss such a thing when you're packaging food. They were contaminating the entire Chicken Shishlik. | mixed experience, their haleem is great and their grilled meats are usually good

their pot roasted beef sandwich is terrible and their shawarma worse

the shawarma tasted of onions. . .and onions, idk when shawarma became a salad and with a side of meat

the pot roasted beef was roasted. . .in a pot. . .for 5 mins, probably. . .because it ended up as tough as a tyre, and somehow the bread was even tougher- im not exaggerating, eating it was a workout | Taste is ok ..price is  ok and portion for some items are crazy for money as its unfair but its good. No dine in but its good so far to take out and delivery.",2.0,2026-05-02T08:06:56.971627+00:00
ChIJu00Vm11Z4joR_Kne_6Wly7c,The Fab - Colpetty,"474 Galle Rd, Colombo 00300, Sri Lanka",6.904388000000001,79.8517516,4.2,2079.0,2.0,60.8,"cafe, establishment, food, point_of_interest, restaurant",074 391 4522,http://www.thefab.lk/,True,5,"Tried their sandwich and fish roll, and the food was amazing. The sandwich was fresh, well-filled, and very tasty, while the fish roll was perfectly crispy with great flavor. You can really feel the quality and freshness in every bite.

The environment is calm and peaceful, making it a nice place to relax and enjoy a coffee. The Colpetty location is convenient, and the seating area feels comfortable and clean perfect for a short break or casual meet-up. | Found worm in my food it was absolutely disguisting. Ive went to many country in my life, south east asian, south asian, east asia And in my 25 y of life ive seen moving worm here
Not to mention, such a slow service. Thankfully they do refund my money so not all bad. But i wish they scan their food for hygiene | Food and the atmosphere is 5 stars. The place is relaxing, and calm, clean as well. However, I can't say that I am quite happy with the service though. Forget about the smiling at least be friendly. And communicative enough. | I had an unpleasant experience this morning. My fiancé and I visited the Colpetty FAB outlet for a quick snack and purchased a iced coffee drink. Although the printed expiry date was 02/06/2026, the beverages were clearly spoiled, they tasted sour, almost like vinegar. I returned to inform the staff, and the manager offered a replacement drink that were expiring the very next day, which I found quite ironic. I declined the offer and instead requested a refund, which was provided. It’s truly disappointing to see a place where we once enjoyed our meals turn into such an experience. | I usually visit this place on a weekly basis. It’s a nice and cozy spot where you can buy cakes and savory items. What makes this FAB location unique is that it offers an à la carte menu, which I’ve never seen at other branches. You can always enjoy a freshly brewed cup of Italian coffee here.

Their menu is extensive, featuring rice, pasta, spaghetti, sandwiches, lasagna, and more. The food is consistently delicious, and the caramel latte is especially good.

Once, I celebrated my birthday here with a small surprise party. My friends mentioned that the staff were incredibly supportive and helped make it a memorable experience.

The seating area is divided into three sections, providing plenty of options to suit your preference. This has become my go-to place for breakfast in Colombo because I love a rich, hearty breakfast. Whether you’re dining alone, with a partner, or with friends, it’s a great place to enjoy a meal and have a nice conversation.",3.4,2026-05-02T08:06:56.971627+00:00
ChIJaSWomwFa4joRS7-E0ImKhK8,Ginza Hohsen,"Ginza Hohsen, 64 Lotus Rd, Colombo 00100, Sri Lanka",6.931909300000001,79.84239869999999,4.4,513.0,3.0,51.0,"establishment, food, point_of_interest, restaurant",0112 441 588,http://www.ginzahohsen.com/,True,5,"An absolutely lovely meal. Loved today’s Teppanyaki meal. Every single dish was done to perfection. The chef understood our palate after the first two courses and customised the taste to our expectations.

Thank you, Sujith and Ajith. I would certainly return again to have your Teppanyaki. | A pretty decent Japanese restaurant located in the heart of Fort and just a stone toss from Port City. Love the Japanese decor with paintings and calligraphy. Highly recommend the Hawaiian Maki. | Had a wonderful meal at Ginza Hohsen, staff were professional, great customer service and the food was delicious! Would definitely return for a high quality Japanese meal in Colombo! | It was our first time visiting this place, and we’ll definitely be coming back to try more! Next time, we’ll choose a private room, as the group behind us was a bit too loud. After a long drive, it was too much for us. if we were in Japan, they would’ve definitely been asked to keep it down.

Otherwise, it’s a peaceful spot with quick service, perfect for families — and the food was absolutely delicious! | Ginza Hohsen is a good Japanese restaurant located in a prime spot in Colombo. Nice place to enjoy authentic flavors",5.0,2026-05-02T08:06:56.971627+00:00
ChIJ4SkbNCBZ4joR9NDZajoJ5cU,Golden Cafe,"01100, 98 Bankshall St, Colombo 01100, Sri Lanka",6.9381692,79.85089119999999,4.1,415.0,,47.5,"establishment, food, point_of_interest, restaurant",0112 324 712,,True,5,"Delicious food at reasonable price.
Value for money.
More rice options.
Better customer service.
Clean envirnment.
Recommended 👍 | Amazing food, bottomless curry and dessert | Delicious food..
""Lunudehi"" was superb. Had a nice lunch even though it was pure vegetarian. | Amazing vegetarian and vegan curry. Best I have yet tried in Sri Lanka! Each curry had such different flavours. They just keep topping up your plate with rice and curry too. Amazing service. Would come back for sure! | One of the vegetarian hotel in pettah area. Likes plain tea [black tea)at this place.",4.8,2026-05-02T08:06:56.971627+00:00
ChIJKQJYFmta4joRnlFLcRivI-8,Jade Restaurant,"No.238, Kotte Road, Jubilee Post, Sri Jayawardenepura Kotte, Sri Lanka",6.8768296,79.9006764,4.2,716.0,2.0,53.3,"establishment, food, point_of_interest, restaurant",0112 818 181,http://jade.lk/,True,5,"Jade Restaurant serves absolutely awesome food—definitely the best in town! The portions are generous, the prices are reasonable, and the quality is consistently excellent. I especially love their hot butter cuttlefish and fish—both are packed with flavor. Their nasi and fried rice dishes are also really tasty.
I've been coming here for years, and I'm impressed that the taste and quality have never changed. That kind of consistency is rare. Highly recommend this place to anyone looking for a great meal! | Great experience at Jade Restaurant! We had a really nice time here. The food was good and the atmosphere was pleasant, but what stood out the most was the service. Our waiter, Chanada and his team, was extremely friendly, polite, and attentive. He made us feel very welcome and looked after us well throughout the night . Overall, a great experience and we’d definitely come back. Highly recommended! | Decided to visit Jade restaurant with the family as Sampath Bank had an offer for credit cards until the 29th of February 2024. I've been to Jade before so the experience was not new. The food has not changed as it was really delicious as always but one point to remember is that the service has gone down a lot. It took more than one hour for a starter to be served and more than an hour for the main dishes to arrive. I think it might have been due to the Uber orders that they got on that day but they really need to improve on that. Other than that everything was on point and I enjoyed the food. | Jade Restaurant has always been one of my favorite places for a great dining experience. Consistently delicious food, excellent presentation, and a pleasant ambiance that makes every visit special. The service is attentive and welcoming, which adds to the overall experience. Highly recommended for anyone who appreciates quality and authentic flavor. | Taking longer time to serve foods. Food prices are fair. Taste is normal. Service should be improved. It appeared that some customers received more attention than others.",4.4,2026-05-02T08:06:56.971627+00:00
ChIJq_Y8W2dZ4joRLSYEIiK9VZ0,The Sizzle Colombo,"32 Walukarama Rd, Colombo 00300, Sri Lanka",6.9045166,79.8529099,4.3,3174.0,3.0,70.8,"establishment, food, point_of_interest, restaurant",075 688 8777,http://www.thesizzle.lk/,True,5,"Today, I visited Sizzle Colombo and had an overall pleasant experience.
🍛 Food
Chicken Kothu: This was the highlight of the meal — very tasty and well-prepared.
Mongolian Rice: It was average; nothing special compared to expectations.
🏠 Ambience & Facilities
The interior was well-designed and gave a premium feel.
A private dining area is available, which is great for family gatherings or small events.
Children’s chairs were available, making it family-friendly.
👨‍🍳 Service
The staff were friendly, polite, and attentive, which added positively to the experience.
💰 Pricing & Tax
Prices are relatively high, and the tax feels on the higher side as well.
Suitable more for an occasional dine-out rather than regular visits.
⭐ Overall Impression
Sizzle Colombo is a good choice if you’re looking for a comfortable private dining experience with good service and ambience. While the chicken kothu stood out, the Mongolian rice was just average. The higher pricing and taxes are something to keep in mind. | Had a great experience at Sizzle Food Shop! The food was delicious, fresh, and full of flavor, and the overall atmosphere was warm and welcoming.

A special shoutout to Victor, who served us. He was extremely friendly, attentive, and made sure we were comfortable throughout our visit. His service really made the experience even better.

Highly recommend this place, and we’ll definitely be coming back! | Had a wonderful experience with the food and drinks served really quick. The flavor of the grilled chicken with pepper sauce was spot on . The sizzling brownie was a cherry on top. Thank you Nandana for your great service. | Had a wonderful dining experience at this restaurant. The food was delicious, well-prepared, and served fresh. The ambience was pleasant and comfortable, making it a great place to relax and enjoy a meal.

A special mention to Avinash, whose service truly stood out. He was polite, attentive, and ensured everything was taken care of promptly. His friendly attitude and professionalism added a lot to the overall experience.

Highly recommended, and I’ll definitely be visiting again! | Wonderful Lunch Experience at The Sizzle, Colombo

We had a fantastic lunch at The Sizzle Colombo today. The meat was absolutely wonderful — perfectly cooked, flavourful, and clearly high quality. The restaurant environment was comfortable and pleasant, making it a great place to enjoy a relaxed meal.

A special mention to Victor, who provided excellent service. He was friendly, attentive, and very professional, which made our dining experience even better.
Highly recommended for anyone looking for great meat and warm hospitality in Colombo. We will definitely come back!",4.8,2026-05-02T08:06:56.971627+00:00
ChIJmXutKA1Z4joRqzmWfG2HPrU,The Fab - Asiri Central Hospital,"8 Norris Canal Rd, Colombo 01000, Sri Lanka",6.920376699999999,79.86574259999999,4.1,184.0,2.0,42.8,"establishment, food, point_of_interest, restaurant",074 391 4528,http://www.thefab.lk/,True,5,"I bought an iced coffee from The Fab at Asiri Hospital. After buying, I noticed that the expiry date was the same day.

I asked to exchange it, but the staff said all the iced coffees had the same expiry date. Then I asked for a refund. After that, they offered me another iced coffee with an expiry date two days later.

Expiry dates should be clearly checked before selling food or drinks. Customer handling also needs improvement. | One of the favorite places to visit when have no much time. This donut is the tastiest I have ever eaten for this price range. This has become one of my favorite evening snack these days. | Good quality and standards are well maintained. They serve their usual range of bakery items and snacks. Staff is efficient and provides a good service.Very useful for all pheasants, nurses, doctors and Central hospital staff. | 🍽️ 🍰 🥪 sGood food options during Asiri central hospital visit. 🏥
💲 Pricing reasonable ✅
💳 Card payments accepted ✅
💡 Would prefer more healthier food options, given it's in a hospital environment 🍏 | Absolutely terrible service here from the staff. Probably the worst out of all fab outlets. Management should seriously have a look at the service standard here. Staff seem to be in their own world and not bothered enough to actually serve food. Every one is extremely rude and confrontational. They are behaving as if the food is free. Staff here should be reminded that the customers pay their salary.",3.2,2026-05-02T08:06:56.971627+00:00
ChIJ9ZM0NQRb4joR1A2Qf4P3ejk,P&S (Perera & Sons) - Dehiwala,"37, 51 Colombo Main Rd, Dehiwala-Mount Lavinia, Sri Lanka",6.8497486,79.8661068,3.9,263.0,2.0,58.3,"establishment, food, point_of_interest, restaurant",0114 386 651,http://pereraandsons.com/,True,5,"It is awkward experience. I came to dine in at 7.50am and got a blue berry muffin and a asked for a hot chocolate. Response I received was, no hot chocolate. I asked for hot milo instead. No politeness, eagerness. Then at 8 o'clock whilst I have not finished eating,  I asked is it okay if I wait until 8.30am. The old man's face went disappointed and said if customers come, I need to get up. He forgot that I am a customer and there's only me seated with other 6 empty seats ( 3 tables) | Compared to my previous visits the service is nil with the new staff at the branch. They definitely need to treat customers faster and also with some customer care. Sometimes makes me wonder whether they are paying for my food or I am paying. | Not satisfied with this p&s Outlet. Most of the time they are running out of food. At most evenings only 2-3 types of shorteats are available. Cakes are still the same quality as other outlets. | Good place for eat. Its right near to dehiwala church. Foods are very great. Staff is responsible | Disrespectful towards customers. I don't want to go this place again.",2.2,2026-05-02T08:06:56.971627+00:00
ChIJwYfouBtb4joR5LbDyaCqhSE,Casserole Restaurant,"RVR8+QR4, A2, Dehiwala-Mount Lavinia, Sri Lanka",6.841896699999999,79.8670834,4.3,1075.0,2.0,59.2,"establishment, food, point_of_interest, restaurant",0112 733 333,https://casserole.lk/,True,5,"Horrible experience, manager was an indecent man. And the food wasn’t worth for the price. On top of it I ordered a beef kankun portion which had just 6 thin sliced piece of beef. This is all the beef you get for LKR 2000. And the manager has 0 respect talking to customers. Absolutely horrible experience spending over 10K for lunch. Utterly disgusting and disappointed. | Decent place for dinner. Great Atmosphere.  calm and quiet. Service good. Waiting time for foods reasonable. Foods are tasty and satisfied.
Mix fried rice and sea food fried rice are great and less oil. Nasiguarang is tasty but a  heavy meal  for adults. Kidz and teens are so happy with it .Fresh juices are good but  little expensive. Bone less Deviled chicken dish is tasty but chicken potion to be more | Great Food!!  Casserole Chinese Restaurant in Mount Lavinia is truly a hidden gem. The food here is simply amazing. Every dish tastes so authentic and fresh My friends and I have been coming here for years, and the quality has always been exceptional. We absolutely love their hot butter cuttlefish. It's the best in town! The service is always fast and friendly, which makes our dining experience even better. If you're looking for great Chinese food, this is the place. You won't be disappointed! We always come back because we know we'll get a fantastic meal and a great time. | I’m disappointed with my recent visit.  I bought lump rice from down for my wife and plane have my lunch with my elderly father but they refuse for my wife to have have the lunch because of the price deferent  an i said ill pay the price deferent the restaurant manager made me feel very uncomfortable. The attitude and way of speaking were unprofessional and unwelcoming. As a customer, I expect respect and basic courtesy. Sadly, this experience ruined what could have been a pleasant visit. I hope the management improves their customer service in the future. | I recently visited Casserole Restaurant in Dehiwala-Mount Lavinia and I loved the atmosphere there.
The menu clearly indicates the food portion sizes, which helps the customers.
While the service could use some improvements at times, overall it was good.
I would visit the place again and would also recommend it to others.",3.2,2026-05-02T08:06:56.971627+00:00
ChIJm7yMi7lb4joRB69LEBnZ2-E,The Royal Bakery,"202 Galle Rd, Colombo, Sri Lanka",6.872340599999999,79.8616098,4.0,3591.0,1.0,76.7,"bakery, establishment, food, point_of_interest, restaurant, store",0112 500 991,http://www.theroyalbakery.com/,True,5,"We ordered food for our staff and found hair on the food . I was there when they were preparing food . They don’t wear hat apron or any hygiene procedures. Being a very good bakery hope maintain good procedures. | I used to go to this bakery when I was living in Wellawatte, before moving to England. I used to wake up early in the morning, go to the front of the bakery and stand in the line to buy the freshly prepared bread.  Breads 🍞 were brought to the selling area straight from the ovens and they were still warm.

My mother used to make fresh coconut symbol before I reach home. The taste that I had by having the Royal Bakery bread and my mother's coconut sambol was exceptionally good tasty. My mother's sambol was always the same. I tried my mother's coconut sambol with different bakery breads. But those bakery breads hadn't provided the exceptionally good taste that the Royal Bakery bread provided.

Even though the restaurant is owned by Singhalese people, the cashiers, the sons of the Bakery founder talked fluent Tamil language. Therefore Tamils hadn't faced language barriers. Apart from the sons of the founder spoke Tamil language, they had recruited Tamil speaking staffs.

Apart from breads, all other foods are still freshly prepared and very tasty. All the staffs are very polite, friendly and helpful. The taste  and quality of the foods haven't gone down. They remain the same. | I live in London and I order food quite often from the Royal Bakery for various occasions . Ranjana provides an exceptional service all the time. With even a very short notice i WhatsApp my order to Ranjana and make an online payment . She then carefully gets my order ready and delivered on time. She is a great asset to the Royal bakery and I’m very satisfied with excellent customer service she provides all the time. The food is very reasonably priced and hygiene is great. Once again thank you very much Ranjana for your great service. | This bakery contains lots of varieties of fast bakery foods for a reasonable price. Staff is very quick in delivering what we need. There are different varieties of bun types, cakes, and dessert types. Most of all their foods are fastly moving and since then anyone can get freshly baked items. | Had chicken biriyani,fried rice with prawn & day special( mixed fried rice, brinjal moju & fried chicken) food is tasty & reasonable.try there chicken biriyani.

Chicken biriyani Rs 550
Fried rice with prawns Rs 550
Days special Rs 550

16.11.24
Had chicken biriyani today. This is the best place to have budget friendly biriyani in town. its comes with fried chicken, boiled egg,raita & mint sambol. Biriyani has authentic taste and delicious.",3.8,2026-05-02T08:06:56.971627+00:00
ChIJV1HLlkVa4joRIVpr61I1Ydc,The Fab - Nugegoda,"The Fab, 155 High Level Rd, Nugegoda, Sri Lanka",6.8708484,79.88676509999999,3.8,600.0,2.0,59.1,"bakery, cafe, establishment, food, point_of_interest, restaurant, store",074 391 4516,http://www.thefab.lk/,True,5,"I recently visited the Fab outlet in Nugegoda to grab a cake, and it turned out to be a pleasant experience. This isn’t an outlet I visit often, so I can’t really comment on their overall consistency, but on this occasion everything was quite good. The cake I bought was delicious, and the short eats I tried were also not bad. The place wasn’t very crowded, which made the service quite efficient and smooth. Overall, a nice experience at this branch of Fab! | I noticed that many of the cakes available were very close to their expiry date. This is quite disappointing and raises concerns about product freshness and quality.
Additionally, the website clearly advertised a promotional offer, but the Nugegoda branch did not honor this offer at the time of purchase. This inconsistency between the website and the branch is inconvenient and misleading for customers.
I request that you look into these issues and ensure better quality control and proper communication of promotions across all branches. | I ordered milk rice & many other food items for my office new year celebrations from Fab Nugegoda. The order was seamlessly handled by Manager Madhawa via e-mail which was very convenient as traveling back & forth is a hassle on weekdays. He promptly responded to all my queries & ensured the order was confirmed within 2-3 days.

Food was neatly packed & ready on time around 7am on the 1st of Jan. All food items were excellent especially the milk rice, seeni sambol, fish ambulthiyal, kevum & kokis. Everyone praised the quality of the food. I'm very happy that I decided to source all the food items from Fab (including bananas). The prices are reasonable as well. | Had a wonderful first experience with FAB Nugegoda for my order of Rs. 257,000 on 25/12/2025. Thuwan’s service was truly exceptional — very supportive, patient, and professional. He made the entire process smooth and stress-free. Highly recommended! | No tea drinks were loaded with sugar no order or discipline! Payment line, Que does not exist, people jump all over…,. The last come gets served first !!! The cashier encourages chaotic and unruly culture!! When questioned the employees act surprise. Poor training and management !!!
Koswaththa and Galle road Bambalapitiya -Collupitiya are much better managed !!",4.2,2026-05-02T08:06:56.971627+00:00
ChIJFepUOiRZ4joRhosM9e9aeMw,Pillawoos Hotel,"Chatham St, Colombo, Sri Lanka",6.9342709,79.844535,3.8,1077.0,2.0,55.2,"establishment, food, point_of_interest, restaurant",0112 399 980,,True,5,"I visited here a few times as recommend by by hotel around the corner. First impressions are a bit low but it's a locals restaurant with local food at local prices.
My first visit was late evening around 9 pm. Service was a little slow but it's because after a few visits it's a self serve, not table service so it was good someone served me at the table at all. I ordered a Dolphin chicken Kottu and was very disappointed as the chicken contained lots of bones. Kottu should have no bones at all so I'm not sure what happened. Other than the bones, the Kottu was actually nice.
I returned for breakfast and had a selection of pastries and 2 cups of milk tea. The milk tea is wonderful. It's so tasty and I highly recommend going here for the milk tea alone. My for pastries ( viyana roll, wade, ada and pol cake) and 2 milk teas cost just 550 lkr (£1.35) which is such a good price. The pastries were filling and I took two away with me.
I returned for dinner, was familiar with how to order now and went straight to the counter and ordered a vegetable Kottu and was asked how spicy I'd like it. It was delicious and such a large portion I could not finish it. It cost me 400lkr (98p).
I returned again for breakfast, by now the staff knew me, waved and said hello. I ordered at the counter again and had pastries and milk tea. I had a short conversation with a local office worker who sat at my table and had some kind of curry for breakfast and I had a chat with the man who makes the milk tea.
This is a great place to eat and to get a real feel of proper Sri Lanka cafe life. Just sitting, drinking milk tea and watching and talking to the locals is great.
I was concerned initially about hygiene as I have a very sensitive stomach when it comes to eating but in my 4 visits here I did not have any problems at all.
Please visit here and experience real Sri Lanka for yourself. | Quite good restaurant, taste is acceptable, price is cheap, we order, chicken KUttU and Chicken fried rice, both dishes quite good , self service, cleanliness must be improved | Extremely helpful and friendly staff.
Mainly locals.
Extremely tasty. Fresh pineapple juice, asked if we wanted sugar which was great.
Fair price, clean. | Nice employees, very local and extremely tasty. Very good experience if you want to eat like the locals | It’s very authentic, Sri Lanka food place it says its hotels, but restaurant local people try to have breakfast there very popular and the food is really amazing

Staffs are kind but busy. Also mot many foreigners",4.2,2026-05-02T08:06:56.971627+00:00
ChIJieXFykJZ4joRhUabdCU8Ri4,Burger King Colombo 03,"283 Galle Rd, Colombo 00300, Sri Lanka",6.9089347,79.85058649999999,4.1,3019.0,2.0,66.4,"establishment, food, point_of_interest, restaurant",0115 123 123,http://burgerking.lk/,True,5,"ahh, I had to place 3 star, because I've ordered 4 burgers and 2 of them with extra additives, paid for that but nothing was added :( staff must be more attentive! | Omg please get rid of that Apple pie. It tastes like sweet isso wadei. And I got a very strong taste of coconut oil!!! Disgusting.i went there in nostalgia of the apple pie from Mc Donald's. Very disappointed.

For 650 rupees it was not at all worth it. 2 bites and it's over. It's smaller than a 70 rupee Chinese roll. | I’ve been a regular customer of Burger King, often ordering in, but the quality has dropped drastically over the past few months. The Whopper, which used to be my favorite, now arrives with barely any salad or onions—just bits of cabbage and some mayo. On one occasion, the patty was completely burnt, and recently, my husband’s fish burger was partially raw—this has happened more than once. It’s incredibly disappointing, especially since Burger King is one of the only fast food burger chains left in Sri Lanka. It feels like customers are being taken for granted simply because there are fewer options. Burger King is known for its quality worldwide, but the Sri Lankan branch is sadly not living up to that standard. | Had an amazing experience at Burger King Kollupitiya! The food was fresh, tasty, and served quickly. Special thanks to Nethmi for her outstanding service — she was super friendly, attentive, and made sure everything was perfect. Great customer service like hers really makes the visit enjoyable. Definitely coming back again! 🍔👏 | I had a great experience during my visit. Special thanks to Nethmi at the cashier counter — she was very friendly, efficient, and made the billing process smooth and pleasant. Her positive attitude really stood out. Great job!""",3.6,2026-05-02T08:06:56.971627+00:00
ChIJxRpComBZ4joRqM20-U5fPx0,Ivy Lane Colombo Hotel,"538 Galle Rd, Colombo 00300, Sri Lanka",6.902298999999999,79.852514,4.0,733.0,,58.5,"establishment, food, lodging, point_of_interest, restaurant",0112 575 733,https://hotels.cloudbeds.com/reservation/dJwGTM,True,5,"I had a wonderful stay at the hotel! The overall experience was very good — the rooms were comfortable and everything was well maintained. The front office staff were especially helpful and friendly. A special mention to Randi from the front office, who was very kind and provided excellent service throughout my stay. Thank you for making my visit pleasant and memorable! 😊 | I had an extremely disappointing and stressful experience at Ivy Lane Colombo. The property is completely misleading and does not match what is shown in the images online.
The room provided was entirely different from the pictures advertised. Instead of a proper room, we were given a loft-style space and told it was a “room,” which is unacceptable and deceptive.
When we raised our concerns and asked to speak to the manager, we were told he was not available on the premises. We were then made to wait for several hours just to speak with him.
When the manager finally interacted with us, his behavior was rude, unprofessional, and threatening. As a group of girls, we felt extremely uncomfortable when he stated that no refund would be given under any circumstances, instead of addressing our legitimate concerns.
Because of this unacceptable situation, we were forced to shift to a nearby hotel, incurring additional and unexpected expenses, all while being in a completely new country. This added significant stress and anxiety to what should have been a safe and comfortable stay.
Overall, this property lacks honesty, professionalism, and basic respect for guests. I would strongly not recommend Ivy Lane Colombo, especially to women travelers. Please do not trust the images shown online—what you receive is far from what is advertised.
A truly terrible experience. | Everything was fine until checkout, when the receptionist accused us of cracking a glass shampoo bottle that was already damaged. Another receptionist had previously acknowledged the crack. One staff member kept insisting in Tamil that we had caused it, while the other staff members apologized on her behalf after confirming the damage was already there. | Lovely place. Very friendly staff and easy checkin/out. Water in the room. Good aircon and spacious balconies. Bed is very comfy. | Sheets are not clean. The floor was sticky.
The bedsheets had stains in them. No kettle(hot water) available in the rooms. Have to walk to the reception to get hot water. The condensation from the A/C was dropping inside the room. The elivators had a moldy smell. It is very overpriced for the experience",3.2,2026-05-02T08:06:56.971627+00:00
ChIJhfsZ82tZ4joRcCgQ_cyMuAQ,Global Towers Hotel & Apartments,"Global Towers Building, 11 Marine Dr, Colombo 00600, Sri Lanka",6.8775404,79.8572082,3.9,2157.0,,67.1,"establishment, food, lodging, point_of_interest, restaurant",0112 591 000,,True,5,"I recently stayed at this hotel, and unfortunately, it was a deeply disappointing experience from start to finish. I would not recommend this property to others for the following reasons:

Unprofessional Reception: Upon arrival, the receptionist was incredibly impolite. We were treated as if we were staying there for free rather than as paying guests. Her dismissive attitude made us feel unwelcome and uncomfortable from the moment we walked in.

Safety and Security: We were unable to lock our room door from the outside. This is a basic security requirement that the hotel failed to meet, leaving us feeling uneasy about the safety of our belongings.

Substandard Dining & Hygiene: The food quality was poor—specifically, the meals were very dry and unappetizing. More concerning, however, was the state of the cutlery and plates. The cutlery had a noticeable odor and was not properly cleaned, while the plates were covered in dust and visible fingerprints.

For the price paid, I expected at least a basic level of cleanliness and professional courtesy. The lack of hygiene and the poor attitude of the staff are major red flags. I hope management takes these concerns seriously and addresses the training of their front-of-house staff and kitchen protocols. | My stay at the hotel was truly pleasant. The room was comfortable, the staff were warm and welcoming, and the location was excellent. I had mistakenly booked the wrong dates for my stay, but Mr. Amila went above and beyond by promptly coordinating with Agoda and ensuring my booking was amended to the correct dates without any inconvenience to me. His professionalism and dedication made the entire experience smooth and stress-free.

A big appreciation to Mr. Amila from the booking & reservations team for his outstanding service. | Very disappointed with my experience at this hotel. The staff member I dealt with did not know how to speak to customers properly and was extremely aggressive in their tone. Hospitality should be about respect and professionalism, but unfortunately that was completely missing. | Nice hotel for stay in Srilanka. Neat & clean. Nice view from rooms, near sea shore. We all members enjoyed very much. 👌👍🙏 | Nice Hotel to Stay in Colombo, Srilanka. We all with our 70 members group enjoyed here for two days & two nights. All is well.",3.0,2026-05-02T08:06:56.971627+00:00
ChIJdzicMiRZ4joRwzxzyOpfTOc,Red Snapper,"WRMV+Q9X, Lower Chatham St, Colombo, Sri Lanka",6.934487600000001,79.8434872,3.2,5.0,,17.6,"establishment, food, point_of_interest, restaurant",071 892 9305,,True,5,"Great food , great service. Club next to the family restaurant. Even you can have rost paan (bread) and pol (coconut) sambol in style...also fried ice cream. Loved the place... | Nice place. Food is ok. | Nice place. Very reasonable prices. Ideal for beer drinkers. |  | ",3.2,2026-05-02T08:06:56.971627+00:00
ChIJ3fEFmRBb4joRV7V8BzOtUHs,Lavinia Restaurant Mount Lavinia Beach,"1A, 43/10 වෙරළ පාර, දෙහිවල-ගල්කිස්ස 10370, Sri Lanka",6.841889399999999,79.8627561,3.9,1244.0,2.0,61.2,"establishment, food, point_of_interest, restaurant",071 722 2999,,,5,"Great food. Awesome place to chill with your fam and friends. Ideal time to visit is during the night. Try to be there before 6 pm to see the sunset.

Love their food varieties. There is so much happening during the night. Parking available in front for LKR100. Huge variety of vegetarian dishes. Affordable prices. Usually, the food is prepared fresh so tskes about 30min to 45min to serve food. Cold water is provided free of charge. No air conditioning. Ideal place to have a beer and chill. | Nice place to have a group party, can reserve dinner and good enough to recommend about taste. place is wide and big for 75 - 80 people. you have to pay for car park 100 per 6 hours. but it's a good option. be careful about trains as the restaurant located next to railway | This was the very first time I have tried out this place. It’s located on the mount Lavinia beach. We really enjoyed their freshly made food. The staff were friendly and helpful. Their food is delicious. I really Loved their dish of hot battered cuttlefish, It’s so tasty.🤩 | Nice place to have food with a view, food is affordable and delicious and served without delays , good staff and service. Not so crowded and kids friendly. | This place is situated in front fo the beach.
Food is very tasty and the staff also very helpful. They always helps us to select the best meal for us.
Only bad thing I have seen hear is they are taking much time yo serve the foods.",4.8,2026-05-02T08:06:56.971627+00:00
ChIJ-1dhmiVZ4joRGUSviLLrDIw,The Kingsbury Colombo,"48 Janadhipathi Mawatha, Colombo, Sri Lanka",6.932852899999999,79.8419406,4.6,21285.0,,69.0,"bar, establishment, food, lodging, night_club, point_of_interest, restaurant, spa",0112 421 221,https://www.thekingsburyhotel.com/,True,5,"I had an absolutely wonderful experience dining here. The food was exceptional—every dish was flavorful, fresh, and beautifully presented. You can truly tell that great care goes into both preparation and quality.

What made the visit even more memorable was the outstanding service. Suraj Shehan was incredibly attentive, friendly, and professional, making sure everything was perfect throughout. And special thanks to Nilupul as well, whose warm attitude and prompt service added such a welcoming touch to the whole experience. | I recently stayed at The Kingsbury Hotel in Colombo, and overall it was a decent experience. The location is definitely one of the biggest advantages of this hotel. It is very close to Galle Face Green and offers easy access to many attractions, restaurants, and shopping areas in Colombo.

The room was clean and reasonably comfortable, although some parts of the furniture and bathroom felt slightly outdated. The housekeeping staff did a good job maintaining cleanliness throughout our stay. The bed was comfortable enough for a good night’s sleep.

Breakfast had a good variety of local and international options. While the selection was impressive, the taste of some dishes was average rather than exceptional. The restaurant staff were polite, though service during busy hours felt a bit slow.

The rooftop area and pool were nice, offering a pleasant view of the ocean. It’s a good place to relax in the evening. However, the pool area can get crowded at times.

Overall, The Kingsbury is a good hotel with a great location and decent facilities. It may not feel extremely luxurious in every aspect, but it provides a comfortable stay in Colombo. | This hotel is truly exceptional. We stayed for a few days, and the level of service was on another level entirely. From the doorman to the gym team and every staff member we encountered, everyone went above and beyond anything I have experienced before.

Having lived and worked around the world, I can honestly say that Sri Lankan hospitality is something the West could truly aspire to. The warmth, genuine care, and professionalism were simply outstanding. We felt welcomed, valued, and completely looked after throughout our stay.
Special thanks to the front of house director he was brilliant!!! We stayed in room 710 . | We had a wonderful brunch at The Kingsbury today with my family and my son. The food was excellent and the atmosphere was perfect for a relaxing family time.

A special thank you to Mr. Ruwan Kumar, Restaurants & Bars Manager, for his warm hospitality and professional service. He made sure everything was perfect and truly made our visit memorable.

Highly recommended for anyone looking for a quality brunch experience in Colombo! 🌟 | We had an incredible lunch at The Kingsbury Hotel today. The food was absolutely delicious and the drinks were perfectly refreshing, all set within a wonderful atmosphere.

​What truly stood out, however, was the service. The entire staff was attentive, but a special shout-out goes to the Restaurant Manager, Mr. Jaakey. He was incredibly friendly and assisted us on many levels, demonstrating world-class customer service.

Keep up the excellence!",4.4,2026-05-02T08:06:56.971627+00:00
ChIJGXM1ImxZ4joRLmbegNcTuLI,Panino | Home of the Original Roast Paan Panini,"145 Srimath Anagarika Dharmapala Mawatha, Colombo 00700, Sri Lanka",6.914710899999999,79.859274,4.3,98.0,,50.4,"establishment, food, point_of_interest, restaurant",0112 332 296,,True,5,"Tried the Chicken Pomodori gourmet sandwich here. The sandwich was well cooked and the bread was semi-crispy, but I didn’t quite enjoy the taste.

The staff were friendly and supportive. However, I had to wait more than 10 minutes even though I was the only customer, so the service could have been faster. There's no service charge for dining in.

The shared dining area was clean and reasonably well maintained. | I recently visited Panino, where we ordered some sandwiches. They were nicely presented and tasted great, and we really enjoyed them. Panino offers a wide variety of sandwiches, burritos, and quesadillas that are value for money, along with very good customer service. | i got the chicken pomodori which was delicious! a lovely lady makes the sandwiches and it takes about 5 minutes! a yummy, filling lunch on a budget. | Enjoyed having these sandwiches were since they first hit the scene in the good market and then at Jawatta Road. They have managed to keep the quality high. Not cheap for roast paan, but they do offer generous fillings even when I order via UberEATS. Definitely a good comfort food choice once in a while. | Great food prepared on order and has a very unique taste that I haven't experienced anywhere else really. They offer service with a smile and nice outdoor seating right in front of Cotton Collection. So until your lady shops at CC you can treat yourself to a very crunchy bread toast.

It might be a little uncomfortable during the peak of the day as it could be hot out.",4.4,2026-05-02T08:06:56.971627+00:00
ChIJs4N8YwZb4joR8Ym_ZVCbfhc,Seetha Hotel,"216 Galle - Colombo Rd, Dehiwala-Mount Lavinia, Sri Lanka",6.8516603,79.8657614,2.9,33.0,,29.8,"establishment, food, point_of_interest, restaurant",077 787 9186,,True,5,"Please don’t go here. I got a vegetable rice for dinner, and they gave me old food. It looked fine, but the rice had a bad smell and was sticky. 🤮🤮🤮 Totally disappointed.😡😡😡 | Very disappointing experience. I ordered biriyani for dine-in, but the fried mushroom served with it was extremely salty and almost inedible. The taste was completely ruined. | Don’t go there. I will never go there again. All foods are overpriced but for the price not even good foods or service. The cashier guy is not treating well and taking additional charges (not giving change correctly) too beyond the actual price. They don’t care about customers, no satisfaction on the service. You can buy good foods for lower price from other shops near. | Very Good... Wow, the food is very tasty. This is the tastiest rice I've ever had. The service is also great. The prices are very reasonable.❤️❤️ | A very, very bad restaurant with a very arrogant owner and employees who cheat you out of your money. Don't go to this hotel and not only waste your money but also get sick from eating poor quality food.

If possible, file a complaint with the Food safety department. I have filed several complaints, but they continue to do this vandalism. I think they are getting away with it by paying....",1.8,2026-05-02T08:06:56.971627+00:00
ChIJRXHg7tNb4joRDitg5Q9nZEA,Cafe Noir Blanc,"No. 216, Rev, Thimbirigasyaya Rd, Colombo 00500, Sri Lanka",6.8924755,79.8698079,4.4,1436.0,3.0,61.2,"establishment, food, point_of_interest, restaurant",0112 555 188,http://cafenoir.lk/,True,5,"We recently celebrated my husband's birthday at Cafe Noir and I can't stop smiling thinking about how beautifully everything came together. From the moment we walked in, the atmosphere was warm, festive, and full of charm.

A huge shoutout to Sadewni the true star of the evening! Their attention to detail, kindness, and professionalism made the entire experience unforgettable. They coordinated everything with such grace, from the seating arrangements to the timing of the surprise elements. It felt like they genuinely cared about making the day perfect.

The decorations were absolutely stunning—elegant yet playful, with just the right touch of sparkle. And the cake was not only picture-perfect but also one of the most delicious cakes we've ever had. Rich, moist, and beautifully balanced in flavor. Everyone at the table was raving about it!

Thank you to the entire team for making this celebration so memorable. We’ll definitely be back—and recommending you to everyone we know! | ⭐️⭐️⭐️⭐️⭐️
We celebrated my best friend’s bride to be party at Café No. Blanc yesterday, and it was such a wonderful experience! The manager was extremely helpful, and the service was excellent. The food was absolutely delicious, and the vibe of the place was just perfect for our celebration.
The prices are very affordable, and the staff were so supportive, they truly went above and beyond to meet all our requirements. Overall, it’s a fantastic spot for any special gathering. I’d definitely recommend Café No. Blanc to anyone looking for great food, great service, and a great atmosphere! | Cafe Noir Blanc is one of those places that makes an impression the moment you walk in. The elegant ambiance and beautifully styled interiors give it a very refined, almost boutique-like feel. I’ve only visited a couple of times, but both experiences were consistently good in terms of atmosphere, service, and food.
It’s also a very popular spot for bridal showers—quite a few of my friends have hosted theirs here, and it’s easy to see why. The café has plenty of Instagram-worthy corners that make for stunning photos and memorable celebrations.
The food is enjoyable and on par with Cafe Noir in Pelawatte, which I’m very familiar with. Everything I tried was well-prepared and satisfying.
Overall, Cafe Noir Blanc is stylish, reliable, and perfect for a catch-up, celebration, or casual outing. Highly recommended! | had a wonderful experience here! The staff was incredibly friendly and helpful especially Amasha, who went above and beyond to assist me every step of the way. A big thank you to her for making everything so smooth and pleasant. The food was delicious as well, making the entire visit even more enjoyable. I highly recommend this place for gatherings or special occasions. Great service and a warm atmosphere! | My girlfriend organized my birthday here, and it was a lovely experience. The outdoor hut-style party area was beautiful, though a bit warm without AC. They offer various packages and gave us the space complimentary since our bill exceeded 10k. After cake cutting, we moved to the elegant and cosy indoor dining. The Italian menu stood out—especially the creamy pasta with garlic toast, which they kindly customized. The burger was average, but the vibe, service, and food were great. Only minor issue was the kitchen door being near the dining area—staff frequently crossed with food, which was slightly distracting. They also have parking available. Would definitely revisit!",4.8,2026-05-02T08:06:56.971627+00:00
ChIJpZcc2BRZ4joRc-6PesLMCI0,Moushi Kitchen,"172 Bankshall St, Colombo 01100, Sri Lanka",6.938901899999999,79.8519855,5.0,2.0,,15.7,"establishment, food, point_of_interest, restaurant",0112 330 740,,True,2,"Food is excellent. Fried rice , biriyani, kotthu everything is mind blowing, especially home made ginger drink was awesome. Quantity and Quality is excellent. Worth for money. The waiters were so humble. I recommend this food for authentic Indian food. | ",5.0,2026-05-02T08:06:56.971627+00:00
ChIJd1I0O9la4joRTmRvZ59dkJk,Don’s Global Exchange (Pvt) Ltd,"No.25, Athula Mawatha,, Templers Road,, Dehiwala-Mount Lavinia, Sri Lanka",6.8291444,79.8779615,4.0,1.0,,19.9,"establishment, finance, food, point_of_interest, restaurant",0112 710 881,,,1,,4.0,2026-05-02T08:06:56.971627+00:00
ChIJadvgSdxa4joRGC9NUvpXs30,Chinese Dragon Cafe - Mount Lavinia,"No. 203A, Galle Road, Ratmalana, Dehiwala-Mount Lavinia 10370, Sri Lanka",6.8261179,79.86980659999999,4.3,1975.0,2.0,70.5,"establishment, food, point_of_interest, restaurant",0117 808 080,https://www.chinesedragoncafe.lk/,True,5,"Ordered 4 fried rice portions from Uber Eats (₨1600 each). It took almost 1 hour to deliver, and when it finally arrived, the portions were so small that one wasn’t even enough for a single person. We requested a refund, but it was rejected. They delivered it again after 3 hours — by then, the food was cold and not tasty at all. Overall, it was a terrible experience. Worst place to spend your money on food. Please don’t waste your money or time he | Chicken Rice and Dragon Black Goreng Noodles through PickMe and everything was fresh, hot, and full of flavor. Portions were generous and packaging was neat. The taste was authentic and really satisfying. Delivery was smooth and on time. Highly recommended for anyone who loves quality Chinese food in the Ratmalana area. Will definitely order again! 👍🍜🍗 | My order was entirely wrong. Ordered different items, received something else (uber eats) | My experience with the Chinese Dragon outlet in Rathmalana was extremely disappointing. The food quality and customer service were among the worst I have experienced.

I ordered food from this outlet through the PickMe app. Shortly after they received the order, the app showed that the food was ready and scheduled to be delivered at 8:07 PM. However, when the rider arrived at the outlet, the staff informed him that the order was not ready. As a result, the rider had to wait there for 45 minutes.

During this time, there was no one at the cashier counter, and all the staff remained inside the kitchen with the door closed, seemingly ignoring both customers and the rider.

This outlet is extremely disappointing and poorly managed. Experiences like this damage the reputation of the Chinese Dragon brand. The Rathmalana branch is tarnishing the name of the company, and management should seriously address the situation | I ordered from the Dragon black goreng rice. Too oily. No flavor. No salty taste. Like plain rice. I don't recommend this Ratmalana shop.",1.8,2026-05-02T08:06:56.971627+00:00
ChIJzYLatSVZ4joRPyjlgtZcnos,Ministry of Crab,"Old Dutch Hospital Complex, 04 Hospital St, Colombo 00100, Sri Lanka",6.933608,79.84334729999999,4.4,5337.0,4.0,66.0,"establishment, food, point_of_interest, restaurant",077 002 4823,http://www.ministryofcrab.com/,True,5,"If you’re a seafood lover, this is quite simply one of the best places on Earth. The crabs and prawns are absolutely outstanding — fresh, beautifully prepared, and full of flavour. The menu is well-crafted with plenty of options to suit every palate, and I highly recommend leaning on the staff to help guide your choices, they truly know their stuff.

The setting is stunning. The old colonial architecture transports you to another world entirely and adds a unique charm that perfectly complements the dining experience. The atmosphere is warm, vibrant, and memorable from the moment you walk in.

The beverage selection is impressive too, ranging from soft drinks to creative cocktails, something for everyone. Above all, the staff are friendly, attentive, and genuinely passionate about making your visit special.

One important tip: advance booking is an absolute must. This place is as popular as it deserves to be. A truly unforgettable dining experience, I can’t recommend it highly enough | We made reservations before arriving in Colombo as our expectations were high and this restaurant absolutely delivered.

From the moment we were seated, the staff gave us great guidance on what to order and what their best-selling dishes were. We chose the Clay Pot Prawn Curry and a crab dish, and both were outstanding.

My parents and I are very familiar with seafood. We cook it regularly at home and eat it often in restaurants, so we know good quality when we taste it. I can honestly say this is one of the best seafood restaurants we’ve been to.

It was so good that we ordered two additional dishes, both different and equally delicious. To finish, we had one of their chocolate desserts, which was the perfect sweet ending to a fantastic meal.

Highly recommended. | This was always on my bucket list and this place sure didn't disappoint!

Went with a friend who is an equal food and sea food lover. We ordered for the prawns and a kilo crab in srilankan curry.

The prawns were big palm sized so felt a bit chewy. We ordered two prawns one in Garlic chilli and Butter soy. The garlic chilli was definitely better and a big flavour bomb. We enjoyed this with Kade bread a perfect accompaniment.

Next up crab in sri Lanka curry. Just perfect. The meat well cooked and flavours completely soaked by the crab. It was our first time eating a full shelled crab and the process of deshelling and eating was exhausting but it felt like a win when we got it right and of course the prize was the delicious crab meat.
We ordered the Garlic Rice which was so so so good but unfortunately we couldn't eat much of it because we were thoroughly stuffed and surely overate.

Our bill was $243 which might sound pricey for two but compared to Indian restaurant pricing it was at par.

Definitely a must visit. | Absolutely delicious 🤤 The crab was cooked to perfection — tender, juicy, and full of flavor. Finger-licking good! The clams were also incredible, served in the most amazing sauce ever.

The team and the manager were incredibly attentive, caring, and professional, making the entire evening even more special.

This is definitely the number one place to visit in Colombo. Highly recommend from the bottom of my heart! 🦀✨ | Came here to experience the Sri Lankan crabs. Best to make a reservation as this place is popular. The chawanmushi is highly recommended. We had the pepper crab and the MOS chilli crab. Have to be careful about ordering the size of the crabs as prices are very high. The bread we ordered was a bit disappointing. The crabs were fresh and good flavour with the sauces. However, due to the high prices, this is a place that can be frequented only on occasion. Service was friendly and prompt. The menu is all in US$.",4.6,2026-05-02T08:06:56.971627+00:00
ChIJbUNLzVlb4joR_qzi9Oir7G8,𝗖𝗛𝗘𝗘𝗭𝗘𝗥,"171 Stanley Thilakarathna Mawatha, Nugegoda 10250, Sri Lanka",6.8744329,79.8915701,3.9,155.0,,50.6,"cafe, establishment, food, point_of_interest, restaurant",070 428 6793,,,5,"Highly recommended! This is truly the best pizza ever. It’s also the perfect place for a family dinner. We absolutely love their pizza and pasta – always fresh, flavorful, and satisfying. A must-visit for anyone who loves great food! | Best spot in town for a cheesy fix! Huge portions, melted to perfection, and served hot. CHEEZER never misses. 10/10 recommend. | Prices are reasonable and friendly staff. We ordered pizza, chicken wings and chocolate milkshakes.  Pizza taste was good. Chicken wings not tasty but okay. If you can add more chocolate for the milkshakes it will be better. Thank you for your service. | I was very disappointed with the food, as it was completely tasteless. I couldn’t manage to eat more than four bites. | Excellent place for rating foods!
Your location has a really nice vibe!  A great place for
families,couples,friends with enjoy and spending your special & lovely moment.
Proving a grate service and serving delicious foods for there customers.
Highly recommend
Cheezer restaurant ,nugegoda",4.0,2026-05-02T08:06:56.971627+00:00
ChIJLaZnMGRZ4joRcEtHiMuW3XA,Dinemore - Thurstan Rd,"20 Thurstan Rd, Colombo 3, Sri Lanka",6.905833299999999,79.8583333,4.1,4712.0,2.0,78.6,"establishment, food, point_of_interest, restaurant",0112 370 100,http://www.dinemore.lk/,True,5,"We went there to have dinner and the experience was not pleasant.
Once we arrived, we had to sit on a quite dirty place as there wasn't much space as the place was quite busy. There were food spilled on chairs.
Once we made the order, the waiter brought us our drinks rather quickly. Then again, he came and gave the plates and cutlery to my partner. He wasn't even bothered to arrange the table. Do they even know that it's a part of a waiter's job? I highly doubt it. He just left everything in one place and left. I guess the waiter's job has to be done by the customers.
The first order was out and it took like 20 minutes to bring the next order.
The food was ok. The lasagne wasn't that appetising.
The atmosphere wasn't ideal the workers themselves were gathering and shouting. It's better if the waiters are taught the table etiquette, which is part of their job,. And treat the customers right.
I don't recommend this place if you want to have a decent dinning experience. | Had a great experience at the Dinemore Thurstan Road outlet. I ordered the Tuna Submarine and it was really fresh, well-prepared, and full of flavor. The service was quick and efficient, with the waiting time being less than 10 minutes. Staff were organized and the outlet was clean. Definitely a reliable spot for a quick and tasty meal. 👍 | The portions were just right and everything tasted really good. We visited for dinner, so it was a bit crowded, and the lively atmosphere made it slightly noisy. That said, the surroundings were pleasant, service was quick, and there’s ample parking available. Overall, a great spot for a satisfying meal! | Dinemore! Thurstan is a different place with a different vibe. The location is convenient, and parking is available. Generally, they prepare meals quickly without any impact on the taste. The staff is friendly. I went this place several times and no bad experience up to now. I recommend this place | This is the beat outlet out of all other Dinemores. Foods are always tasty. Staff is really friendly. Atmosphere is great. Have a big space inside. Food portions are also good. Plenty of parking available. I recommend this place to anyone who has cravings to eat submarines.",4.2,2026-05-02T08:06:56.971627+00:00
ChIJRYu5ImxZ4joR0y-DMPJzF3g,Simply Strawberries by Jagro,"2 Srimath Anagarika Dharmapala Mawatha, Colombo 00300, Sri Lanka",6.914717,79.85926119999999,4.5,1725.0,2.0,66.5,"establishment, food, point_of_interest, restaurant, store",076 328 8663,http://jagrofresh.com/,True,5,"I’ve tried several strawberry dishes at Simple Strawberry by Jagro, and most of them are really tasty and fresh! 🍓 The cheesecake is delicious - creamy and full of strawberry flavour. 😋

But honestly, the strawberry tart was a miss for me - no real taste, so I wouldn’t recommend it. Also, we ordered extra strawberries because the staff didn’t mention that most dishes already come with plenty.

A small tip - the shop is a bit hard to find as it’s behind a building, but it’s located right in front of the Cotton Collection store. Once you find it, you’ll love the cozy vibe and sweet treats! 🍓✨ | Visited Simply Strawberries by Jagro—seriously loved the atmosphere! Strawberry-based items are super yummy. A must-try place for strawberry lovers. | A great place to have desserts...

Simply strawberries is one of my go-to places for desserts. Especially when it feels like having some strawberries. I have been there with my family and colleagues too. Recently I went there with some colleagues to have an afternoon snack/dessert. The atmosphere was quiet as usual and very calm.

We quickly went through the menu and made our selections. They have a grate range of desserts containing fresh strawberries, natural strawberry topping, raspberry toppings along with ice cream, waffle, cakes, cheesecakes and many more. In the beverage department you have coffee, fresh strawberry juice and milkshakes. Now they offer New York style cheesecake, lemon cheesecake and double chocolate cheesecake where you can have them with or without your choice of toppings apart from the usual strawberry and raspberry cheesecakes. We ordered Meringue sundae, strawberry topping & Ice cream, strawberry tart, classic new York style cheesecake, double chocolate cheesecake. All were pretty good. We liked them. And they were filling too.  Be warned that some of the options have big portion sizes almost like a meal. Especially sundaes, waffles.

We received a nice and efficient service from the staff. We didn't have to wait longer to get the order.

Overall we had a nice time with some yummy desserts. As always we loved it. | ☆Food☆
Strawberry cheese cake was heavenly. It was one of the best cheese cakes I ever had. Jagro mess & Meringue sundae were good but bit overpriced.
Strawberry Milkshake fell short of my expectations.

☆Service☆
Service is quite good and fast, waiting time was roughly about five minutes.
It was quite impressive considering that just two people are working there.
Cleanliness & Food handling are good.

☆Atmosphere☆
There are just four tables outside, that can accommodate upto 15 people at a time. Nothing noteworthy. | Visited Simply Strawberries recently and had a lovely experience! We tried the strawberry cheesecake, it was delicious, with fresh strawberries that added the perfect touch of sweetness.

The ambiance was calm and pleasant, making it a great spot to relax and enjoy a dessert.

Definitely worth a visit if you’re a fan of strawberry treats! 🍰✨",4.2,2026-05-02T08:06:56.971627+00:00
ChIJ0_HVHMNb4joR1H_LRbTPVkw,BOO Cafe,"No. 237 Galle Rd, Colombo 00400, Sri Lanka",6.8884579,79.8572779,4.4,43.0,,32.7,"cafe, establishment, food, point_of_interest, restaurant",076 187 2879,,True,5,"Good food.. Well priced and good service.. Can't fault this place.. nice beach view.. Simply awesome.. 💜 | Superb view, Reasonable price and attractive atmosphere most importantly good and friendly customer service . keep it up guys. cheers!!! | This is a small restaurant situated on the 7th + 8th floor of Eurolanka Hotel. You can book this for your personal parties and order a buffet of your choice. They are very accommodative. BYOB available as well or you can ask them to provide your choice. Nice place with sea view. | Can’t find this place as the google map shows. After reached the place only we get to know the cafe is closed and the contact number is also not working. | Good place for breakfast and lunch but takes  much time to prepare n pack food",3.6,2026-05-02T08:06:56.971627+00:00
ChIJAQAAsPFa4joRKQEDp0s_CAY,Grand Rovinka Hotel,"103 Sri Somerathana Mawatha, Boralesgamuwa 10290, Sri Lanka",6.8488814,79.8878443,4.0,187.0,,41.9,"bar, establishment, food, lodging, night_club, parking, point_of_interest, restaurant",077 713 0133,https://grandrovinkahotel.lk/,True,5,"Grand Rovinka Hotel is a gem tucked away in a quiet setting. Their rates are more than reasonably priced, with excellent facilities including the best restaurant in Colombo and a great bar. The rooms are spacious with beautiful traditional style furniture and well appointed. But, the best of all are the staff. They will go the extra distance to help and that is all of the time. This is an excellent and friendly hotel I would recommend on your next stay in Colombo. | There is a nice bar. The vibe is awesome. Rice is good for a drink. The vibe is awesome AC Reasonable menu on food. 10% SC

PARKING AVAILABLE

ROOMS AVAILABLE - But privacy must increase | no one should look at guest in suspicious way waiting at car park and front area | felt very comfortable in this hotel.bar is very nice place.the vibe is awsome .we arranged some birthday party.they have tasty foods.also kindly and helpful staff.special thanks to assistant manager ms.madhusha.i recommend this place  to all people . | My recent business trip to Colombo was marred by a deeply disappointing stay at Grand Rovinka. Despite reading some negative reviews, I decided to give it a chance, a decision I now deeply regret. I booked a superior deluxe king room, their best available option, which, to be fair, appeared to be new and well-maintained. However, the modern appearance was completely overshadowed by a series of unacceptable issues that rendered the room and the entire experience useless.
During the daytime, the air conditioning was seemingly on but produced no cool air. When I called reception, a staff member came to my room and simply told me to use the ceiling fan, despite the fact that I had paid for a room option that included all amenities. The situation only worsened when I tried to take a shower to escape the unbearable heat. Both the shower and the bathtub had scalding water gushing from them, so hot that steam was billowing out after just five minutes, turning the bathroom into a sauna. What was even more frustrating was the evident lack of knowledge from the staff; they seemed to have no idea how to properly operate the fixtures. I contacted reception again, but it took them 30 minutes to send someone who was unable to fix the issue, telling me it would be fine in a while. The issue was not fixed for the entire 22 hours I was there.
What made this ordeal even more frustrating was the complete lack of empathy from the staff; they didn't even have the decency to apologize for the inconvenience. This experience was a nightmare. To have both the AC and a working shower fail, and to be met with such unhelpful and untrained staff, completely ruined my stay. While the rooms looked new, this is pointless when the entire experience is ruined by a lack of basic functionality and competent service. This was, without a doubt, one of the worst hotel experiences I have ever had. | We had an absolutely wonderful stay at Grand Rovinka Hotel ! The staff made us feel welcome and truly went out of their way to ensure a fantastic experience. The level of service was exceptional ,  everyone was friendly, professional, and always ready to assist with any request, no matter how small. The hotel itself is beautiful, with cozy, well appointed rooms that felt like a home away from home. The attention to detail in both the decor and the amenities was impressive. What really stood out, though, was the incredible customer service. Every member of the team took the time to engage and make sure all of my needs were met. It's clear they genuinely care about their guests.

The overall experience at Rovinka was top notch, and  I'll definitely be back !",4.0,2026-05-02T08:06:56.971627+00:00
ChIJeXJy6N9b4joR_O2xwltO4kc,Diner’s Lounge Restaurant,"18a Palmyrah Ave, Colombo 00300, Sri Lanka",6.8971979,79.8529951,3.9,817.0,3.0,54.2,"establishment, food, point_of_interest, restaurant",0112 599 344,,True,5,"I’ve ordered from Diner’s Lounge three times via Uber Eats, including twice using their BOGO offers. I tried the Chicken Hong Kong Rice, Prawn and Chicken Thai Noodles, and a Large Diner’s Lounge Special Mixed Rice.
The portions are very generous. Even the standard portion is filling, and the large portion is easily enough for two people. The food arrived neatly packaged and well presented.
Most importantly, the taste was really good. Flavourful, satisfying, and generous with both meat and seafood. Overall, great value for money and consistently tasty. Would definitely order again. | I visited Diners Lounge Colombo for the Iftar combo after seeing many influencer posts on social media. Unfortunately, the real experience was very different from what was shown online.

The portion sizes were quite small and the overall food quality did not meet expectations for the price. The presentation and variety also didn’t match what was advertised in the videos.

I hope the management improves the quality and consistency because the place has potential. But based on my experience, the Iftar combo was disappointing. | Recently I visited Diner’s Lounge Restaurant and tried their Iftar platter. It was very filling and definitely worth the price. The food was tasty and well prepared, making it a great option for Iftar with friends or family. Overall, it was a satisfying experience and I would recommend this place to anyone looking for a good Iftar meal. 🌙🍽️ | Went here for an office lunch outing, and honestly, it was a disappointing experience. While the place is calm and the dining area reasonably clean, the upstairs section was hot—clearly, the air conditioning wasn't doing enough cooling.

We ordered around 30 dishes with various options, and while the food arrived quickly, the quality was underwhelming. The chicken fried rice, seafood fried rice, and chopsuey fried rice were all bland, lacking both color and flavor. None of them were spicy or appetizing, and the provided chili paste was insufficient—we had to ask for more multiple times. Adding some kind of gravy would’ve helped, but nothing was offered.

And also, I bit into egg shell pieces more than once in the chicken fried rice, which was just disgusting. The only positive was the portion sizes, but that's not enough to make up for everything else.

Based on this experience, I wouldn't recommend this place. | I definitely did read reviews of this place before I went in, and all of them said one thing. It's worth the money you spend here and the portion size is good.

And that's just what it was, the food was good and fresh. And the portion size was good too.

They definitely needed to get some new menus and they were falling apart.

If you are looking for an affordable place to hangout or to bring your partner for a casual meal this definitely is the place.

Great variety of food and definitely not too heavy on your wallet. I wish there was some music playing in the background, that's something that would add more to the dining experience.

Check it out!",3.6,2026-05-02T08:06:56.971627+00:00
ChIJrQYYyEJZ4joRjgWhUNqZF34,168 Restaurant BBQ chinese,"3b Sea View Ave, Colombo 00300, Sri Lanka",6.9095159,79.8510265,3.9,347.0,2.0,48.2,"establishment, food, point_of_interest, restaurant",074 037 9558,,True,5,"Great place for sea food. This place is a party place and best one to hand around with friends. Food is freshly cooked after order. It takes time. Decent ambience. Food quality is great. | Have variety of foods and tasty. But price is little bit high compare to other places for some foods that price is not worth in my opinion. Environment is not that much good to spend time with friends. Fresh juice prices are also not worth. They have VIP rooms where you can reserve early. | Do not think twice if you are a chinese/seafood fan. They have by far the best crab in asia! Reasonably priced and if you want giant crabs give them a bit of notice. | Good place for have a drink in colombo. Food is amazing and good ambience. Crowd is fine and service is good. It'd be better if you take the upstairs, so u could have a smoke also and downstairs they have a restaurant too. No corkage for bottles. Byob | Delicious sea food menu. Nice place for team/family outings.",4.4,2026-05-02T08:06:56.971627+00:00
ChIJmaQrW3ZZ4joRorGVvcDlIb8,The Barnesbury,"91 Barnes Pl, Colombo 00700, Sri Lanka",6.9127014,79.8736516,4.3,2795.0,3.0,71.9,"bar, cafe, establishment, food, night_club, point_of_interest, restaurant",0112 682 144,https://thebarnesbury.com/,True,5,"Had a good time at Barnsberry. The vibe is amazing and the staff are so welcoming.
Loved their Iced Milo and Iced Strawberry Tea,
though the Crispy Chicken was a bit disappointing for me. Overall, a nice experience! | A hidden gem.
The walk up to the restaurant welcomes you with the aroma of shisha in the garden adorned by outdoor seating.
The restaurant reminds you of a cosy German pub, a beautiful bar and wooden flooring with cosy seating options.
The service is welcoming and pleasant.
The food was exquisite.
Hands down the best mac and cheese with chicken and beef bourguignon I have tried in Sri Lanka.

Highly recommend the barnsbury. | The food was great! We ordered the Grilled Chicken Breast and the Peri Peri Chicken Burger. Everything was fresh and tasted good. I wish the chicken was more in the Peri Peri burger and more pronounced Peri Peri flavour. Service was excellent as well. | Great food, great ambiance. Will be there again and again. It was nicely decorated for the Christmas when we were there.

For the parking you need to take the road adjacent to the restaurant and go back to find the parking. Park is directly connected to the outside seating area. | I recently visited The Barnesbury for lunch with a friend, and overall, it was a pleasant experience. I ordered the chicken Caesar salad along with an iced Americano, while my friend had the shrimp pasta in pink sauce paired with a berry punch. The food was nicely prepared fresh, flavorful, and satisfying without being overly heavy.

The ambiance, while clean and well-kept, felt a little isolated perhaps better suited for those looking for a quieter spot. On the plus side, the staff were attentive and friendly throughout our meal, which added a warm touch to the experience.

If you're looking for good food and considerate service in a more low key setting, The Barnesbury is worth checking out.",4.4,2026-05-02T08:06:56.971627+00:00
ChIJP49XNBpa4joRLsin4_CdnR0,Gami Gedara kotte,"Bungalow Junction, කෝට්ටේ පාර, ශ්‍රී ජයවර්ධනපුර කෝට්ටේ 10100, Sri Lanka",6.8925179,79.9042635,4.1,1059.0,2.0,63.1,"establishment, food, point_of_interest, restaurant",0112 874 003,https://www.facebook.com/%E0%B6%9C%E0%B7%90%E0%B6%B8%E0%B7%92-%E0%B6%9C%E0%B7%99%E0%B6%AF%E0%B6%BB-%E0%B6%9C%E0%B6%B8%E0%B7%9A-%E0%B7%80%E0%B7%92%E0%B6%AF%E0%B7%92%E0%B7%84%E0%B6%A7-%E0%B6%9C%E0%B6%B8%E0%B7%9A-%E0%B6%9A%E0%B7%91%E0%B6%B8-Gemi-Gedara-481409572069851,True,5,"Nice flavours, good portions, and friendly staff.  They explain the menu well so that you do not over-order, and the wait time for the food is decent.  Food tasted ok / good, and the quantities are good as well.

There's a nice rustic look to the place, and a little bit of music on the speakers too | Used to be a big fan of Gami Gedara in Kotte, especially their pork and chicken curry a few years back it was chef’s kiss. But recently, it feels like they’ve lost a bit of that magic. The food’s still okay and definitely edible, but the flavor just doesn’t pop like it used to. Some of my friends even found the curry powder a bit overpowering and slightly bitter.

Service-wise, it’s alright. Not the friendliest crew, but they manage fine to be fair, it was a busy time when we went, so I get it. The place itself hasn’t changed much same vibe, same setup. They do have good parking, and you get to pick your curries and portion sizes, which is nice. Value-wise, the portions are generous.

One downside though it’s not very accessible for people with disabilities or wheelchairs, which is something they should really look into.

All in all, it’s not bad, but it’s not what it once was. Still okay for a quick rice and curry stop if you're in the area. | Had a wonderful dining experience at Gami Gedera. The food was absolutely delicious, with a good variety of items to choose from. Everything tasted fresh and full of authentic flavor. Definitely a great spot if you’re looking to enjoy traditional dishes with plenty of options. Will be coming back for sure! | Lunch at Gemi Gedera Ethul Kotte. Red /white rice with any 4 curries + chicken or fish is Rs. 750/- Veg lunch with 5 curries is Rs. 650/- card payment accepted.  Very tasty food with generous portions.  Loved it! | I had lunch quite a few times here.The food is really Amazing.Cheers from Mauritius-Sunny Ramgus",4.2,2026-05-02T08:06:56.971627+00:00
ChIJ86lZXxdb4joRgVbfDe976uo,Loon Tao,"43, 12 College Avenue, Dehiwala-Mount Lavinia, Sri Lanka",6.8391584,79.8630945,4.1,1275.0,3.0,66.4,"establishment, food, point_of_interest, restaurant",0117 833 896,http://www.loontao.lk/,True,5,"Visited Loon Tao in Mt. Lavinia to celebrate my father’s birthday with family. It was a weekday, so the place wasn’t too crowded, but the food took over 30 minutes to arrive at our table, which was a bit disappointing. However, the wait was worth it, the food was tasty and the portions were very generous. A large dish was easily enough for three people. The staff were well dressed and polite, but we had to remind them to serve the food onto our plates. The beachfront setting is peaceful and relaxing. A nice bonus is that you can bring your own liquor bottle without any corkage fee. Overall, a great place for a calm dinner by the sea with good food and reasonable prices. | I visited this restaurant on 01.01.2026 and ordered Yangzhou Style Seafood Rice. Before ordering, we specifically asked the waiter whether the rice contained seafood, and she confirmed that it did.

However, when the food arrived, there was almost no seafood at all. When we informed the manager, he used his phone torch to point out a few very tiny pieces and said that this is how the dish normally comes.

If that is the case, the waiter should have clearly informed us before ordering. That is basic customer service.

Additionally, the waiter who served us had a very unpleasant attitude and seemed angry when we questioned the dish, which made the experience worse — especially disappointing as this happened on New Year’s Day.

At the time of paying the bill, another staff member came and politely accepted that a mistake had happened, which I appreciate.

Food quality and transparency need improvement, and staff should be trained to communicate properly with customers. Photos are attached to support this review. | I recently visited Loon Tao, and it was a wonderful experience. The food was absolutely delicious—every dish was full of flavor, fresh, and perfectly cooked. If you love authentic and tasty Chinese cuisine, this place will not disappoint.

The staff were moderately kind and welcoming, making sure we were comfortable throughout our visit. The service was smooth and pleasant.

One of the best parts about this restaurant is its beautiful location right in front of the beach. You can enjoy your meal while listening to the waves, and if you prefer, you can even arrange a table directly on the beach. It’s a perfect spot to relax, have a drink, and enjoy a lovely evening with friends or family.

Overall, it’s a great place for tasty food, a nice atmosphere, and a peaceful beachside experience. I would definitely recommend it! | Outstanding experience at Loon Tao!

Had a truly enjoyable time at Loon Tao. The food was delicious — full of flavourand fresh. Every dish felt thoughtfully prepared and absolutely worth it.

The service was absolutely impressive. A big shout‑out to Shashini & Deshika, who were warm, attentive, and genuinely caring throughout the visit. Their friendliness and professionalism added so much to the overall experience and made the meal feel extra special.

If you’re looking for great food paired with exceptional service, Loon Tao is definitely a place you won’t regret visiting. | they served me spoiled crab. when u get the mud crab without meat inside that because the crab not longer fresh and when u cook it all the meat is turn into liquid.   Hmm they cooked and served it and hope on one know.",3.2,2026-05-02T08:06:56.971627+00:00
ChIJB7s-vjpa4joRUFJazQOBugY,Steam Boat Restaurant,"14 Narahenpita Rd, Sri Jayawardenepura Kotte 10350, Sri Lanka",6.8873321,79.88649819999999,3.8,1680.0,2.0,62.3,"establishment, food, point_of_interest, restaurant",0112 806 806,https://www.steamboat.lk/,True,5,"Really disappointed with the food serving today. I ordered Nasi Rice and Mongolian Rice, but there was hardly any meat in either dish — mostly just rice with a few small bits mixed in. Please make sure portions are more balanced in future orders. | This was a total disappointment for Japanese food culture. The sushi here tasted like it had been frozen, and the plates didn’t seem properly cleaned, which was very concerning. Overall, it was a very disappointing experience and I don’t think I’ll be returning.

Taste: The sushi tasted extremely vinegary and outdated in flavor.

I ordered a prawn sushi and a chicken dumpling. The dumplings were not great, but they were acceptable compared to the vinegar sushi.

At the end of the dining I literally ate a ISSO WADE FROM THE PETTI KADE UNCLE TO WASH DOWN THAT DISGUSTING VINEGAR FLAVOR. 😓😅 | Love the food but I did no like the customer service. I felt like they were a bit lazy in their job. But their food was amazing. Loved everything. I had Salmon sashimi and I felt they did a wonderful job. The Japanese beef burger was really good. Great food and please try. | Food is good but not great or not bad. Service was very good, helpful, and quick. I think Japanese food can improve a lot. The rice was not cooked well and was breaking. Seafood is good. But, still can improve. | Amazing Value for Money here at Steamboat. We ordered their new hot butter MUSHROOM.. whoaa, its so good. And their Mixed Fried Rice Large was enough for 4 of us , till our stomachs stretched. Food comes out in great time, dont expect to be fussed as the stewards are busy but thats fine as we came to dine.",2.8,2026-05-02T08:06:56.971627+00:00
ChIJwyYN5wNb4joRn9F50aO3X-k,Cafe Asiana,"97 Hill St, Dehiwala-Mount Lavinia, Sri Lanka",6.8506608,79.8702087,4.1,853.0,2.0,61.5,"establishment, food, point_of_interest, restaurant",0114 202 004,https://cafeasiana.appigo.co/,True,5,"Visited after a long time, and honestly, the place feels exactly the same as it did when it first opened. That said, the food really delivered. Portions are very generous — honestly enough for three people.
We ordered the beef fried rice and batter-fried calamari, and both were freshly made and well-seasoned. Service was quick too, which was a nice bonus. Overall, a solid meal with great portions and fast service. | Visited the place after a long time and it’s still the same as it was when it opened , not a very pleasing ambience , even the menu looks it needs a cleanup. But the food was good and the potion is too much even for two people . Would recommend some refurbishment or to be maintained in a nicer manner. Recommended for takeaway not dine in. | Located near to the Dehiwala flyover. Difficult in finding parking. The staffs are really good and some of them doing the job right. Love the food the only thing dislike about this restaurant is the interior and the inside seatings. Food quality and the quantity was perfect and I love the butter cuttlefish. They have mentioned about some fresh juices but when I was there they don’t have them available. Recommend for the food quality | We’ve visited this place several times over the past year, and the food is consistently excellent. They serve truly authentic biriyani, and the portion sizes are very generous. Highly recommended. | The restaurant is cool with wide options of menu. We tried the seafood nasigoreng , chicken nasigoreng and butter cuttle fish . The food was delicious. Excellent food. Menu is extensive and seasonal to a particularly high standard. Definitely fine dining. It can be expensive but worth it. Good customer service but we waited more than 1/2 hr for the food we ordered.. but it’s okay. Can’t wait to return and wouldn’t hesitate to recommend to anyone looking for somewhere to eat in. 👌🏻👌🏻👌🏻👍😋",4.4,2026-05-02T08:06:56.971627+00:00
ChIJh32Zz9Rn4zoRurofjWLWg5k,Jasmine Song,"63 Dickmans Rd, Colombo 00500, Sri Lanka",6.8874572,79.8618123,4.0,359.0,3.0,53.5,"establishment, food, point_of_interest, restaurant",0112 555 517,http://jasminesong.com/,True,5,"It was not great, but it was not bad either. Would i order again? I am not sure. It had more onions and spring onions than chicken. Might as well call it ""onion with Dry Red Chilli"". ordered the hot butter Cuttle fish, which was great. It's hit and a miss. Hopefully, you will get the hit, not the miss. | Food was really goodm  Service from Rahul was exceptional. Will definitely visit again. Food is Halal and No pork. | Food was bad. Prawns disgustingly soggy, worst fried prawn I've had in a while. Chicken was okay, but not great. Fried rice acceptable. Rude service on the phone. I don't recommend, last time. Better to order from mackies or 88 which are both close by. | I ordered Jasmine Song though PickMe for the first time and was extremely impressed with the quality of the food as well as the portion. Highly recommend their Signature Supreme Pack. Will definitely be ordering it again. Hope this restaurant sticks around. | Located along the dust-stained Dickman's road. This little place offers the best Chinese food in Colombo. Trendy place with food at affordable prices. If you are coming after watching a rugby game at Havelock Park this place is the best to relax and enjoy a great meal.",4.0,2026-05-02T08:06:56.971627+00:00
ChIJX2nr92tZ4joRNHgTFJAjpKM,Kesel Kole gangarama | කෙසෙල් කොළේ ගංඟාරාම,"72 W A D Ramanayake Mawatha, Colombo 00200, Sri Lanka",6.915061199999999,79.85787119999999,3.2,66.0,,43.6,"establishment, food, point_of_interest, restaurant",070 647 7707,,True,5,"Kesel Kole is a beloved local eatery known for its authentic Sri Lankan cuisine and warm, homely atmosphere.  The menu boasts a rich variety of traditional curries—from creamy dhal to spicy chicken and jackfruit—served with fragrant rice and fresh sambols. | I used to order lunch from this place through Ubber eats. It seems they have increased prices recently. Apart from packing, the quality of food is dropped drastically. Me and my friends recently ordered Dry fish & egg rice. Sadly it contained so little amount of pol sambola (may be only one tea spoon) and tempered dhaal curry. No vegetable in it. The major disappointment was the fried dry fish has no meat in it. Only the skin parts and bones. Cost me 290/= rupees but not worthy for half price even. I believe we can have a better meal for that amount in colombo. It seems the owners only chasing behind money and don't think about the quality or the customer satisfaction at all.. we will not recommend this place to anyone. | Worst rice and curry ever. Ordered the dry fish and egg rice through uber eats. Got ambul thiyal instead of dry fish (which I hate), a teaspoon of pol sambol and dhaal with an overcooked boiled egg. Also the price was 370 which was ridiculous for what you got. There are so many rice and curry places and much better options for a cheaper price too. Will never order from here again! | Once I ordered 4 chicken rice and curry and beef curry through the UberEats.It was one of worst experienced for person who eat chicken rice and curry. The beef curry was average. But it not wourth compire with the price. Not recommended. | Please don't eat here.... our meal was a joke for them. Low quality foods at a high price...",2.0,2026-05-02T08:06:56.971627+00:00
ChIJtS_6bQBb4joRR1G4G5UwsKE,Embilipitiya Hotel Nugegoda,"VVFR+RJG, Stanley Thilakarathna Mawatha, Nugegoda, Sri Lanka",6.874551599999999,79.89156899999999,,,,5.0,"establishment, food, point_of_interest, restaurant",071 760 9444,,True,0,,,2026-05-02T08:06:56.971627+00:00
ChIJy2oxsBFZ4joR-exUtYBvE1w,Oak Ray Flower Drum,"15B, Station Road, 03 Marine Drive, Colombo 00300, Sri Lanka",6.910777299999999,79.84887069999999,4.1,1413.0,2.0,60.1,"establishment, food, point_of_interest, restaurant",0112 577 351,http://oakrayflowerdrum.com/,True,5,"Great service offered by polite and smiling waiter. Food was delicious. A special mention to the braised chicken with cashew and the chicken with black bean. Noodle with veggies and chicken were greatly appreciated by our kids. In summary, great experience and address in Colombo for people visiting Colombo with young kids. | Oak Ray Flower Drum: Oak Ray Flower Drum is a popular restaurant specializing in Chinese cuisine Located in the heart of Colombo, Sri Lanka. It is part of the larger Oak Ray Hotels group, which has properties across the country. The Restaurant offers an authentic taste of the Orient. It known for its authentic Cantonese and Asian-fusion cuisine, stylish decor, and warm hospitality. It serves up Chinese favorites that are relished around the globe.

Menu and features:
•	Cuisine: The restaurant offers a wide variety of authentic Chinese dishes, from crispy appetizers to savory main courses. A specific highlight is their crab dishes and other seafood specialties.
•	Signature dishes: The restaurant is known for its distinctive and flavorful dishes, such as Peking duck, braised lamb clay pot, and aromatic baked crab shell.
•	Menu highlights: Offers a wide range of options, such as appetizers like prawn toast, main courses like chili chicken with cashew nuts and sweet and sour fish, beef, vegetarian dishes and various rice and noodle dishes.
•	Atmosphere: Described as having a vibrant and luxurious charm, with stylish decor and a harmonious fusion of bold flavors and textures.

There are locations in both Colombo and Kandy. | Oak Ray is out go to place. But the experience we had yesterday was terrible.

We do understand that there is a closing time but when we inquired nothing was said. We walked in around 9 and asked whether dining was available. If they had a sharp closing time and don’t want to entertain customers beyond that I think it should be mentioned upfront. Which is okay  and understandable.

However, nothing was said and since we placed the order servers very very rude. They placed plates and cups very loud on the table making sure we understand that we are inconvenience.

We were asked to leave before we could finish saying they have to close the doors.

We do understand that there is a closing time and if it’s non negotiable they should have informed us in advance. We could have requested take away go for another option.

We hosted few of our friends and it wasn’t very nice to be asked to leave during the meal.

We always come here for the friendly service and good food. However we would never recommend this to anyone again. | Located in Colombo 07, directly across from Thurstan College, this restaurant may have an older ambiance but is well-maintained and clean. There are plenty of seating options, and the menu offers a great selection of Chinese dishes. The portions are generous and the taste is excellent. I recommend checking with the staff about portion sizes before ordering, as most dishes are meant to be shared rather than served as single portions. The service is good overall, although there can be slight delays when large groups arrive.

Overall, this is one of the best places for a delicious and affordable lunch with friends or family – definitely worth a visit! | Flower Drum has been my always go-to place since 1999, and that itself says everything. Over the years, the food quality, consistency, and overall experience have never disappointed.

A special mention to Shaminda, the manager, who is doing a truly wonderful job. His professionalism, attention to detail, and genuine care for customers make every visit special. The entire team is incredibly friendly and welcoming  they treat me like family every single week I visit.

It’s rare to find a place that maintains this level of excellence for decades. Flower Drum is not just a restaurant to me; it’s a place full of memories, warmth, and great food. Highly recommended, always.",4.2,2026-05-02T08:06:56.971627+00:00
ChIJt-EYSj9Z4joRCj14oyP0-VY,The Bavarian German Restaurant and pub,"11 Galle Face Terrace, Colombo 00300, Sri Lanka",6.920606299999999,79.8468364,4.4,2262.0,3.0,62.4,"establishment, food, point_of_interest, restaurant",0112 421 577,,True,5,"Had the Chicken and Mushroom Melt Burger , Chicken Sausages with Mustard and Sauerkraut , Cappuccino and Cinderella.

The  Burger and Chicken sausages were really good. Although the Sausages potion could be bit bigger for the price.

Cappuccino and Cinderella was tasty.

Atmosphere at the restaurant was very nice.

Eventhough the staff was very busy, they were friendly, professional and supportive. | A proper German restaurant in Sri Lanka
You can try German beer and have great steak.
Service is great most of the times it's crowded so food will be late.
If you are in a hurry not recommended here
Place is quite cozy.
Food and drink is expensive but quality.
The have valet parking. | After every visit to Sri Lanka, visiting Bavarian for my first dinner has become a cute little tradition for me. Hands down the best German Restaurant in Sri Lanka. Their meat platter is my utmost favourite. Food and service is 10/10. Undoubtedly the best dinner hang out place ever for me. | Flavourful, hearty meals with generous portions, delicious, but so filling you’re already stuffed halfway through.
We had the pork meatballs, crispy chicken burger, grilled chicken burger, chicken cordon bleu, pork burger, pork meatballs and potato pancakes.
They never disappoint as tastewise they are always consistent. | Except for Happy Hours which is from 5pm to 7pm on weekdays, you need to make a reservation in advance (at least a day in advance) for the rest of the times.
I had a Lion Stout beer which I really liked the taste and the alcohol content was 8%, accompanied by fries which were ripe and tasty and not spicy.
The staff was great, everyone is friendly and warm.
The atmosphere is also nice.",4.8,2026-05-02T08:06:56.971627+00:00
ChIJqTjhLkFa4joRnrerqonL-L0,Methra Restaurant,"City Building Two, 165 B120, Nugegoda 10250, Sri Lanka",6.8742828,79.8915,4.1,114.0,,51.4,"establishment, food, point_of_interest, restaurant",0112 769 825,,True,5,"Good food nice friendly fast service | Only rating the takeaway experience here.
The food is amazing and the portions are very generous. 1 large fried rice or similar rice is more than enough for 3 people.
The price is 980 rupees for a a seafood rice or mix rice pack. My favourite is the seafood rice pack. | Very cheap but a nice place with good food for affordable prices. Personally do not recommend ground floor bar for ladies but the first floor family restaurant is more than ok. Family restaurant almost has the same menu as the ground floor bar but the prices are bit high but its worth it if you like an A/C area and much quite environment | Nice place to have dinner with beer. | Lovely food. Must try the veggie friedrice and hot butter cuttlefish . The best i have had so far. Recommend to order over the phone and takeaway.",5.0,2026-05-02T08:06:56.971627+00:00
